,host_name,host_since,host_response_rate,host_acceptance_rate,host_is_superhost,host_neighbourhood,host_listings_count,host_total_listings_count,host_has_profile_pic,host_identity_verified,hv_None,hv_email,hv_facebook,hv_google,hv_government_id,hv_identity_manual,hv_jumio,hv_kba,hv_manual_offline,hv_manual_online,hv_offline_government_id,hv_phone,hv_photographer,hv_reviews,hv_selfie,hv_sent_id,hv_work_email,response_few_days,response_few_hours,response_within_day,response_within_hour,host_id,reviews_per_month,room_Entire home/apt,room_Hotel room,room_Private room,room_Shared room
0,Marilyn,4702.0,,,0,,1.0,1.0,1,1,0,1,1,0,1,0,1,0,0,0,1,1,0,1,0,0,0,0,0,0,0,1147,0.0,0,0,1,0
1,Jack,4538.0,,,0,,1.0,1.0,1,0,0,1,0,0,0,0,0,0,0,0,0,1,0,1,0,0,0,0,0,0,0,6383,0.14,1,0,0,0
2,Michele,4455.0,,19%,1,,0.0,0.0,1,1,0,0,0,0,0,0,0,1,0,0,0,1,0,1,0,0,0,0,0,0,0,12172,4.69,0,0,1,0
3,Diana,4378.0,100%,56%,1,,16.0,16.0,1,1,0,1,0,0,1,1,0,1,0,0,1,1,0,1,1,0,0,0,0,0,1,22296,2.82,0,0,6,1
4,Russ,4299.0,50%,71%,0,,0.0,0.0,1,1,0,1,0,0,1,1,1,1,0,0,1,1,0,1,1,0,0,0,0,1,0,36601,0.24,1,0,1,0
5,Ellen,4286.0,,100%,0,,1.0,1.0,1,1,0,1,1,0,1,1,1,0,0,0,0,1,0,1,1,0,1,0,0,0,0,39713,1.19,1,0,0,0
6,Jaime,4246.0,100%,87%,1,,1.0,1.0,1,1,0,1,0,0,0,0,0,1,0,0,0,1,0,1,0,0,0,0,0,0,1,49635,2.74,1,0,0,0
7,Adam,4163.0,100%,100%,1,North Nashville,6.0,6.0,1,1,0,1,1,0,1,0,1,0,0,0,0,1,0,1,0,0,1,0,0,0,1,72156,15.510000000000002,3,0,4,0
8,Lori,4130.0,,88%,0,,1.0,1.0,1,1,0,1,0,0,0,0,0,1,0,0,0,1,0,1,0,0,0,0,0,0,0,83996,7.01,0,0,1,0
9,Nell,4106.0,100%,100%,1,,1.0,1.0,1,1,0,1,1,0,0,0,0,1,0,0,0,1,0,1,0,0,0,0,0,0,1,95811,3.87,0,0,1,0
10,Cynthia,4068.0,100%,100%,1,,1.0,1.0,1,0,0,1,0,0,0,0,0,1,0,0,0,1,0,1,0,0,0,0,0,0,1,113637,2.12,1,0,0,0
11,Dana,4058.0,100%,100%,1,,1.0,1.0,1,1,0,1,0,0,1,1,0,1,0,0,1,1,0,1,1,0,0,0,0,0,1,119023,0.52,1,0,0,0
12,TrueAvenue,4047.0,100%,96%,0,Talbot's Corner,35.0,35.0,1,1,0,1,0,0,1,1,1,0,0,0,0,1,0,1,1,0,1,0,0,0,1,126174,53.25,33,0,0,0
13,Spencer,4021.0,100%,95%,1,Culver City,6.0,6.0,1,1,0,1,1,0,0,0,0,1,0,0,0,1,0,1,0,0,1,0,0,0,1,142776,3.21,3,0,0,0
14,Evelyn,3984.0,,67%,1,,2.0,2.0,1,1,0,1,0,0,0,0,0,1,0,0,0,1,0,1,0,0,0,0,0,0,0,171184,6.82,1,0,0,0
15,Fatima,3974.0,,44%,1,,3.0,3.0,1,0,0,1,0,0,0,0,0,1,0,0,0,1,0,1,0,0,1,0,0,0,0,184150,0.46,1,0,1,0
16,Fairlight,3968.0,100%,96%,1,,1.0,1.0,1,1,0,1,1,0,0,0,0,1,0,0,0,1,0,1,0,0,1,0,0,0,1,190175,1.84,1,0,0,0
17,Caitlin,3859.0,100%,100%,0,,2.0,2.0,1,1,0,1,1,0,1,0,1,1,0,0,1,1,0,1,0,0,1,0,0,0,1,293488,7.8100000000000005,2,0,0,0
18,Amad,3852.0,,,0,,1.0,1.0,1,1,0,1,1,0,1,1,1,0,0,0,1,1,0,0,1,0,0,0,0,0,0,300915,0.26,1,0,0,0
19,Ryan,3847.0,,50%,0,Joelton,0.0,0.0,1,1,0,1,1,0,1,0,1,0,0,0,0,1,0,1,0,0,1,0,0,0,0,307619,0.0,1,0,0,0
20,Reservations,3834.0,94%,99%,1,McKissack Park,22.0,22.0,1,1,0,1,0,0,1,1,0,1,0,0,1,1,0,1,1,0,1,0,0,0,1,319913,10.699999999999998,22,0,0,0
21,Erika & Mike,3779.0,,,1,,1.0,1.0,1,1,0,1,1,0,0,0,0,1,0,0,0,1,0,1,0,0,0,0,0,0,0,382371,2.47,1,0,0,0
22,Kristina,3776.0,100%,87%,0,,3.0,3.0,1,1,0,1,1,0,0,0,0,1,0,0,0,1,0,1,0,0,0,0,0,0,1,387150,1.65,2,0,0,0
23,Rabbu,3771.0,100%,98%,0,Plaza Midwood,104.0,104.0,1,1,0,1,0,0,1,1,1,1,0,0,1,1,0,1,1,0,0,0,0,0,1,395614,2.4699999999999998,7,0,0,0
24,Angela,3745.0,100%,98%,0,,4.0,4.0,1,1,0,1,1,0,0,0,0,1,0,0,0,1,0,1,0,0,0,0,0,0,1,441439,6.62,3,0,1,0
25,Crystal,3735.0,88%,59%,0,Kapalua,86.0,86.0,1,1,0,1,0,0,1,0,1,0,0,0,0,1,0,1,0,0,0,0,1,0,0,461037,0.0,2,0,0,0
26,Michael,3704.0,100%,100%,1,,1.0,1.0,1,1,0,1,0,0,1,0,1,0,0,0,0,1,0,1,0,0,0,0,0,0,1,532828,6.37,1,0,0,0
27,Sara Jane,3693.0,100%,100%,0,,9.0,9.0,1,1,0,1,0,0,1,0,1,0,0,0,1,1,0,1,0,0,0,0,0,0,1,558742,0.63,0,0,4,0
28,Drew & Brittany,3685.0,100%,89%,1,,1.0,1.0,1,1,0,1,1,0,1,0,1,1,0,0,0,1,0,1,0,0,0,0,0,0,1,584791,5.01,1,0,0,0
29,Alece,3682.0,,100%,1,,18.0,18.0,1,1,0,1,0,1,1,0,0,1,0,0,1,1,0,1,1,0,1,0,0,0,0,593556,25.08,11,0,0,0
30,Jennifer,3672.0,100%,100%,0,Downtown,2.0,2.0,1,1,0,1,1,0,1,0,0,0,0,0,1,1,0,1,0,0,1,0,0,0,1,629420,1.0,1,0,0,0
31,Jeff,3672.0,100%,98%,0,Talbot's Corner,2.0,2.0,1,1,0,1,1,0,1,1,1,0,0,0,1,1,0,1,1,0,0,0,0,0,1,629856,3.02,1,0,0,0
32,Krystelle,3668.0,100%,100%,0,Historic Waverly,0.0,0.0,1,1,0,1,1,0,1,0,1,0,0,0,0,1,0,1,0,0,0,0,0,0,1,642826,0.0,1,0,0,0
33,Michael,3667.0,100%,100%,0,,2.0,2.0,1,1,0,1,1,0,1,1,0,1,0,0,1,1,0,1,1,0,1,0,1,0,0,648993,1.3,2,0,0,0
34,Dave And Peggy,3662.0,0%,0%,0,,4.0,4.0,1,1,0,1,1,0,1,0,0,1,0,0,1,1,0,1,0,0,0,1,0,0,0,666322,0.6,2,0,0,0
35,Nicole,3662.0,100%,100%,1,,0.0,0.0,1,1,0,1,0,0,0,0,0,1,0,0,0,1,0,1,0,0,0,0,0,0,1,667049,4.64,1,0,0,0
36,Jessica,3661.0,,,0,,1.0,1.0,1,1,0,1,1,0,1,0,1,0,0,0,1,1,0,0,0,0,0,0,0,0,0,669000,0.0,0,0,1,0
37,John Mark,3645.0,100%,100%,1,,2.0,2.0,1,1,0,1,0,0,1,1,1,0,0,0,1,1,0,1,1,0,0,0,0,0,1,733538,1.98,1,0,1,0
38,Sophie And Carwil,3643.0,,,0,,2.0,2.0,1,0,0,1,0,0,0,0,0,1,0,0,0,1,0,1,0,0,0,0,0,0,0,739537,0.06,0,0,1,0
39,Patricia And John,3625.0,100%,100%,1,South Miami Heights,12.0,12.0,1,1,0,1,1,0,1,0,1,0,0,0,0,1,0,1,0,0,0,0,0,0,1,812128,1.0,1,0,6,0
40,Blake,3624.0,100%,50%,0,,1.0,1.0,1,1,0,1,0,0,0,0,0,1,0,0,0,1,0,1,0,0,1,0,0,1,0,814851,0.69,1,0,0,0
41,Greg And Stephanie,3614.0,100%,100%,1,,1.0,1.0,1,1,0,1,1,0,0,0,0,1,0,0,0,1,0,1,0,0,0,0,0,0,1,858468,5.07,1,0,0,0
42,Tiffany,3608.0,100%,100%,0,,1.0,1.0,1,1,0,1,1,0,0,0,0,1,0,0,0,1,0,1,0,0,1,0,1,0,0,890314,0.38,1,0,0,0
43,Margot,3601.0,100%,93%,0,Shelby Hills,0.0,0.0,1,1,0,1,1,0,1,0,1,0,0,0,1,1,0,1,0,0,0,0,0,0,1,924680,1.11,1,0,0,0
44,Debby,3600.0,,100%,1,,1.0,1.0,1,1,0,1,1,0,0,0,0,1,0,0,0,1,0,1,0,0,0,0,0,0,0,931636,2.14,1,0,0,0
45,Jeff,3598.0,100%,90%,1,,1.0,1.0,1,0,0,1,1,0,0,0,0,0,0,0,0,1,0,1,0,0,0,0,0,0,1,941615,0.93,1,0,0,0
46,Larissa,3598.0,100%,89%,1,,2.0,2.0,1,1,0,1,1,0,1,0,0,1,0,0,1,1,0,1,1,0,0,0,0,1,0,941890,0.17,1,0,0,0
47,Allison,3598.0,100%,100%,1,,1.0,1.0,1,1,0,1,0,0,0,0,0,1,0,0,0,1,0,1,0,0,0,0,0,0,1,942495,5.57,1,0,0,0
48,Whitney,3586.0,100%,83%,1,,1.0,1.0,1,1,0,1,0,0,1,1,1,0,0,0,0,1,0,1,1,0,0,0,0,0,1,996983,0.9,1,0,0,0
49,Benjamin,3585.0,100%,100%,1,,0.0,0.0,1,1,0,1,0,0,1,0,0,0,0,0,1,1,0,0,0,0,0,0,0,0,1,1002405,11.34,1,0,0,0
50,Ross And Leah,3582.0,100%,100%,1,,1.0,1.0,1,1,0,1,1,0,1,0,0,1,0,0,1,1,0,1,0,0,0,0,0,0,1,1014683,3.23,1,0,0,0
51,Cayla,3574.0,100%,100%,1,,1.0,1.0,1,1,0,1,0,0,1,0,1,0,0,0,0,1,0,1,0,0,0,0,0,0,1,1099118,1.97,1,0,0,0
52,Julie,3561.0,100%,96%,1,,1.0,1.0,1,1,0,1,1,0,1,0,0,1,0,0,1,1,0,1,0,0,0,0,0,0,1,1155456,3.11,1,0,0,0
53,Jacob And Bonnie,3555.0,,67%,1,East Nashville,2.0,2.0,1,1,0,1,0,0,1,1,1,0,0,0,0,1,0,1,1,0,0,0,0,0,0,1187056,0.0,2,0,0,0
54,Rachel,3553.0,100%,,1,,3.0,3.0,1,1,0,1,1,0,0,0,0,1,0,0,0,1,0,1,0,0,0,0,0,0,1,1196712,0.32999999999999996,0,0,3,0
55,Chelsea,3549.0,100%,100%,1,Woodland in Waverly,1.0,1.0,1,1,0,1,0,0,0,0,0,1,0,0,0,1,0,1,0,0,0,0,0,0,1,1213303,0.35,1,0,0,0
56,Damani,3543.0,100%,98%,0,,1.0,1.0,1,1,0,1,0,0,1,0,1,1,0,0,0,1,0,1,0,0,1,0,0,0,1,1238382,2.46,1,0,0,0
57,Brett,3542.0,100%,89%,1,Studio City,3.0,3.0,1,1,0,1,0,0,1,0,1,0,0,0,0,1,0,1,0,0,0,0,0,0,1,1244037,0.09,1,0,0,0
58,Aaron,3504.0,,86%,1,,2.0,2.0,1,1,0,1,1,0,1,1,1,0,0,0,1,1,0,1,1,0,1,0,0,0,0,1393599,0.69,0,0,1,0
59,Andrew & Rachel,3488.0,100%,96%,1,Urbandale Nations,4.0,4.0,1,1,0,1,0,1,1,0,1,1,0,0,1,1,0,1,0,0,0,0,0,0,1,1445093,20.06,15,0,0,0
60,Kevin,3488.0,100%,96%,1,,0.0,0.0,1,1,0,1,0,0,0,0,0,1,0,0,0,1,0,1,0,0,1,0,0,0,1,1445577,0.71,1,0,0,0
61,Jessi,3487.0,,,0,Center City,2.0,2.0,1,1,0,1,1,0,0,0,0,1,0,0,0,1,0,1,0,0,1,0,0,0,0,1447838,0.13,1,0,0,0
62,Mike,3485.0,100%,91%,1,Northside,3.0,3.0,1,1,0,1,1,0,0,0,0,1,0,0,0,1,0,1,0,0,1,0,0,0,1,1455661,1.21,1,0,0,0
63,Christina,3483.0,71%,25%,0,Lockeland Springs,0.0,0.0,1,1,0,1,0,0,1,0,1,0,0,0,0,1,0,1,1,0,0,0,1,0,0,1461459,0.0,1,0,0,0
64,Lindsey,3478.0,100%,50%,1,,2.0,2.0,1,1,0,1,0,0,1,0,0,1,0,0,1,1,0,1,1,0,0,0,1,0,0,1476255,1.02,1,0,0,0
65,Guillaume,3470.0,100%,100%,1,,0.0,0.0,1,1,0,1,1,0,1,0,1,0,0,0,0,1,0,1,0,0,0,0,0,0,1,1503417,7.58,1,0,0,0
66,Karen,3466.0,,100%,1,Rosebank,1.0,1.0,1,1,0,1,1,0,1,0,1,1,0,0,0,1,0,1,0,0,0,0,0,0,0,1515903,0.46,0,0,2,0
67,Mary,3457.0,100%,48%,1,Williamsburg,3.0,3.0,1,0,0,1,0,0,0,0,0,1,0,0,0,1,0,1,0,0,1,0,0,0,1,1539109,3.01,3,0,0,0
68,Brandon,3456.0,100%,100%,1,Hope Gardens,4.0,4.0,1,1,0,1,0,0,1,0,1,1,0,0,1,1,0,1,0,0,1,0,0,0,1,1542713,9.85,4,0,0,0
69,Kurt,3455.0,100%,95%,1,,1.0,1.0,1,1,0,1,1,0,1,1,1,0,0,0,0,1,0,1,1,0,0,0,0,0,1,1547584,2.2,0,0,1,0
70,Stephanie,3452.0,100%,100%,0,Haynes Park,3.0,3.0,1,1,0,1,0,0,1,1,0,1,0,0,1,1,0,1,1,0,0,0,0,0,1,1554315,1.24,2,0,0,0
71,Amy,3449.0,100%,99%,1,,8.0,8.0,1,1,0,1,0,0,0,0,0,1,0,0,0,1,0,1,0,0,1,0,0,0,1,1567001,3.58,2,0,2,0
72,Bradley,3440.0,100%,94%,0,,1.0,1.0,1,1,0,1,0,0,1,0,0,1,0,0,1,1,0,1,0,0,0,0,0,0,1,1601928,0.47,0,0,1,0
73,Alta,3427.0,100%,98%,1,,1.0,1.0,1,1,0,1,0,0,0,0,0,1,0,0,0,1,0,1,0,0,1,0,0,0,1,1657188,3.47,1,0,0,0
74,Georgia,3423.0,100%,90%,1,,0.0,0.0,1,1,0,1,0,0,1,0,0,1,0,0,1,1,0,1,0,0,1,0,0,1,0,1673745,0.95,1,0,0,0
75,Carlos And Cheryl,3421.0,100%,98%,1,,4.0,4.0,1,1,0,1,0,0,0,0,0,1,0,0,0,1,0,1,0,0,0,0,0,0,1,1683708,13.040000000000001,4,0,0,0
76,Rick,3421.0,100%,99%,1,,7.0,7.0,1,1,0,1,0,0,0,0,0,0,0,0,0,1,0,1,0,1,0,0,0,0,1,1684051,29.07,6,0,0,0
77,Ric,3419.0,100%,96%,0,,1.0,1.0,1,1,0,1,1,0,0,0,0,1,0,0,0,1,0,1,0,0,0,0,0,0,1,1694822,1.01,0,0,1,0
78,Anna,3415.0,100%,100%,1,,3.0,3.0,1,1,0,1,0,0,0,0,0,1,0,0,0,1,0,1,0,0,0,0,0,0,1,1713655,4.18,1,0,0,0
79,Kristin,3412.0,100%,69%,1,,4.0,4.0,1,1,0,1,0,0,1,1,1,1,0,0,1,1,0,1,1,0,0,0,0,0,1,1732661,3.92,3,0,0,0
80,Anna,3406.0,,100%,1,,1.0,1.0,1,1,0,1,0,0,1,0,0,0,0,0,1,1,0,1,1,0,1,0,0,0,0,1763672,1.89,1,0,0,0
81,Christopher,3402.0,,,0,,1.0,1.0,1,1,0,1,0,1,1,1,0,1,0,0,1,1,0,1,1,0,0,0,0,0,0,1780117,0.36,1,0,0,0
82,Jon,3400.0,100%,75%,1,,3.0,3.0,1,1,0,1,0,0,1,1,1,0,0,0,0,1,0,1,1,0,0,0,0,0,1,1790917,0.45999999999999996,0,0,2,0
83,Parker,3399.0,100%,86%,0,,4.0,4.0,1,1,0,1,0,0,1,0,1,0,0,0,1,1,0,1,0,0,0,0,0,0,1,1800236,0.76,1,0,0,0
84,Suzanne,3395.0,100%,92%,1,,3.0,3.0,1,1,0,1,1,0,0,0,0,1,0,0,0,1,0,1,0,0,0,0,1,0,0,1818688,1.62,1,0,0,0
85,Samantha,3395.0,100%,99%,1,,3.0,3.0,1,1,0,1,1,0,0,0,0,1,0,0,0,1,0,1,0,0,0,0,0,0,1,1819471,2.14,1,0,0,0
86,Caitlin,3391.0,,,0,Conservatory,2.0,2.0,1,1,0,1,1,0,1,1,1,1,0,0,1,1,0,1,1,0,1,0,0,0,0,1842128,0.19,1,0,0,0
87,Kimberly + Derrick,3388.0,,100%,0,,1.0,1.0,1,1,0,1,1,0,1,0,0,1,0,0,1,1,0,1,1,0,0,0,0,0,0,1863505,1.27,2,0,0,0
88,D. Jann,3387.0,,,0,,1.0,1.0,1,0,0,1,1,1,0,0,0,1,0,0,0,1,0,0,0,0,0,0,0,0,0,1870071,0.23,1,0,0,0
89,John And Mike,3383.0,100%,97%,1,,1.0,1.0,1,0,0,1,0,0,0,0,0,1,0,0,0,1,0,1,0,0,0,0,0,0,1,1896384,4.63,1,0,0,0
90,Mary,3379.0,100%,94%,1,,1.0,1.0,1,1,0,1,0,0,1,0,1,0,0,0,0,1,0,1,0,0,1,0,0,0,1,1919404,2.04,1,0,0,0
91,Kyle,3376.0,,,0,,1.0,1.0,1,1,0,1,0,0,0,0,0,1,0,0,0,1,0,1,0,0,0,0,0,0,0,1937893,0.0,1,0,0,0
92,Debbie & Bill,3375.0,100%,100%,1,,2.0,2.0,1,1,0,1,0,0,1,0,0,1,0,0,1,1,0,1,0,0,1,0,0,0,1,1954274,5.0,1,0,0,0
93,Tim & Suzy,3367.0,100%,99%,1,,7.0,7.0,1,1,0,1,1,0,1,0,0,1,0,0,1,1,0,1,0,0,1,0,0,0,1,2012989,7.96,2,0,1,0
94,Janell,3362.0,,,0,,1.0,1.0,1,1,0,1,1,0,1,1,1,0,0,0,1,1,0,1,1,0,0,0,0,0,0,2043052,0.03,0,0,1,0
95,Lisa,3359.0,100%,99%,0,,5.0,5.0,1,1,0,1,1,0,1,0,1,0,0,0,0,1,0,1,0,0,0,0,0,0,1,2066370,1.92,2,0,0,0
96,Chrissy,3358.0,0%,100%,0,,3.0,3.0,1,1,0,1,0,0,1,1,1,1,0,0,1,1,0,1,1,0,1,1,0,0,0,2069988,0.21,1,0,0,0
97,Lee Beth,3349.0,100%,96%,1,,1.0,1.0,1,1,0,1,0,0,1,0,1,1,0,0,1,1,0,1,0,0,0,0,0,0,1,2130780,1.82,1,0,0,0
98,Kyah,3334.0,100%,94%,1,,1.0,1.0,1,1,0,1,0,0,0,0,0,1,0,0,0,1,0,1,0,0,0,0,0,0,1,2245687,1.67,1,0,0,0
99,Susan,3331.0,100%,100%,1,,3.0,3.0,1,1,0,1,1,0,1,0,0,1,0,0,1,1,0,1,1,0,1,0,0,0,1,2261799,9.34,0,0,2,0
100,Debbie And Glenn,3330.0,100%,97%,0,,7.0,7.0,1,1,0,1,1,1,0,0,0,1,0,0,0,1,0,1,0,0,0,0,0,0,1,2275056,9.08,5,0,0,0
101,Gowri,3324.0,100%,88%,1,,2.0,2.0,1,1,0,1,0,0,1,1,0,1,0,0,1,1,0,1,1,0,0,0,0,0,1,2326212,6.42,0,0,1,0
102,Austin & Amanda,3322.0,100%,100%,1,,1.0,1.0,1,1,0,1,1,1,0,0,0,1,0,0,0,1,0,1,0,0,0,0,0,0,1,2342488,4.67,1,0,0,0
103,Mary (And Joe),3321.0,100%,96%,1,,1.0,1.0,1,1,0,1,0,0,1,0,1,0,0,0,0,1,0,1,0,0,0,0,1,0,0,2347991,3.45,1,0,0,0
104,Locale,3318.0,100%,97%,1,Rainey Street,24.0,24.0,1,1,0,1,0,0,1,1,0,1,0,0,1,1,0,1,1,0,0,0,0,0,1,2370669,22.24,7,3,0,0
105,Kirk,3314.0,100%,100%,1,East Nashville,0.0,0.0,1,1,0,1,0,0,1,1,1,0,0,0,1,1,0,1,1,0,0,0,0,0,1,2407507,4.48,1,0,0,0
106,Dody &Rodney,3311.0,,100%,1,,3.0,3.0,1,1,0,1,1,0,1,0,1,0,0,0,1,1,0,1,0,0,0,0,0,0,0,2427763,6.5,1,0,2,0
107,Stephen,3309.0,100%,99%,1,McKissack Park,3.0,3.0,1,1,0,0,0,0,1,1,1,0,0,0,1,1,0,0,1,0,1,0,0,0,1,2442207,10.969999999999999,6,0,0,0
108,Jasmine,3309.0,100%,100%,1,Downtown,2.0,2.0,1,1,0,1,0,0,1,0,1,0,0,0,1,1,0,0,1,0,0,0,0,0,1,2449215,5.609999999999999,2,0,0,0
109,Amy,3309.0,87%,98%,0,,6.0,6.0,1,1,0,1,0,0,1,0,0,1,0,0,1,1,0,0,1,0,0,0,0,0,1,2449922,12.4,5,0,0,0
110,Lisa,3306.0,100%,90%,1,,1.0,1.0,1,1,0,1,0,0,0,0,0,1,0,0,0,1,0,1,0,0,1,0,0,1,0,2467447,3.47,1,0,0,0
111,Thomas,3305.0,100%,,0,Richland,1.0,1.0,1,1,0,1,0,1,0,0,0,1,0,0,0,1,0,0,0,0,0,0,0,0,1,2475498,0.0,1,0,0,0
112,Sandy,3304.0,100%,98%,1,,2.0,2.0,1,1,0,1,0,0,0,0,0,1,0,0,0,1,0,1,0,0,0,0,0,0,1,2482996,7.4399999999999995,2,0,0,0
113,Jocelyne,3302.0,,,0,,0.0,0.0,1,1,0,1,0,0,1,0,1,1,0,0,0,1,0,1,0,0,0,0,0,0,0,2506407,0.38,0,0,2,0
114,Shayna,3300.0,80%,90%,0,,2.0,2.0,1,1,0,1,1,0,1,0,1,0,0,0,1,1,0,0,0,0,0,0,1,0,0,2518335,0.16,2,0,0,0
115,Lori,3298.0,,,0,,1.0,1.0,1,1,0,1,1,0,0,0,0,1,0,0,0,1,0,1,0,0,1,0,0,0,0,2530554,0.28,0,0,1,0
116,Stephanie,3294.0,100%,100%,1,,1.0,1.0,1,0,0,1,0,0,0,0,0,1,0,0,0,1,0,1,0,0,1,0,0,0,1,2575655,2.28,1,0,0,0
117,Darla,3290.0,,,0,,1.0,1.0,1,1,0,1,0,0,1,1,1,0,0,0,0,1,0,1,1,0,0,0,0,0,0,2603785,0.02,0,0,1,0
118,Ted,3288.0,,100%,0,,0.0,0.0,1,0,0,1,0,0,0,0,0,1,0,0,0,1,0,1,0,0,0,0,0,0,0,2625750,0.07,1,0,0,0
119,Amarilis,3287.0,,100%,1,,2.0,2.0,1,1,0,1,0,0,0,0,0,1,0,0,0,1,0,1,0,0,1,0,0,0,0,2639600,1.99,1,0,1,0
120,Nikhil,3285.0,100%,100%,1,,2.0,2.0,1,1,0,1,0,0,0,0,0,1,0,0,0,1,0,1,0,0,0,0,1,0,0,2654084,0.07,1,0,0,0
121,Yeva & Igor,3285.0,90%,91%,1,,5.0,5.0,1,0,0,1,1,0,0,0,0,1,0,0,0,1,0,1,0,0,0,0,1,0,0,2655902,3.42,0,0,2,0
122,Lisa And Robert,3283.0,100%,100%,1,Lockeland Springs,2.0,2.0,1,1,0,1,0,0,0,0,0,1,0,0,0,1,0,1,0,0,0,0,0,0,1,2674660,5.220000000000001,4,0,0,0
123,Alissa,3276.0,100%,92%,1,,1.0,1.0,1,1,0,1,0,0,1,0,1,0,0,0,0,1,0,0,0,0,0,0,0,0,1,2740425,2.18,1,0,0,0
124,Audi,3274.0,100%,98%,1,,1.0,1.0,1,1,0,1,0,1,1,1,1,0,0,0,1,1,0,1,1,0,0,0,0,0,1,2762432,3.52,1,0,0,0
125,Lori,3274.0,100%,92%,1,,2.0,2.0,1,1,0,1,0,0,1,1,1,0,0,0,1,1,0,1,1,0,0,0,0,0,1,2765736,6.44,0,0,1,0
126,Kristin,3270.0,100%,89%,1,,3.0,3.0,1,1,0,1,1,0,0,0,0,1,0,0,0,1,0,1,0,0,0,0,0,0,1,2800334,2.3600000000000003,2,0,0,0
127,Stephanie,3266.0,100%,50%,0,East Nashville,0.0,0.0,1,1,0,1,1,0,1,0,1,0,0,0,0,1,0,1,0,0,0,0,0,1,0,2844858,0.27,1,0,0,0
128,Amy,3262.0,100%,,0,,1.0,1.0,1,1,0,1,1,0,0,0,0,1,0,0,0,1,0,1,0,0,1,0,1,0,0,2879960,1.06,1,0,0,0
129,Todd,3261.0,100%,100%,0,,1.0,1.0,1,1,0,1,1,0,1,1,0,1,0,0,1,1,0,1,1,0,0,0,0,0,1,2898020,0.36,1,0,0,0
130,Brad,3259.0,100%,73%,0,,0.0,0.0,1,1,0,1,1,0,0,0,0,1,0,0,0,1,0,1,0,0,1,0,0,1,0,2915436,0.45,1,0,0,0
131,Rebecca,3246.0,,,0,,1.0,1.0,1,1,0,1,1,0,0,0,0,1,0,0,0,1,0,1,0,0,0,0,0,0,0,3055422,0.06,1,0,0,0
132,Sean & Paige,3239.0,,100%,1,,1.0,1.0,1,1,0,1,1,1,1,0,1,1,0,0,1,1,0,1,0,0,1,0,0,0,0,3126399,3.41,1,0,0,0
133,Caitlin,3239.0,100%,96%,1,,1.0,1.0,1,1,0,1,1,0,1,0,1,1,0,0,1,1,0,1,0,0,0,0,0,0,1,3127108,4.03,1,0,0,0
134,Robyn,3227.0,100%,100%,0,,1.0,1.0,1,1,0,1,1,1,0,0,0,1,0,0,0,1,0,1,0,0,1,0,0,0,1,3250769,3.69,0,0,1,0
135,Svetlana,3225.0,100%,98%,1,,1.0,1.0,1,1,0,1,1,0,0,0,0,1,0,0,0,1,0,1,0,0,0,0,0,0,1,3269853,6.4,2,0,0,0
136,Faith,3223.0,90%,95%,1,Maxwell,4.0,4.0,1,1,0,1,0,0,1,0,1,0,0,0,1,1,0,0,0,0,1,0,0,0,1,3293804,1.25,3,0,0,0
137,Heidi,3222.0,,,0,,2.0,2.0,1,1,0,1,1,1,0,0,0,1,0,0,0,1,0,1,0,0,0,0,0,0,0,3298595,0.64,0,0,2,0
138,Mel,3220.0,,75%,0,,2.0,2.0,1,1,0,1,0,0,0,0,0,1,0,0,0,1,0,1,0,0,0,0,0,0,0,3323236,0.57,1,0,0,0
139,Alex From Abode,3219.0,89%,96%,0,Downtown,120.0,120.0,1,1,0,1,0,0,1,1,1,1,0,0,1,1,0,1,1,0,0,0,0,0,1,3324376,16.900000000000002,10,0,0,0
140,Lauren,3217.0,,,1,,1.0,1.0,1,1,0,1,1,0,1,0,0,0,0,0,1,1,0,1,1,0,0,0,0,0,0,3351098,0.61,1,0,0,0
141,Jo,3214.0,83%,100%,1,,0.0,0.0,1,1,0,1,1,0,0,0,0,1,0,0,0,1,0,1,0,0,0,0,0,1,0,3375180,1.84,1,0,0,0
142,Virginia,3213.0,100%,99%,1,,2.0,2.0,1,1,0,1,1,0,1,0,1,0,0,0,1,1,0,1,0,0,0,0,0,0,1,3394767,4.04,1,0,0,0
143,John,3210.0,100%,69%,1,,1.0,1.0,1,1,0,1,0,0,1,1,1,0,0,0,1,1,0,1,1,0,0,0,0,0,1,3422455,2.65,1,0,0,0
144,Millie,3209.0,100%,100%,1,Lockeland Springs,0.0,0.0,1,1,0,1,0,0,1,0,1,0,0,0,0,1,0,1,0,0,0,0,0,0,1,3433181,4.5,1,0,0,0
145,Tiffany,3205.0,100%,69%,1,,1.0,1.0,1,0,0,1,1,0,0,0,0,1,0,0,0,1,0,1,0,0,0,0,0,0,1,3471162,5.49,1,0,0,0
146,Amy,3199.0,100%,100%,1,,0.0,0.0,1,1,0,1,0,0,0,0,0,1,0,0,0,1,0,1,0,0,0,0,0,0,1,3530837,2.85,1,0,0,0
147,Anna,3195.0,,0%,1,,2.0,2.0,1,1,0,1,1,0,1,0,1,0,0,0,0,1,0,1,0,0,0,0,0,0,0,3568608,2.4099999999999997,2,0,0,0
148,Hollis,3188.0,100%,100%,0,,1.0,1.0,1,1,0,1,0,0,1,0,1,0,0,0,1,1,0,1,0,0,0,0,0,0,1,3632231,0.67,1,0,0,0
149,Jonathan,3187.0,,100%,1,,0.0,0.0,1,1,0,1,1,0,1,1,1,0,0,0,1,1,0,1,1,0,0,0,0,0,0,3645195,0.72,1,0,0,0
150,Brent,3183.0,100%,100%,1,Downtown,1.0,1.0,1,1,0,1,1,0,1,0,0,0,0,0,1,1,0,0,1,0,0,0,0,0,1,3677684,4.74,1,0,0,0
151,Idel,3182.0,100%,100%,1,Vauxhall,1.0,1.0,1,0,0,0,0,0,0,0,0,0,0,0,0,1,0,0,0,0,0,0,0,0,1,3695579,6.07,1,0,0,0
152,Chaney,3176.0,100%,69%,1,,0.0,0.0,1,1,0,0,0,0,0,0,0,1,0,0,0,0,0,1,0,0,0,0,0,1,0,3751912,2.04,2,0,0,0
153,Elizabeth And Jake,3169.0,100%,33%,0,,1.0,1.0,1,1,0,1,1,0,0,0,0,1,0,0,0,1,0,1,0,0,1,0,0,0,1,3830686,0.06,1,0,0,0
154,Natasha,3168.0,100%,100%,0,Downtown,1.0,1.0,1,1,0,1,0,0,1,1,1,0,0,0,0,1,0,1,1,0,0,0,0,0,1,3839218,0.0,1,0,0,0
155,Mary Ann,3162.0,,100%,0,,2.0,2.0,1,1,0,1,0,0,1,0,1,1,0,0,1,1,0,1,0,0,0,0,0,0,0,3906442,2.83,1,0,0,0
156,Ashley,3157.0,100%,100%,1,,1.0,1.0,1,1,0,1,1,0,0,0,0,1,0,0,0,1,0,1,0,0,0,0,0,0,1,3946584,4.28,0,0,1,0
157,Mario & Liz,3155.0,100%,96%,1,,2.0,2.0,1,1,0,1,1,1,1,0,1,1,0,0,1,1,0,1,0,0,1,0,0,0,1,3968661,5.42,1,0,0,0
158,Samantha,3154.0,100%,95%,1,,1.0,1.0,1,1,0,1,0,1,0,0,0,1,0,0,0,1,0,1,0,0,0,0,0,1,0,3976976,4.02,2,0,0,0
159,Scott,3153.0,,100%,1,,1.0,1.0,1,1,0,1,0,0,1,0,0,1,0,0,1,1,0,1,0,0,0,0,0,0,0,3980928,2.77,1,0,0,0
160,Max And Cindy,3148.0,100%,100%,1,,1.0,1.0,1,1,0,1,1,1,1,1,1,0,0,0,0,1,0,1,1,0,0,0,1,0,0,4024290,1.45,1,0,0,0
161,Susan,3143.0,100%,100%,1,,1.0,1.0,1,1,0,1,1,0,1,0,1,0,0,0,0,1,0,1,0,0,1,0,1,0,0,4067187,2.94,1,0,0,0
162,Brandi,3139.0,95%,100%,1,,1.0,1.0,1,1,0,1,1,0,1,1,1,0,0,0,1,1,0,1,1,0,0,0,0,0,1,4104641,1.0,1,0,0,0
163,Ryan & Amy,3137.0,100%,98%,1,,2.0,2.0,1,1,0,1,1,0,1,1,1,1,0,0,1,1,0,1,1,0,1,0,0,0,1,4123788,2.26,1,0,0,0
164,Lauren,3135.0,90%,47%,0,Bixby Knolls,1.0,1.0,1,1,0,1,1,0,0,0,0,1,0,0,0,1,0,1,0,0,0,0,0,0,1,4141516,0.6,1,0,0,0
165,Lauren,3130.0,100%,99%,1,,2.0,2.0,1,1,0,1,1,0,1,0,0,1,0,0,1,1,0,1,1,0,0,0,0,0,1,4185313,10.39,2,0,0,0
166,Joy,3127.0,100%,99%,1,,2.0,2.0,1,1,0,1,1,0,1,1,0,1,0,0,1,1,0,1,1,0,0,0,0,0,1,4210445,3.26,1,0,0,0
167,Sarah,3126.0,100%,67%,0,,1.0,1.0,1,1,0,1,1,0,1,1,0,1,0,0,1,1,0,1,1,0,0,0,1,0,0,4216956,0.18,1,0,0,0
168,Cindy,3124.0,0%,67%,1,,2.0,2.0,1,0,0,1,1,0,0,0,0,1,0,0,0,1,0,1,0,0,0,1,0,0,0,4230130,3.45,1,0,1,0
169,12th South,3119.0,0%,100%,1,,2.0,2.0,1,1,0,1,0,0,1,0,1,0,0,0,0,1,0,1,0,0,0,1,0,0,0,4283123,1.21,1,0,0,0
170,Blake,3110.0,100%,100%,1,,1.0,1.0,1,1,0,1,0,0,1,0,1,0,0,0,0,1,0,1,0,0,0,0,0,0,1,4359004,6.55,1,0,0,0
171,Tj,3105.0,,,0,,1.0,1.0,1,1,0,1,0,0,1,1,0,1,0,0,1,1,0,1,1,0,0,0,0,0,0,4398313,0.73,1,0,0,0
172,SHO Holdings,3098.0,100%,86%,1,,1.0,1.0,1,1,0,1,0,0,1,0,0,0,0,0,1,1,0,1,0,0,0,0,1,0,0,4448719,0.62,1,0,0,0
173,Andrew,3098.0,100%,97%,0,,1.0,1.0,1,1,0,1,0,1,1,1,0,1,0,0,1,1,0,1,1,0,0,0,0,0,1,4453728,3.81,1,0,0,0
174,Jamie,3097.0,0%,,0,,0.0,0.0,1,1,0,1,0,0,1,1,1,0,0,0,1,1,0,1,1,0,0,1,0,0,0,4461108,0.35,1,0,0,0
175,Carson,3090.0,86%,100%,1,,1.0,1.0,1,1,0,1,1,0,0,0,0,1,0,0,0,1,0,1,0,0,0,0,0,0,1,4517219,1.98,1,0,0,0
176,Samantha + Paul,3082.0,100%,98%,1,,1.0,1.0,1,1,0,1,0,0,1,0,1,1,0,0,1,1,0,1,0,0,1,0,0,0,1,4596192,4.35,1,0,0,0
177,Sherbear,3078.0,100%,100%,0,Twin Lawn,0.0,0.0,1,1,0,1,0,0,0,0,0,1,0,0,0,1,0,1,0,0,0,0,0,1,0,4636984,0.43,0,0,1,0
178,Sarah,3073.0,100%,97%,1,,1.0,1.0,1,1,0,1,0,0,0,0,0,1,0,0,0,1,0,1,0,0,0,0,0,0,1,4700813,2.64,1,0,0,0
179,Kyler,3072.0,92%,88%,1,,2.0,2.0,1,1,0,1,0,0,1,0,1,1,0,0,1,1,0,1,0,0,1,0,0,0,1,4706932,4.58,1,0,0,0
180,Fene,3063.0,,,0,,1.0,1.0,1,1,0,1,1,0,0,0,0,1,0,0,0,1,0,1,0,0,0,0,0,0,0,4833894,1.88,1,0,0,0
181,Robert,3058.0,100%,97%,1,Greenwood,3.0,3.0,1,1,0,1,1,0,1,0,1,0,0,0,0,1,0,1,0,0,1,0,0,0,1,4899259,6.67,3,0,0,0
182,T & B,3057.0,100%,75%,1,,0.0,0.0,1,1,0,1,1,0,0,0,0,1,0,0,0,1,0,1,0,0,1,0,0,0,1,4906819,0.08,1,0,0,0
183,Amy,3057.0,100%,100%,1,Midtown,7.0,7.0,1,1,0,1,0,1,1,1,1,0,0,0,1,1,0,1,1,0,1,0,0,0,1,4910520,17.16,4,0,0,0
184,Lindsley,3053.0,100%,100%,0,,1.0,1.0,1,0,0,1,1,0,0,0,0,0,0,0,0,1,0,1,0,0,1,0,0,1,0,4954988,0.28,1,0,0,0
185,Dan,3053.0,100%,77%,1,,0.0,0.0,1,1,0,1,1,0,1,0,1,0,0,0,1,1,0,1,0,0,0,0,1,0,0,4956098,1.48,1,0,0,0
186,Karyn And Paulo,3052.0,100%,100%,0,,2.0,2.0,1,0,0,1,1,0,0,0,0,1,0,0,0,1,0,1,0,0,0,0,0,0,1,4962747,1.6500000000000001,2,0,0,0
187,Nathan,3050.0,100%,100%,1,,1.0,1.0,1,1,0,1,1,0,1,0,1,0,0,0,0,1,0,1,0,0,0,0,0,0,1,4983840,3.1,1,0,0,0
188,Paige,3050.0,,100%,0,,0.0,0.0,1,1,0,1,1,0,0,0,0,1,0,0,0,1,0,1,0,0,0,0,0,0,0,4988620,0.49,1,0,0,0
189,Jeannie,3050.0,100%,86%,1,,2.0,2.0,1,1,0,1,1,0,0,0,0,1,0,0,0,1,0,1,0,0,0,0,1,0,0,4995349,2.32,1,0,0,0
190,Leah & Mary,3039.0,100%,100%,1,,1.0,1.0,1,1,0,1,1,0,0,0,0,1,0,0,0,1,0,1,0,0,1,0,0,0,1,5118056,5.49,1,0,0,0
191,Amanda,3038.0,100%,100%,0,,1.0,1.0,1,1,0,1,1,0,1,0,1,0,0,0,1,1,0,1,0,0,0,0,1,0,0,5137374,1.55,1,0,0,0
192,Sheldon,3038.0,,,0,,1.0,1.0,1,1,0,1,0,0,1,1,1,1,0,0,1,1,0,1,1,0,0,0,0,0,0,5138720,0.53,1,0,0,0
193,Nealy,3037.0,94%,100%,1,,1.0,1.0,1,0,0,1,0,0,0,0,0,0,0,0,0,1,0,0,0,0,0,0,0,0,1,5147849,5.37,1,0,0,0
194,Carly,3037.0,,80%,1,,2.0,2.0,1,0,0,1,0,0,1,0,1,1,0,0,1,1,0,1,0,0,1,0,0,0,0,5151272,1.22,1,0,0,0
195,Joel,3035.0,100%,100%,1,,7.0,7.0,1,1,0,1,0,0,0,0,0,1,0,0,0,1,0,1,0,0,1,0,0,0,1,5178185,5.640000000000001,1,0,3,0
196,Paul,3031.0,,100%,1,,1.0,1.0,1,1,0,1,1,0,1,1,1,1,0,0,1,1,0,1,1,0,0,0,0,0,0,5222914,1.57,1,0,0,0
197,Amelia,3031.0,,,0,,1.0,1.0,1,0,0,1,0,0,0,0,0,1,0,0,0,1,0,1,0,0,1,0,0,0,0,5229992,0.37,1,0,0,0
198,Diane,3029.0,,,0,,1.0,1.0,1,0,0,1,0,0,1,0,1,0,0,0,0,1,0,1,0,0,1,0,0,0,0,5250143,1.74,1,0,0,0
199,Brad,3028.0,,100%,0,,1.0,1.0,1,1,0,1,0,0,1,0,1,0,0,0,0,1,0,0,0,0,0,0,0,0,0,5266710,1.3,1,0,0,0
200,Terry,3018.0,100%,97%,1,,3.0,3.0,1,0,0,1,1,0,0,0,0,1,0,0,0,1,0,1,0,0,1,0,0,0,1,5394620,3.53,1,0,1,0
201,Brad,3015.0,100%,80%,0,Upper West Side,3.0,3.0,1,1,0,1,0,0,0,0,0,1,0,0,0,1,0,1,0,0,0,0,1,0,0,5443095,1.01,1,0,0,0
202,Allen,2147.0,83%,98%,1,,1.0,1.0,1,0,0,1,0,0,0,0,0,1,0,0,0,1,0,1,0,0,0,0,1,0,0,5454894,3.97,1,0,0,0
203,Robin,3014.0,100%,100%,1,,1.0,1.0,1,1,0,1,0,0,1,1,1,0,0,0,1,1,0,1,1,0,0,0,1,0,0,5459728,2.61,1,0,0,0
204,Nancy,3014.0,,,0,,2.0,2.0,1,1,0,1,0,0,1,0,1,0,0,0,0,1,0,1,0,0,0,0,0,0,0,5461408,0.06,1,0,0,0
205,Claudia,3013.0,,50%,1,,2.0,2.0,1,0,0,1,0,0,0,0,0,1,0,0,0,1,0,1,0,0,0,0,0,0,0,5469588,1.22,1,0,0,0
206,Jacque,3008.0,100%,100%,1,,1.0,1.0,1,1,0,1,1,0,1,0,1,0,0,0,0,1,0,1,0,0,0,0,0,0,1,5554006,2.1,1,0,0,0
207,Melissa,3004.0,,,0,,1.0,1.0,1,1,0,1,1,0,1,1,1,0,0,0,1,1,0,1,1,0,0,0,0,0,0,5611748,0.21,1,0,0,0
208,Leslie,3003.0,100%,100%,1,,1.0,1.0,1,0,0,1,1,0,0,0,0,1,0,0,0,1,0,1,0,0,1,0,1,0,0,5627777,2.03,1,0,0,0
209,Michelle,3002.0,100%,99%,1,,2.0,2.0,1,1,0,1,0,0,1,1,1,0,0,0,1,1,0,1,1,0,0,0,0,0,1,5633033,3.11,1,0,0,0
210,Cole,3002.0,100%,98%,1,Talbot's Corner,0.0,0.0,1,1,0,1,0,0,1,0,0,0,0,0,1,1,0,1,1,0,0,0,0,0,1,5636774,1.66,4,0,0,0
211,Moira,2999.0,,,1,,1.0,1.0,1,1,0,1,0,0,1,1,0,0,0,0,1,1,0,0,1,0,1,0,0,0,0,5679935,0.0,0,0,1,0
212,Alyce,2996.0,100%,100%,1,,1.0,1.0,1,1,0,1,1,0,0,0,0,1,0,0,0,1,0,1,0,0,0,0,0,0,1,5721539,1.71,1,0,0,0
213,James,2996.0,100%,100%,0,Midtown,0.0,0.0,1,1,0,1,1,1,1,0,0,0,0,0,1,1,0,0,0,0,0,0,0,0,1,5726668,3.0,1,0,0,0
214,John & Jenn,2265.0,33%,71%,1,,1.0,1.0,1,1,0,1,0,0,1,1,1,0,0,0,1,1,0,1,1,0,0,1,0,0,0,5819048,4.25,1,0,0,0
215,Cassie,2987.0,79%,94%,0,,3.0,3.0,1,1,0,1,1,0,1,1,0,1,0,0,1,1,0,1,1,0,0,0,0,0,1,5868759,5.4399999999999995,1,0,2,0
216,Shannon,2979.0,100%,83%,1,Historic Edgefield,1.0,1.0,1,1,0,1,1,0,1,0,1,0,0,0,1,1,0,1,0,0,0,0,0,0,1,5992307,6.0,2,0,0,0
217,Amber & Brett,2976.0,,90%,1,,3.0,3.0,1,1,0,1,1,0,1,0,1,1,0,0,1,1,0,1,0,0,0,0,0,0,0,6032393,3.88,1,0,0,0
218,Ruthie,2975.0,,67%,0,,0.0,0.0,1,1,0,1,1,0,0,0,0,1,0,0,0,1,0,1,0,0,0,0,0,0,0,6036692,0.65,1,0,0,0
219,Beverly,2974.0,100%,88%,1,,2.0,2.0,1,1,0,1,0,0,1,0,1,0,0,0,0,1,0,1,0,0,0,0,0,0,1,6051197,1.5,1,0,0,0
220,Trevor,2973.0,,,0,,1.0,1.0,1,1,0,1,0,0,1,1,1,0,0,0,0,1,0,1,1,0,1,0,0,0,0,6077506,0.02,0,0,1,0
221,Andrew,2972.0,100%,100%,0,,4.0,4.0,1,1,0,1,1,0,0,0,0,1,0,0,0,1,0,1,0,0,1,0,0,0,1,6090673,2.59,1,0,0,0
222,Sara,2970.0,100%,98%,1,,2.0,2.0,1,0,0,1,0,0,1,0,0,1,0,0,1,1,0,1,0,0,0,0,0,0,1,6117864,4.8,1,0,0,0
223,Cory,2969.0,,,0,,1.0,1.0,1,0,0,1,0,0,0,0,0,0,0,0,0,1,0,1,0,0,0,0,0,0,0,6136502,0.04,0,0,1,0
224,Ann,2968.0,,33%,0,,1.0,1.0,1,1,0,1,0,0,1,0,1,0,0,0,0,1,0,1,0,0,1,0,0,0,0,6154341,1.66,0,0,1,0
225,Rebecca,2967.0,100%,80%,0,Urbandale Nations,0.0,0.0,1,1,0,1,1,0,0,0,0,1,0,0,0,1,0,1,0,0,1,0,0,1,0,6165441,0.61,1,0,0,0
226,Cally And  Ken,2965.0,100%,98%,1,,1.0,1.0,1,1,0,1,0,0,0,0,0,1,0,0,0,1,0,1,0,0,0,0,0,0,1,6201847,4.13,1,0,0,0
227,Terry Jo,2964.0,,,0,,1.0,1.0,1,1,0,1,1,0,1,0,1,0,0,0,0,1,0,1,0,0,0,0,0,0,0,6216127,1.02,1,0,0,0
228,Michelle,2962.0,,67%,1,,2.0,2.0,1,1,0,1,0,0,1,1,1,0,0,0,1,1,0,1,1,0,0,0,0,0,0,6233192,1.96,2,0,0,0
229,Steph,2961.0,,,1,,1.0,1.0,1,1,0,1,1,0,1,1,1,0,0,0,1,1,0,1,1,0,0,0,0,0,0,6254287,4.61,1,0,0,0
230,Hollis,2961.0,,0%,0,,1.0,1.0,1,1,0,1,1,0,0,0,0,1,0,0,0,1,0,1,0,0,0,0,0,0,0,6255713,0.17,1,0,0,0
231,John & Elisabeth,2960.0,100%,96%,1,,1.0,1.0,1,1,0,1,0,0,1,0,1,0,0,0,0,1,0,1,0,0,0,0,1,0,0,6278385,2.37,1,0,0,0
232,Lisa,2956.0,100%,69%,1,,1.0,1.0,1,1,0,1,1,0,0,0,0,1,0,0,0,1,0,1,0,0,0,0,0,0,1,6333257,0.67,1,0,0,0
233,Phil,2956.0,100%,50%,1,,2.0,2.0,1,1,0,1,1,0,0,0,0,1,0,0,0,1,0,1,0,0,0,0,0,0,1,6333545,0.5800000000000001,2,0,1,0
234,Jackie,2955.0,100%,100%,1,,1.0,1.0,1,1,0,1,0,1,1,1,0,1,0,0,1,1,0,1,1,0,1,0,1,0,0,6356415,0.99,1,0,0,0
235,James,2952.0,,,0,,1.0,1.0,1,1,0,1,0,0,1,0,1,0,0,0,0,1,0,1,0,0,0,0,0,0,0,6406162,0.04,1,0,0,0
236,Bryan And Alison,2951.0,100%,89%,1,,1.0,1.0,1,0,0,1,0,0,0,0,0,1,0,0,0,1,0,1,0,0,0,0,1,0,0,6427723,1.83,1,0,0,0
237,Virginia,2947.0,100%,100%,0,,1.0,1.0,1,0,0,1,0,0,0,0,0,1,0,0,0,1,0,1,0,0,0,0,1,0,0,6475035,0.77,1,0,0,0
238,Amanda,2947.0,,,1,,1.0,1.0,1,1,0,1,0,1,1,0,1,0,0,0,0,1,0,1,0,0,0,0,0,0,0,6488402,2.14,1,0,0,0
239,Terry And Piper,2945.0,100%,94%,1,,1.0,1.0,1,1,0,1,1,0,0,0,0,1,0,0,0,1,0,1,0,0,0,0,0,0,1,6521193,4.15,1,0,0,0
240,Elise,2945.0,100%,99%,1,Historic Edgefield,2.0,2.0,1,0,0,1,0,0,1,0,0,1,0,0,1,1,0,0,0,0,0,0,0,0,1,6529122,4.63,2,0,0,0
241,Mel,2944.0,100%,96%,1,,0.0,0.0,1,1,0,1,0,0,0,0,0,1,0,0,0,1,0,1,0,0,0,0,0,0,1,6539199,2.4,1,0,0,0
242,Josh & Louise,2944.0,100%,89%,1,,3.0,3.0,1,1,0,1,0,0,0,0,0,1,0,0,0,1,0,1,0,0,0,0,0,0,1,6548754,5.5600000000000005,3,0,0,0
243,Michael,2940.0,100%,94%,0,,2.0,2.0,1,1,0,1,0,0,1,1,0,1,0,0,1,1,0,1,1,0,0,0,1,0,0,6604593,1.9,1,0,0,0
244,Jason,2939.0,100%,100%,1,,1.0,1.0,1,1,0,1,0,0,0,0,0,1,0,0,0,1,0,1,0,0,1,0,0,0,1,6625058,9.89,1,0,0,0
245,Jessica,2937.0,,100%,0,,1.0,1.0,1,1,0,1,0,0,1,0,0,0,0,0,1,1,0,1,1,0,1,0,0,0,0,6653482,0.33,1,0,0,0
246,Emily,2937.0,100%,85%,1,,0.0,0.0,1,1,0,1,0,0,1,0,0,1,0,0,1,1,0,1,0,0,0,0,1,0,0,6660322,0.88,1,0,0,0
247,Isabeau And Shaun,2936.0,100%,91%,1,Edgehill,91.0,91.0,1,1,0,1,0,1,1,1,1,1,0,0,1,1,0,0,1,0,0,0,0,0,1,6675690,60.60999999999999,85,0,0,0
248,Meghan & Greg,2935.0,,100%,0,,1.0,1.0,1,0,0,1,0,0,0,0,0,1,0,0,0,1,0,1,0,0,0,0,0,0,0,6684609,3.42,1,0,0,0
249,Tyler And Josh,2933.0,100%,98%,1,,2.0,2.0,1,1,0,1,0,1,1,1,1,0,0,0,1,1,0,1,1,0,0,0,0,0,1,6721823,5.49,2,0,0,0
250,Andrew,2929.0,,95%,0,,3.0,3.0,1,1,0,1,0,1,1,0,1,0,0,0,0,1,0,1,0,0,1,0,0,0,0,6786658,1.93,1,0,0,0
251,Ashlinn,2929.0,,0%,0,,0.0,0.0,1,1,0,1,0,0,0,0,0,1,0,0,0,1,0,1,0,0,1,0,0,0,0,6790173,0.49,1,0,0,0
252,UrbanNashville,2925.0,100%,97%,1,Downtown,111.0,111.0,1,1,0,1,0,0,1,1,0,1,0,0,1,1,0,1,1,0,1,0,0,0,1,6855810,61.92,39,0,6,0
253,Tyson,2919.0,98%,97%,1,,2.0,2.0,1,1,0,1,0,0,1,0,1,1,0,0,1,1,0,1,0,0,0,0,0,0,1,6969443,8.49,2,0,0,0
254,Laura,2918.0,100%,93%,1,,0.0,0.0,1,1,0,1,0,0,1,0,1,1,0,0,1,1,0,1,0,0,1,0,0,0,1,6982602,2.15,0,0,1,0
255,Peter,2917.0,,100%,0,,1.0,1.0,1,0,0,1,0,0,0,0,0,1,0,0,0,1,0,1,0,0,0,0,0,0,0,6996624,1.93,1,0,0,0
256,Annaleigh,2916.0,100%,97%,1,,1.0,1.0,1,1,0,1,0,0,1,1,1,0,0,0,0,1,0,1,1,0,0,0,0,0,1,7020921,2.61,1,0,0,0
257,J.Wes,2915.0,100%,100%,1,,2.0,2.0,1,1,0,1,0,0,1,0,1,0,0,0,1,1,0,1,0,0,0,0,0,0,1,7040278,10.18,1,0,0,0
258,Brigitte,2913.0,97%,99%,1,Midtown,16.0,16.0,1,1,0,1,0,0,1,0,0,1,0,0,1,1,0,1,1,0,0,0,0,0,1,7073590,64.73,16,0,0,0
259,Gabby,2912.0,,,0,,1.0,1.0,1,1,0,1,0,0,1,0,1,0,0,0,0,1,0,1,0,0,0,0,0,0,0,7088927,0.1,1,0,0,0
260,Meredith,2912.0,100%,100%,1,,2.0,2.0,1,1,0,1,0,0,0,0,0,1,0,0,0,1,0,1,0,0,0,0,0,0,1,7096686,0.64,2,0,0,0
261,Tammi,2909.0,100%,100%,0,,1.0,1.0,1,1,0,1,1,0,0,0,0,1,0,0,0,1,0,1,0,0,0,0,1,0,0,7153613,0.86,1,0,0,0
262,Eric,2908.0,100%,96%,1,West Town/Noble Square,24.0,24.0,1,1,0,1,0,0,1,0,1,0,0,0,1,1,0,1,0,0,1,0,0,0,1,7160641,3.58,1,0,0,0
263,Ryan,2908.0,,,0,,1.0,1.0,1,1,0,1,0,0,0,0,0,1,0,0,0,1,0,1,0,0,0,0,0,0,0,7170086,0.86,0,0,1,0
264,Sara,2907.0,,88%,1,,3.0,3.0,1,1,0,1,0,1,1,0,1,0,0,0,0,1,0,1,0,0,1,0,0,0,0,7187459,4.09,1,0,2,0
265,Joy Beth,2906.0,,100%,1,,1.0,1.0,1,1,0,1,0,0,1,0,1,0,0,0,0,1,0,1,0,0,1,0,0,0,0,7193413,0.8,1,0,0,0
266,Byron,2906.0,100%,100%,1,,1.0,1.0,1,1,0,1,0,1,0,0,0,1,0,0,0,1,0,1,0,0,1,0,0,0,1,7204232,4.01,1,0,0,0
267,Sarah,2905.0,,100%,1,,3.0,3.0,1,1,0,1,0,0,1,0,1,0,0,0,1,1,0,1,0,0,0,0,0,0,0,7218128,4.1,2,0,0,0
268,Chris & D,2903.0,,100%,0,,1.0,1.0,1,1,0,1,0,0,1,0,1,1,0,0,1,1,0,1,0,0,0,0,0,0,0,7267223,1.14,1,0,0,0
269,Jordan,2901.0,0%,50%,1,,1.0,1.0,1,0,0,1,0,0,0,0,0,1,0,0,0,1,0,1,0,0,0,1,0,0,0,7296786,1.29,1,0,0,0
270,Jon,2898.0,0%,0%,0,Otter Creek,0.0,0.0,1,1,0,1,0,0,0,0,0,1,0,0,0,1,0,1,0,0,0,1,0,0,0,7365634,0.0,1,0,0,0
271,Stacie,2896.0,100%,100%,1,,0.0,0.0,1,1,0,1,0,0,1,0,1,0,0,0,0,1,0,1,0,0,1,0,0,0,1,7403409,4.68,1,0,0,0
272,Stephen,2895.0,100%,81%,1,,1.0,1.0,1,0,0,1,0,0,0,0,0,1,0,0,0,1,0,1,0,0,0,0,0,0,1,7414188,1.51,1,0,0,0
273,Matt & Steph,2895.0,100%,94%,1,,3.0,3.0,1,1,0,1,0,0,1,0,1,1,0,0,1,1,0,1,0,0,1,0,0,0,1,7428690,10.629999999999999,3,0,0,0
274,Angie,2891.0,100%,100%,0,,0.0,0.0,1,1,0,1,0,0,0,0,0,1,0,0,0,1,0,1,0,0,1,0,1,0,0,7503893,1.41,2,0,0,0
275,Sarah & Steve,2891.0,100%,42%,1,,1.0,1.0,1,1,0,1,0,0,1,0,1,0,0,0,0,1,0,1,0,0,0,0,0,0,1,7509912,5.01,1,0,0,0
276,Jessica,2889.0,90%,92%,1,,1.0,1.0,1,1,0,1,0,0,1,1,0,0,0,0,1,1,0,1,1,0,0,0,0,0,1,7536368,3.29,1,0,0,0
277,Ellen,2889.0,100%,100%,0,,1.0,1.0,1,1,0,1,0,0,1,0,1,0,0,0,1,1,0,1,0,0,0,0,0,0,1,7555756,0.73,1,0,0,0
278,Daniel,2889.0,100%,100%,0,Downtown,0.0,0.0,1,1,0,1,1,0,1,1,1,0,0,0,1,1,0,1,1,0,0,0,0,0,1,7555868,0.48,1,0,0,0
279,William,2885.0,100%,100%,1,,14.0,14.0,1,1,0,1,0,0,1,0,0,0,0,0,1,1,0,1,0,0,0,0,1,0,0,7621791,0.0,1,0,0,0
280,Michelle,2881.0,100%,,0,,4.0,4.0,1,1,0,1,0,0,0,0,0,1,0,0,0,1,0,1,0,0,0,0,1,0,0,7720839,2.5,0,0,2,2
281,Alex,2877.0,98%,69%,0,Old City,88.0,88.0,1,1,0,1,0,1,1,1,1,0,0,0,1,1,0,1,1,0,0,0,0,0,1,7798378,79.24,28,0,0,0
282,Micah,2875.0,100%,96%,1,,1.0,1.0,1,1,0,1,0,0,1,0,1,0,0,0,0,1,0,1,0,0,1,0,0,0,1,7845627,2.13,1,0,0,0
283,Heirbnb,2873.0,100%,100%,0,Midtown,17.0,17.0,1,1,0,1,0,0,1,1,1,0,0,0,1,1,0,1,1,0,0,0,0,0,1,7894194,86.83,17,0,0,0
284,Ashley,2871.0,,,0,,1.0,1.0,1,1,0,1,0,0,1,0,1,0,0,0,1,1,0,1,0,0,0,0,0,0,0,7937766,0.76,1,0,0,0
285,Blake,2870.0,100%,100%,1,,3.0,3.0,1,1,0,1,0,0,1,0,1,0,1,0,0,1,0,1,0,0,0,0,0,0,1,7961115,3.0300000000000002,1,0,1,0
286,Alyssa,2868.0,100%,100%,1,,17.0,17.0,1,1,0,1,0,0,1,0,0,1,0,0,1,1,0,1,0,0,0,0,0,0,1,8008453,7.56,3,0,0,0
287,Landon,2867.0,100%,100%,1,,1.0,1.0,1,1,0,1,0,0,1,0,1,0,0,0,0,1,0,1,0,0,0,0,0,0,1,8017229,10.96,1,0,0,0
288,Dj,2867.0,100%,50%,0,North Hollywood,4.0,4.0,1,0,0,1,0,0,0,0,0,1,0,0,0,1,0,1,0,0,1,0,0,0,1,8025232,0.09,1,0,0,0
289,Virginia,2865.0,,64%,1,,1.0,1.0,1,1,0,1,0,0,1,0,1,0,0,0,1,1,0,1,0,0,0,0,0,0,0,8072411,0.95,1,0,0,0
290,Laurie,2860.0,100%,92%,1,Mid-Wilshire,8.0,8.0,1,1,0,1,0,0,1,1,1,0,0,0,1,1,0,1,1,0,0,0,0,0,1,8185146,6.75,3,0,0,0
291,Anita,2859.0,100%,0%,1,,1.0,1.0,1,1,0,1,0,0,1,0,1,0,0,0,0,1,0,1,0,0,1,0,0,0,1,8196681,2.76,0,0,1,0
292,John,2855.0,100%,100%,0,,1.0,1.0,1,1,0,1,0,0,0,0,0,1,0,0,0,1,0,1,0,0,0,0,0,0,1,8291189,0.7,1,0,0,0
293,Tom,2849.0,100%,100%,1,,1.0,1.0,1,0,0,1,0,0,0,0,0,1,0,0,0,1,0,1,0,0,0,0,0,0,1,8418708,5.41,1,0,0,0
294,Carolyn,2849.0,100%,95%,1,,1.0,1.0,1,0,0,1,0,0,0,0,0,0,0,0,0,1,0,1,0,0,0,0,1,0,0,8440705,3.6,1,0,0,0
295,Juliette,2845.0,86%,68%,1,,4.0,4.0,1,1,0,0,1,0,1,0,1,1,0,0,1,1,0,1,0,0,0,0,1,0,0,8540073,4.24,1,0,2,0
296,Nicole,2842.0,100%,100%,1,,1.0,1.0,1,1,0,1,0,0,0,0,0,1,0,0,0,1,0,1,0,0,0,0,0,0,1,8594360,1.12,1,0,0,0
297,Nancy,2837.0,100%,87%,1,,2.0,2.0,1,1,0,1,0,0,1,0,1,1,0,0,1,1,0,1,1,0,0,0,0,0,1,8694266,2.81,0,0,1,0
298,Kenneth,2835.0,50%,30%,0,,3.0,3.0,1,1,0,1,0,0,1,1,1,0,0,0,1,1,0,1,1,0,0,0,0,1,0,8737002,2.3,2,0,1,0
299,Frank,2832.0,100%,94%,1,,4.0,4.0,1,1,0,1,0,0,0,0,0,1,0,0,0,1,0,1,0,0,0,0,0,0,1,8794870,3.15,1,0,0,0
300,Kelli,2832.0,100%,100%,1,,2.0,2.0,1,1,0,1,0,0,0,0,0,1,0,0,0,1,0,1,0,0,0,0,0,0,1,8804227,1.23,1,0,0,0
301,Celeste,2830.0,100%,,0,Antioch,0.0,0.0,1,0,0,0,0,0,0,0,0,0,0,0,0,1,0,1,0,0,0,0,1,0,0,8836555,0.0,0,0,1,0
302,Jeff,2828.0,100%,100%,1,,2.0,2.0,1,1,0,1,0,0,1,0,0,0,0,0,1,1,0,1,0,0,0,0,0,0,1,8875518,3.03,1,0,0,0
303,Beta & Emily,2823.0,100%,88%,1,,6.0,6.0,1,1,0,1,0,0,1,0,1,0,0,0,0,1,0,1,0,0,0,0,0,0,1,8973736,7.909999999999999,4,0,0,0
304,Geoff,2821.0,100%,92%,1,,2.0,2.0,1,1,0,1,0,0,0,0,0,1,0,0,0,1,0,1,0,0,0,0,1,0,0,9012461,0.0,1,0,0,0
305,Lee,2821.0,100%,100%,0,,1.0,1.0,1,1,0,1,0,0,0,0,0,1,0,0,0,1,0,1,0,0,0,0,1,0,0,9019156,0.25,1,0,0,0
306,Bryon,2819.0,100%,77%,1,,1.0,1.0,1,1,0,1,0,0,1,0,1,0,0,0,0,1,0,1,0,0,1,0,1,0,0,9041798,2.93,1,0,0,0
307,Susan,2819.0,100%,100%,0,,4.0,4.0,1,1,0,1,1,0,1,0,1,0,0,0,1,1,0,1,0,0,1,0,0,0,1,9060715,4.82,0,0,3,0
308,Sritha,2817.0,,,0,,1.0,1.0,1,1,0,1,0,0,0,0,0,1,0,0,0,1,0,1,0,0,0,0,0,0,0,9081613,1.09,0,0,1,0
309,Julia,2817.0,100%,100%,1,,1.0,1.0,1,1,0,1,0,0,1,0,0,1,0,0,1,1,0,1,0,0,0,0,0,0,1,9092544,8.9,1,0,0,0
310,En,2814.0,0%,0%,0,,1.0,1.0,1,1,0,1,0,0,1,0,1,0,0,0,0,1,0,1,0,0,0,1,0,0,0,9144553,1.24,0,0,1,0
311,Greg & Katie,2814.0,100%,0%,0,,1.0,1.0,1,1,0,1,0,0,1,0,0,1,0,0,1,1,0,1,0,0,0,0,0,1,0,9151087,0.14,1,0,0,0
312,Melissa,2814.0,100%,100%,0,,1.0,1.0,1,1,0,1,0,0,1,0,1,0,0,0,0,1,0,1,0,0,0,0,0,0,1,9154329,0.37,1,0,0,0
313,Kate,2809.0,100%,0%,1,,1.0,1.0,1,0,0,1,0,0,0,0,0,1,0,0,0,1,0,1,0,0,0,0,0,0,1,9244640,0.71,1,0,0,0
314,Nicole,2807.0,,,1,,1.0,1.0,1,1,0,1,0,0,1,0,1,0,0,0,1,1,0,1,0,0,1,0,0,0,0,9292263,1.84,1,0,0,0
315,Meredith,2806.0,,,1,Hillsboro West End,2.0,2.0,1,1,0,1,0,0,1,0,1,1,1,1,1,1,0,1,0,0,0,0,0,0,0,9307116,0.0,1,0,0,0
316,Chris And Stephanie,2806.0,100%,75%,1,,0.0,0.0,1,1,0,1,0,0,1,0,1,0,0,0,0,1,0,1,0,0,0,0,1,0,0,9309381,1.32,0,0,1,0
317,Beth,2805.0,100%,96%,1,,1.0,1.0,1,1,0,1,0,0,1,0,0,1,0,0,1,1,0,1,0,0,0,0,0,0,1,9331800,1.16,1,0,0,0
318,Rebecca,2804.0,,100%,0,,0.0,0.0,1,1,0,1,0,0,1,0,1,0,0,0,0,1,0,1,0,0,0,0,0,0,0,9350742,0.65,1,0,0,0
319,Kristen,2803.0,,,1,,1.0,1.0,1,1,0,1,0,0,1,0,0,1,0,0,1,1,0,1,1,0,0,0,0,0,0,9368255,0.42,1,0,0,0
320,Brittany,2799.0,100%,83%,1,,1.0,1.0,1,1,0,1,0,0,0,0,0,1,0,0,0,1,0,1,0,0,0,0,0,0,1,9441604,0.65,1,0,0,0
321,Debra,2793.0,98%,98%,1,,5.0,5.0,1,1,0,1,0,0,1,1,0,1,0,0,1,1,0,1,1,0,0,0,0,0,1,9551442,45.629999999999995,6,0,0,0
322,Roman,2793.0,,100%,0,,2.0,2.0,1,1,0,1,0,0,1,0,1,0,0,0,1,1,0,1,0,0,1,0,0,0,0,9560396,1.73,1,0,1,0
323,Jacob,2791.0,100%,100%,0,,4.0,4.0,1,1,0,1,0,0,0,0,0,1,0,0,0,1,0,1,0,0,1,0,0,0,1,9596278,28.509999999999998,4,0,0,0
324,Rachel,2791.0,,,0,,1.0,1.0,1,1,0,1,1,0,0,0,0,1,0,0,0,1,0,1,0,0,0,0,0,0,0,9598665,0.0,1,0,0,0
325,Andi Jane,2791.0,93%,96%,1,,3.0,3.0,1,1,0,1,0,0,1,0,1,1,0,0,1,1,0,1,0,0,0,0,0,1,0,9602891,1.85,1,0,0,0
326,Kelly,2789.0,100%,100%,1,,2.0,2.0,1,1,0,1,0,0,1,0,1,0,0,0,0,1,0,1,0,0,0,0,0,0,1,9629632,3.26,1,0,0,0
327,Molly,2789.0,100%,99%,1,,2.0,2.0,1,1,0,1,0,0,1,0,1,0,0,0,0,1,0,1,0,0,1,0,0,0,1,9633722,6.73,3,0,0,0
328,David And Becky,2789.0,,100%,1,,3.0,3.0,1,1,0,1,0,0,0,0,0,1,0,0,0,1,0,1,0,0,0,0,0,0,0,9637660,3.12,1,0,2,0
329,Kyle,2789.0,100%,96%,1,,3.0,3.0,1,1,0,1,0,0,1,1,1,1,0,0,1,1,0,1,1,0,0,0,0,0,1,9638503,0.56,1,0,0,0
330,Susan,2789.0,100%,100%,1,,1.0,1.0,1,1,0,1,0,0,0,0,0,1,0,0,0,1,0,1,0,0,0,0,0,0,1,9638563,6.89,1,0,0,0
331,Lisa,2788.0,100%,98%,1,,1.0,1.0,1,1,0,1,0,0,1,0,1,1,0,0,0,1,0,1,0,0,1,0,0,0,1,9652600,5.29,1,0,0,0
332,Sandy And Jud,2786.0,,95%,1,,3.0,3.0,1,1,0,1,0,0,0,0,0,1,0,0,0,1,0,1,0,0,0,0,0,0,0,9691837,3.82,0,0,1,0
333,Megan & Vlad,2785.0,100%,100%,0,Hillsboro West End,0.0,0.0,1,0,0,1,0,0,0,0,0,0,0,0,0,1,0,0,0,0,0,0,0,0,1,9709513,1.0,1,0,0,0
334,Alexa & Emily,2783.0,100%,98%,1,Greenwood,11.0,11.0,1,1,0,1,0,1,1,1,1,0,0,0,0,1,0,1,1,0,0,0,0,0,1,9730317,5.85,4,0,0,0
335,Brent,2779.0,100%,100%,0,Glencliff,8.0,8.0,1,1,0,1,0,0,1,1,1,0,0,0,0,1,0,1,1,0,0,0,0,0,1,9805687,10.6,6,0,0,0
336,Chris & Lisa,2770.0,100%,100%,1,,1.0,1.0,1,1,0,1,0,0,1,0,0,1,0,0,1,1,0,1,0,0,0,0,0,0,1,10002073,3.72,1,0,0,0
337,Cody,2767.0,100%,100%,1,Russwurm Heights,0.0,0.0,1,1,0,1,0,0,1,0,1,0,0,0,1,1,0,1,0,0,0,0,0,0,1,10061747,2.97,1,0,0,0
338,Amy,2766.0,100%,100%,1,,1.0,1.0,1,1,0,1,0,0,0,0,0,1,0,0,0,1,0,1,0,0,0,0,0,1,0,10073525,1.62,1,0,0,0
339,Brady,2758.0,100%,100%,1,,5.0,5.0,1,1,0,1,0,0,1,0,1,0,0,0,0,1,0,1,0,0,0,0,0,0,1,10259524,23.99,5,0,0,0
340,Janet,2751.0,,100%,1,,1.0,1.0,1,1,0,1,0,0,0,0,0,1,0,0,0,1,0,1,0,0,1,0,0,0,0,10389445,2.19,1,0,0,0
341,Matt,2749.0,100%,100%,1,,1.0,1.0,1,1,0,1,0,0,0,0,0,1,0,0,0,1,0,1,0,0,1,0,0,0,1,10428587,4.4,1,0,0,0
342,Gina,2747.0,99%,82%,1,Greenwich Village,4.0,4.0,1,1,0,1,0,1,1,1,1,1,0,0,1,1,0,1,1,0,0,0,0,0,1,10476957,1.0,1,0,0,0
343,Wilson,2746.0,,92%,1,,0.0,0.0,1,1,0,1,0,0,1,0,0,0,0,0,1,1,0,0,0,0,0,0,0,0,0,10488888,1.91,1,0,1,0
344,Heather,2743.0,100%,100%,1,,2.0,2.0,1,1,0,1,0,0,1,1,1,1,0,0,1,1,0,1,1,0,0,0,0,1,0,10537047,2.1,2,0,0,0
345,Ingrid,2742.0,100%,98%,1,East Nashville,0.0,0.0,1,1,0,1,1,0,1,0,1,0,0,0,0,1,0,1,0,0,0,0,0,0,1,10567726,4.22,1,0,0,0
346,Emily,2738.0,100%,80%,1,,1.0,1.0,1,1,0,1,0,0,1,0,1,0,1,0,0,1,0,1,0,0,0,0,0,0,1,10633841,2.25,1,0,0,0
347,Khira,2738.0,100%,91%,1,,2.0,2.0,1,1,0,1,0,0,1,0,0,1,0,0,1,1,0,1,0,0,0,0,0,0,1,10643952,5.36,1,0,0,0
348,Sherein,2733.0,,100%,1,,3.0,3.0,1,1,0,1,0,0,1,0,1,0,0,0,0,1,0,1,0,0,0,0,0,0,0,10734404,8.42,2,0,0,0
349,Emmit,2730.0,100%,100%,0,,1.0,1.0,1,0,0,1,0,0,1,0,1,0,0,0,0,1,0,1,0,0,0,0,0,0,1,10783135,0.56,1,0,0,0
350,Sam,2729.0,,100%,1,,1.0,1.0,1,1,0,1,0,0,1,1,1,0,0,0,0,1,0,1,1,0,0,0,0,0,0,10799568,1.21,1,0,0,0
351,Steve,2725.0,100%,94%,1,,3.0,3.0,1,1,0,1,1,1,1,0,1,0,0,0,1,1,0,1,0,0,0,0,0,0,1,10877122,2.94,1,0,0,0
352,Ryan,2723.0,,,0,,1.0,1.0,1,1,0,1,0,0,1,0,1,0,0,0,0,1,0,1,0,0,0,0,0,0,0,10916659,0.48,1,0,0,0
353,Jennifer,2719.0,,,0,,1.0,1.0,1,1,0,1,0,0,1,0,1,0,0,0,0,1,0,1,0,0,0,0,0,0,0,10992701,0.02,1,0,0,0
354,Cp,2718.0,100%,97%,1,,2.0,2.0,1,1,0,0,0,0,1,0,1,1,0,0,1,1,0,1,0,0,0,0,1,0,0,11006332,1.11,1,0,0,0
355,Lilian,2717.0,100%,100%,0,,3.0,3.0,1,1,0,1,0,0,0,0,0,1,0,0,0,1,0,1,0,0,0,0,0,0,1,11044654,6.84,0,0,3,0
356,Tara Jo,2715.0,100%,93%,1,,0.0,0.0,1,1,0,1,0,0,1,0,1,0,0,0,0,1,0,1,0,0,0,0,0,0,1,11094503,3.89,1,0,0,0
357,Dan,2715.0,100%,94%,1,,1.0,1.0,1,1,0,0,0,0,1,0,0,1,0,0,1,1,0,1,1,0,0,0,0,0,1,11100445,3.7,1,0,0,0
358,Kelly And Aron,2709.0,100%,84%,1,,2.0,2.0,1,1,0,1,0,0,0,0,0,1,0,0,0,1,0,1,0,0,1,0,1,0,0,11279036,1.6400000000000001,2,0,0,0
359,Kevin,2707.0,,,0,,1.0,1.0,1,1,0,1,0,0,1,1,1,1,0,0,1,1,0,1,1,0,1,0,0,0,0,11332567,0.06,1,0,0,0
360,Karen,2706.0,100%,100%,1,,6.0,6.0,1,1,0,1,0,1,1,0,1,1,0,0,1,1,0,1,0,0,0,0,0,0,1,11361200,14.49,2,0,0,0
361,Nancy & Michael,2706.0,100%,100%,1,,1.0,1.0,1,1,0,1,0,0,1,0,1,1,0,0,0,1,0,1,0,0,1,0,1,0,0,11376666,4.21,1,0,0,0
362,Todd,2702.0,100%,100%,1,,1.0,1.0,1,0,0,1,0,0,0,0,0,1,0,0,0,1,0,1,0,0,1,0,0,0,1,11472925,4.22,1,0,0,0
363,David & Chantal,1309.0,100%,100%,1,,1.0,1.0,1,0,0,1,0,0,0,0,0,0,0,0,0,1,0,0,0,0,0,0,1,0,0,11475656,0.28,1,0,0,0
364,Julie,2702.0,100%,100%,1,,1.0,1.0,1,1,0,1,0,0,1,1,1,0,0,0,1,1,0,1,1,0,1,0,0,0,1,11490106,3.71,0,0,1,0
365,Timothy,2701.0,100%,100%,0,East Nashville,4.0,4.0,1,1,0,1,1,0,1,1,1,0,0,0,1,1,0,1,0,0,1,0,0,0,1,11505766,1.0,4,0,0,0
366,Monika,2701.0,100%,75%,0,,3.0,3.0,1,0,0,1,0,0,1,0,1,0,0,0,0,1,0,1,0,0,1,0,1,0,0,11513024,0.15,3,0,0,0
367,Jess,2700.0,100%,97%,1,,1.0,1.0,1,1,0,0,0,0,1,0,1,0,0,0,0,1,0,1,0,0,0,0,0,0,1,11543228,3.49,1,0,0,0
368,Jim,2700.0,100%,100%,1,,1.0,1.0,1,1,0,1,0,0,0,0,0,1,0,0,0,1,0,1,0,0,0,0,0,1,0,11550460,6.11,0,0,1,0
369,Vijay,2700.0,100%,100%,1,Arts District,2.0,2.0,1,1,0,1,0,0,1,0,1,0,0,0,1,1,0,1,0,0,0,0,0,0,1,11556474,4.1899999999999995,4,0,0,0
370,Courtney & Brian,2697.0,100%,100%,1,,2.0,2.0,1,1,0,1,0,0,1,1,1,1,0,0,1,1,0,1,1,0,0,0,0,0,1,11635012,2.78,1,0,0,0
371,Tilghman,2293.0,100%,100%,1,,0.0,0.0,1,1,0,1,0,0,0,0,0,1,0,0,0,1,0,1,0,0,0,0,0,0,1,11649037,3.58,1,0,0,0
372,James,2692.0,,,0,,3.0,3.0,1,1,0,1,0,1,1,1,0,1,0,0,1,1,0,1,1,0,0,0,0,0,0,11800752,3.83,2,0,0,0
373,Shannah,2690.0,100%,85%,0,,1.0,1.0,1,1,0,1,1,0,1,1,1,0,0,0,1,1,0,1,1,0,0,0,0,1,0,11845111,2.46,1,0,0,0
374,Elite,2690.0,97%,99%,0,Midtown,25.0,25.0,1,0,0,1,0,0,0,0,0,1,0,0,0,1,0,0,0,0,0,0,0,0,1,11849086,33.660000000000004,19,0,0,0
375,Barb,2690.0,100%,100%,1,,1.0,1.0,1,1,0,1,0,0,1,0,1,0,0,0,1,1,0,0,0,0,0,0,0,0,1,11853210,1.89,1,0,0,0
376,Casey,2689.0,100%,92%,1,,0.0,0.0,1,0,0,1,0,0,0,0,0,0,0,0,0,1,0,1,0,0,0,0,0,1,0,11865937,1.58,1,0,0,0
377,Rachel,2689.0,100%,96%,1,,1.0,1.0,1,1,0,1,1,0,1,1,1,0,0,0,1,1,0,1,1,0,0,0,0,0,1,11877782,2.04,1,0,0,0
378,Joshua,2684.0,100%,100%,1,,0.0,0.0,1,1,0,1,0,0,1,0,1,0,0,0,0,1,0,1,0,0,0,0,0,0,1,12014315,7.88,1,0,0,0
379,Bill,2684.0,100%,98%,1,Lockeland Springs,0.0,0.0,1,1,0,1,1,0,1,1,1,0,0,0,1,1,0,0,1,0,0,0,0,0,1,12024279,9.0,1,0,0,0
380,Kallie,2684.0,0%,,0,,1.0,1.0,1,1,0,1,0,0,1,0,1,0,1,0,0,1,0,1,0,0,0,1,0,0,0,12025926,0.15,1,0,0,0
381,Bryan,2682.0,100%,100%,1,,0.0,0.0,1,1,0,1,0,0,1,0,1,0,0,0,0,1,0,1,0,0,0,0,1,0,0,12098481,0.66,1,0,0,0
382,Joseph,2681.0,100%,95%,0,,3.0,3.0,1,1,0,1,0,0,1,1,1,0,0,0,0,1,0,0,1,0,0,0,0,0,1,12122399,1.63,2,0,1,0
383,Cass And Martin,2681.0,100%,99%,1,,3.0,3.0,1,1,0,1,0,0,0,1,0,1,0,0,0,1,0,1,0,0,0,0,0,0,1,12122804,17.44,3,0,0,0
384,Shac,2680.0,100%,94%,1,Talbot's Corner,12.0,12.0,1,1,0,1,0,1,1,0,0,0,0,0,1,1,0,1,1,0,1,0,0,0,1,12153920,6.609999999999999,9,0,0,0
385,Keny And Jordan,2678.0,90%,100%,1,,1.0,1.0,1,0,0,1,0,0,0,0,0,0,0,0,0,1,0,1,0,0,1,0,1,0,0,12217601,2.2,1,0,0,0
386,Bridget & Zac,2676.0,100%,95%,1,,1.0,1.0,1,1,0,1,0,0,1,0,1,0,0,0,0,1,0,1,0,0,0,0,1,0,0,12264151,3.23,1,0,0,0
387,Amber,2673.0,100%,91%,0,Bellevue,1.0,1.0,1,1,0,1,0,0,1,1,1,1,0,0,1,1,0,1,1,0,0,0,1,0,0,12355197,1.15,1,0,0,0
388,Natalie,2673.0,,40%,0,,2.0,2.0,1,1,0,1,0,0,1,1,1,0,0,0,1,1,0,1,1,0,0,0,0,0,0,12368405,1.0899999999999999,1,0,1,0
389,Jon,2668.0,100%,91%,1,El Centro Beach,1.0,1.0,1,1,0,1,0,0,1,0,1,0,0,0,0,1,0,1,0,0,0,0,1,0,0,12515800,0.97,1,0,0,0
390,Teddy,2666.0,,,0,,1.0,1.0,1,0,0,1,1,0,0,0,0,1,0,0,0,1,0,1,0,0,0,0,0,0,0,12577068,0.55,1,0,0,0
391,Val,2664.0,100%,75%,1,,1.0,1.0,1,0,0,1,1,0,0,0,0,1,0,0,0,1,0,1,0,0,0,0,0,0,1,12649085,1.33,0,0,1,0
392,Bryce,2125.0,100%,98%,1,,1.0,1.0,1,1,0,1,0,1,1,0,1,0,0,0,1,1,0,1,0,0,0,0,0,0,1,12706120,10.04,1,0,0,0
393,Stephanie,2661.0,,,0,,1.0,1.0,1,1,0,1,0,0,1,0,0,0,0,0,1,1,0,1,0,0,0,0,0,0,0,12737337,0.58,1,0,0,0
394,Robin Jamie,2660.0,,,0,,1.0,1.0,1,1,0,1,0,0,0,0,0,1,0,0,0,1,0,1,0,0,0,0,0,0,0,12772705,0.07,1,0,0,0
395,Scott,2659.0,98%,71%,1,Table Rock,123.0,123.0,1,1,0,1,0,0,1,1,0,1,0,0,1,1,0,1,1,0,0,0,0,0,1,12785722,2.6699999999999995,4,0,7,0
396,Melanie,2656.0,100%,96%,1,,0.0,0.0,1,1,0,1,0,0,1,0,0,0,0,0,1,1,0,0,1,0,0,0,0,0,1,12891412,1.78,1,0,0,0
397,Turner,2651.0,100%,97%,1,,1.0,1.0,1,1,0,1,0,0,1,1,1,1,0,0,1,1,0,1,1,0,1,0,0,0,1,13049961,2.7,1,0,0,0
398,Lynda,2647.0,100%,100%,0,Westlake Hills,3.0,3.0,1,1,0,1,0,0,0,0,0,1,0,0,0,1,0,1,0,0,0,0,0,0,1,13168890,1.45,2,0,0,0
399,Christy,2646.0,100%,50%,0,,5.0,5.0,1,0,0,1,0,0,0,0,0,1,0,0,0,1,0,1,0,0,0,0,1,0,0,13221453,7.67,5,0,0,0
400,Emma & David,2646.0,100%,100%,0,,1.0,1.0,1,1,0,1,0,0,0,0,0,1,0,0,0,1,0,1,0,0,0,0,0,0,1,13224315,1.19,1,0,0,0
401,Josh,2643.0,100%,100%,1,,1.0,1.0,1,1,0,1,1,0,1,0,1,0,0,0,0,1,0,1,0,0,0,0,1,0,0,13337952,4.14,1,0,0,0
402,Debra,2642.0,100%,67%,1,,1.0,1.0,1,1,0,1,0,0,1,0,0,0,0,0,1,1,0,1,1,0,0,0,0,0,1,13389321,0.24,1,0,0,0
403,Kris,2638.0,,100%,1,,1.0,1.0,1,1,0,1,0,0,0,0,0,1,0,0,0,1,0,1,0,0,0,0,0,0,0,13523357,1.1,1,0,0,0
404,Leland,2636.0,100%,100%,1,,1.0,1.0,1,1,0,1,0,0,1,0,1,0,0,0,0,1,0,1,0,0,0,0,0,0,1,13608355,2.75,1,0,0,0
405,Tracey,2636.0,,,0,,1.0,1.0,1,1,0,1,1,0,0,0,0,1,0,0,0,1,0,1,0,0,0,0,0,0,0,13611083,0.0,0,0,1,0
406,Luke And Mackenzie,2635.0,100%,99%,1,,9.0,9.0,1,1,0,1,0,0,1,0,1,1,0,0,1,1,0,1,0,0,0,0,0,0,1,13646197,9.32,3,0,0,0
407,Ron,2632.0,,100%,0,,1.0,1.0,1,1,0,1,0,0,1,0,1,0,0,0,0,1,0,1,0,0,1,0,0,0,0,13751311,1.13,1,0,0,0
408,Rachael,2632.0,100%,87%,1,,2.0,2.0,1,1,0,1,0,0,1,0,1,1,0,0,1,1,0,1,0,0,0,0,0,0,1,13756506,5.67,2,0,0,0
409,Bobby,2630.0,100%,100%,1,,1.0,1.0,1,1,0,1,0,0,0,0,0,1,0,0,0,1,0,1,0,0,0,0,0,0,1,13815590,2.97,1,0,0,0
410,Kelly,2629.0,100%,95%,1,,0.0,0.0,1,1,0,1,1,0,1,0,1,0,0,0,0,1,0,1,0,0,1,0,0,0,1,13857934,1.72,1,0,0,0
411,Alex,2629.0,100%,98%,0,,2.0,2.0,1,0,0,1,0,0,0,0,0,1,0,0,0,1,0,1,0,0,0,0,0,0,1,13871581,0.0,1,0,0,0
412,John,2626.0,100%,97%,1,,6.0,6.0,1,1,0,1,1,1,1,0,0,1,0,0,1,1,0,1,0,0,1,0,0,0,1,13960675,2.3000000000000003,2,0,0,0
413,Doug,2626.0,100%,100%,0,,1.0,1.0,1,0,0,1,0,0,0,0,0,1,0,0,0,1,0,0,0,0,0,0,1,0,0,13960682,0.13,1,0,0,0
414,Connie,2626.0,100%,90%,1,,1.0,1.0,1,1,0,1,0,0,1,0,0,1,0,0,1,1,0,1,0,0,1,0,0,0,1,13976860,3.36,1,0,0,0
415,Tashi,2625.0,100%,90%,1,Gonzales,2.0,2.0,1,0,0,1,0,0,0,0,0,0,0,0,0,1,0,1,0,0,0,0,0,0,1,13978230,0.3,1,0,0,0
416,Ellery,1972.0,100%,100%,1,Whites Creek,0.0,0.0,1,0,0,1,0,0,1,0,1,0,0,0,0,1,0,1,0,0,0,0,0,0,1,13996514,3.5500000000000003,1,0,2,0
417,Jan,2625.0,100%,84%,1,,2.0,2.0,1,1,0,1,1,0,1,0,0,1,0,0,1,1,0,1,0,0,0,0,0,0,1,14014147,0.33,0,0,1,0
418,Stuart,2624.0,100%,100%,1,,1.0,1.0,1,1,0,1,0,0,1,0,1,0,0,0,1,1,0,1,0,0,0,0,0,0,1,14036488,4.4,1,0,0,0
419,Lily Jordan,2623.0,100%,100%,1,Eastwood,1.0,1.0,1,1,0,1,0,0,1,0,1,0,0,0,1,1,0,0,0,0,0,0,0,0,1,14063165,17.26,1,0,0,0
420,Merrilyn,2623.0,100%,100%,1,,2.0,2.0,1,0,0,1,0,0,0,0,0,0,0,0,0,1,0,1,0,0,0,0,0,0,1,14083317,12.0,2,0,0,0
421,Elizabeth And Ed,2623.0,100%,100%,1,,2.0,2.0,1,1,0,1,0,0,1,0,1,0,0,0,1,1,0,1,0,0,1,0,0,0,1,14097556,2.74,2,0,0,0
422,Josh,2623.0,92%,99%,1,Downtown,1.0,1.0,1,1,0,1,0,0,1,0,1,0,0,0,0,1,0,1,0,0,0,0,0,0,1,14099328,6.34,2,0,0,0
423,Gary,2623.0,100%,92%,1,,2.0,2.0,1,1,0,1,0,0,0,0,0,1,0,0,0,1,0,1,0,0,0,0,1,0,0,14103090,0.64,1,0,0,0
424,Bethany,2621.0,100%,81%,0,Kauaʻi,204.0,204.0,1,1,0,1,0,0,1,0,1,1,0,0,1,1,0,1,0,0,0,0,0,0,1,14143158,0.0,1,0,0,0
425,Susan And Fred,2621.0,100%,89%,1,,1.0,1.0,1,1,0,1,1,0,1,0,1,1,0,0,1,1,0,1,0,0,0,0,0,1,0,14171282,2.8,0,0,1,0
426,Holley & Ben,2621.0,100%,99%,1,,1.0,1.0,1,1,0,1,0,0,1,1,1,0,0,0,0,1,0,1,1,0,1,0,0,0,1,14173989,6.32,1,0,0,0
427,Julian,2617.0,100%,100%,0,,1.0,1.0,1,1,0,1,1,0,1,0,1,1,0,0,0,1,0,1,0,0,0,0,0,0,1,14318200,11.22,1,0,0,0
428,Keith,2617.0,100%,100%,0,,1.0,1.0,1,1,0,1,0,0,1,0,1,0,0,0,0,1,0,1,0,0,0,0,0,0,1,14340730,1.93,1,0,0,0
429,Susan,2616.0,,,0,,1.0,1.0,1,1,0,1,0,0,0,0,0,1,0,0,0,1,0,1,0,0,0,0,0,0,0,14351999,0.04,1,0,0,0
430,Black Swan,2616.0,94%,100%,0,Downtown,33.0,33.0,1,1,0,1,0,0,1,1,1,1,0,0,1,1,0,1,1,0,1,0,0,0,1,14379874,6.22,6,0,0,0
431,Samantha,2614.0,100%,63%,1,,1.0,1.0,1,1,0,1,1,0,1,0,1,0,0,0,0,1,0,1,0,0,1,0,1,0,0,14441306,4.47,1,0,0,0
432,Che,2614.0,100%,78%,0,,3.0,3.0,1,1,0,1,0,0,1,1,1,1,0,0,1,1,0,1,1,0,0,0,0,1,0,14448697,3.2199999999999998,3,0,0,0
433,Greg,2611.0,100%,80%,0,Edge Of Lake,0.0,0.0,1,1,0,1,0,0,1,1,0,1,0,0,1,1,0,0,1,0,0,0,0,0,1,14522084,0.26,1,0,0,0
434,Amanda,2610.0,100%,90%,0,,2.0,2.0,1,1,0,1,0,0,1,1,1,0,0,0,1,1,0,1,1,0,1,0,0,0,1,14573386,3.51,1,0,0,0
435,Daphne,2609.0,97%,98%,0,,2.0,2.0,1,1,0,1,0,0,1,1,1,1,0,0,1,1,0,1,1,0,1,0,0,0,1,14657565,12.53,2,0,0,0
436,John,2606.0,100%,100%,0,Green Hills,6.0,6.0,1,1,0,1,0,0,1,0,1,1,0,0,1,1,0,1,0,0,0,0,0,0,1,14761047,1.77,5,0,0,0
437,Taylor,2604.0,,,0,,1.0,1.0,1,0,0,1,0,0,0,0,0,0,0,0,0,1,0,1,0,0,0,0,0,0,0,14847503,0.03,1,0,0,0
438,Bill And Anne,2604.0,57%,89%,0,,1.0,1.0,1,1,0,1,0,0,0,0,0,1,0,0,0,1,0,1,0,0,0,0,0,1,0,14858294,0.3,1,0,0,0
439,Anthony & Carrie,2604.0,100%,65%,0,,1.0,1.0,1,0,0,1,0,0,0,0,0,1,0,0,0,1,0,1,0,0,0,0,0,0,1,14863847,0.32,1,0,0,0
440,Kathy,2603.0,100%,71%,1,,2.0,2.0,1,1,0,1,0,0,0,0,0,1,0,0,0,1,0,1,0,0,0,0,1,0,0,14902924,0.07,1,0,0,0
441,Leanna,2603.0,,100%,1,,1.0,1.0,1,1,0,1,0,0,1,0,1,1,0,0,1,1,0,1,0,0,0,0,0,0,0,14906582,2.78,1,0,0,0
442,Tom,2603.0,,100%,0,,4.0,4.0,1,1,0,1,0,0,1,0,1,0,0,0,0,1,0,1,0,0,0,0,0,0,0,14907259,0.47,2,0,0,0
443,Eli,2602.0,100%,91%,1,Mission District,1.0,1.0,1,1,0,1,0,0,1,1,1,0,0,0,0,1,0,1,1,0,0,0,0,0,1,14932001,0.0,3,0,0,0
444,Libby,2599.0,,,0,,1.0,1.0,1,1,0,1,1,0,0,0,0,1,0,0,0,1,0,0,0,0,0,0,0,0,0,15042378,0.0,0,0,1,0
445,Tom And Sue,2599.0,100%,100%,1,,1.0,1.0,1,1,0,1,0,0,1,0,0,0,0,0,1,1,0,1,0,0,0,0,0,0,1,15053561,1.85,1,0,0,0
446,Mary,2599.0,,,0,,1.0,1.0,1,1,0,1,0,0,0,0,0,1,0,0,0,1,0,1,0,0,1,0,0,0,0,15056566,0.22,1,0,0,0
447,William And Vicki,2599.0,100%,100%,0,,1.0,1.0,1,1,0,1,0,0,1,0,1,0,0,0,0,1,0,1,0,0,0,0,0,0,1,15060012,6.56,1,0,0,0
448,Susan,2599.0,100%,99%,0,Lyndale,7.0,7.0,1,1,0,0,0,1,1,1,0,1,0,0,1,1,0,1,1,0,0,0,0,0,1,15063953,4.4399999999999995,1,0,4,0
449,Brett,2598.0,100%,100%,1,,1.0,1.0,1,1,0,1,0,0,1,0,1,0,0,0,0,1,0,1,0,0,1,0,0,1,0,15103989,3.24,1,0,0,0
450,Brendon,2596.0,100%,100%,1,Bordeaux Area,0.0,0.0,1,1,0,1,0,0,1,1,1,0,0,0,1,1,0,0,1,0,1,0,0,0,1,15191384,2.14,1,0,0,0
451,Bett & Rob,2593.0,,,0,,0.0,0.0,1,1,0,1,0,0,0,0,0,1,0,0,0,1,0,1,0,0,0,0,0,0,0,15318271,0.28,0,0,1,0
452,Mitch And Donna,2592.0,,100%,1,,1.0,1.0,1,1,0,1,0,0,1,1,1,1,0,0,1,1,0,1,1,0,1,0,0,0,0,15356604,5.11,1,0,0,0
453,Julie And Josh,2591.0,100%,95%,0,,1.0,1.0,1,1,0,1,0,0,1,0,0,1,0,0,1,1,0,1,0,0,0,0,0,0,1,15395208,2.11,1,0,0,0
454,Samantha And Chas,2590.0,,,0,,1.0,1.0,1,1,0,1,0,0,1,0,0,1,0,0,1,1,0,1,0,0,1,0,0,0,0,15445102,0.92,1,0,0,0
455,Devon,2589.0,100%,99%,1,,4.0,4.0,1,1,0,1,0,0,1,0,1,0,0,0,1,1,0,1,0,0,1,0,0,0,1,15494980,0.95,1,0,0,0
456,Robert,2588.0,100%,50%,0,,1.0,1.0,1,0,0,1,0,0,0,0,0,0,0,0,0,1,0,1,0,0,1,0,0,1,0,15539580,0.12,1,0,0,0
457,Travis & Miranda,2588.0,100%,85%,1,,2.0,2.0,1,1,0,1,1,0,1,0,1,0,0,0,1,1,0,1,0,0,0,0,1,0,0,15542060,2.75,0,0,1,0
458,Casey,2587.0,,,0,,1.0,1.0,1,1,0,1,0,0,1,0,1,0,0,0,0,1,0,1,0,0,0,0,0,0,0,15561811,0.0,1,0,0,0
459,JoAnna & Rob,2587.0,100%,98%,1,,1.0,1.0,1,1,0,1,0,1,1,1,1,0,0,0,1,1,0,1,1,0,0,0,0,0,1,15572933,11.87,1,0,0,0
460,Amy,1895.0,,,1,,1.0,1.0,1,0,0,1,0,0,0,0,0,0,0,0,0,1,0,1,0,0,0,0,0,0,0,15580071,2.01,1,0,0,0
461,Neal,2586.0,100%,94%,1,Hillsboro-Belmont,18.0,18.0,1,1,0,1,0,0,1,0,0,1,0,0,1,1,0,1,1,0,0,0,0,0,1,15586733,36.74,17,0,0,0
462,Josh,2586.0,100%,97%,1,,1.0,1.0,1,1,0,1,0,0,1,0,0,0,0,0,1,1,0,0,1,0,0,0,0,0,1,15616810,5.18,1,0,0,0
463,Kurt,2586.0,100%,100%,0,Music Row,1.0,1.0,1,1,0,1,0,0,1,1,1,0,0,0,0,1,0,1,1,0,1,0,0,0,1,15617065,0.0,1,0,0,0
464,Bruce,2583.0,,73%,1,,2.0,2.0,1,1,0,1,1,0,1,0,1,0,0,0,1,1,0,1,0,0,0,0,0,0,0,15707537,1.24,1,0,0,0
465,Jay,2583.0,,,0,,1.0,1.0,1,1,0,1,0,0,0,0,0,1,0,0,0,1,0,1,0,0,1,0,0,0,0,15718274,0.39,1,0,0,0
466,Alice,2583.0,100%,91%,1,,1.0,1.0,1,1,0,1,0,0,1,1,0,1,0,0,1,1,0,1,1,0,1,0,0,0,1,15720191,0.84,1,0,0,0
467,Lindsey,2582.0,50%,77%,0,,1.0,1.0,1,0,0,1,1,0,0,0,0,1,0,0,0,1,0,1,0,0,0,0,0,1,0,15771164,0.42,1,0,0,0
468,Brielle,2582.0,,0%,0,,1.0,1.0,1,1,0,1,1,0,1,0,1,0,0,0,1,1,0,1,0,0,1,0,0,0,0,15784783,0.41,1,0,0,0
469,Mark,2579.0,100%,83%,1,,2.0,2.0,1,1,0,1,0,0,0,0,0,1,0,0,0,1,0,1,0,0,1,0,0,0,1,15892790,6.59,2,0,0,0
470,Hani,2579.0,,100%,0,Ranches At Hamilton Pool,1.0,1.0,1,1,0,1,0,0,1,1,0,0,0,0,1,1,0,0,1,0,0,0,0,0,0,15909328,0.0,1,0,0,0
471,Jordan,2578.0,100%,97%,1,,1.0,1.0,1,1,0,1,0,1,1,1,1,0,0,0,0,1,0,1,1,0,0,0,0,0,1,15929189,6.69,1,0,0,0
472,Julie,2578.0,100%,100%,1,,1.0,1.0,1,1,0,1,1,0,1,0,1,0,0,0,0,1,0,1,0,0,0,0,0,0,1,15942424,1.49,1,0,0,0
473,Tim,2576.0,100%,100%,1,,1.0,1.0,1,0,0,0,0,0,1,0,1,0,0,0,0,1,0,1,0,0,0,0,0,0,1,16008840,4.77,1,0,0,0
474,Irena,2574.0,100%,100%,1,,4.0,4.0,1,1,0,1,1,0,1,0,1,1,0,0,1,1,0,1,0,0,0,0,0,0,1,16070575,5.4,1,0,0,0
475,Lisa,2574.0,100%,82%,0,,2.0,2.0,1,1,0,1,0,0,0,0,0,1,0,0,0,1,0,1,0,0,0,0,1,0,0,16087739,1.55,1,0,0,0
476,Jackie,2571.0,100%,100%,1,,2.0,2.0,1,1,0,1,1,0,0,0,0,1,0,0,0,1,0,1,0,0,0,0,0,0,1,16205480,2.86,1,0,0,0
477,Shirlee,2571.0,100%,99%,1,,23.0,23.0,1,1,0,1,0,0,1,1,1,1,0,0,1,1,0,1,1,0,0,0,1,0,0,16217459,0.88,1,0,0,0
478,Laura,2570.0,100%,100%,1,,4.0,4.0,1,1,0,1,0,0,0,0,0,1,0,0,0,1,0,1,0,0,0,0,1,0,0,16224774,1.9700000000000002,0,0,2,0
479,Music City Guest House,2570.0,100%,100%,1,Downtown,21.0,21.0,1,1,0,1,0,1,0,0,0,1,0,0,0,1,0,1,0,0,0,0,0,0,1,16246720,48.71,9,2,2,2
480,Jordan,2569.0,100%,95%,0,East Boston,5.0,5.0,1,1,0,1,0,0,1,1,1,1,0,0,1,1,0,1,1,0,1,0,0,0,1,16284736,4.83,1,0,0,0
481,Eulene,2568.0,,0%,0,,1.0,1.0,1,1,0,1,0,0,1,1,1,0,0,0,1,1,0,1,1,0,0,0,0,0,0,16340198,0.65,1,0,0,0
482,Brett,2568.0,100%,100%,1,,2.0,2.0,1,0,0,1,0,0,0,0,0,0,0,0,0,1,0,1,0,0,0,0,0,0,1,16353212,0.1,1,0,0,0
483,Anna,2568.0,100%,100%,1,Talbot's Corner,1.0,1.0,1,1,0,1,0,0,1,0,1,1,0,0,1,1,0,1,1,0,1,0,0,0,1,16354172,8.88,1,0,0,0
484,Robin,2565.0,100%,100%,1,,2.0,2.0,1,1,0,1,0,0,1,0,1,1,0,0,0,1,0,1,0,0,0,0,0,0,1,16475731,1.58,1,0,0,0
485,Cal,2562.0,100%,82%,0,Talbot's Corner,4.0,4.0,1,1,0,1,1,0,1,0,1,0,0,0,0,1,0,1,0,0,1,0,0,0,1,16587828,15.29,4,0,0,0
486,Nerissa,2561.0,100%,,0,,2.0,2.0,1,1,0,1,0,0,0,0,0,1,0,0,0,1,0,1,0,0,0,0,0,0,1,16598536,1.23,0,0,1,0
487,Cathy,2561.0,100%,100%,1,,1.0,1.0,1,1,0,1,0,1,0,0,0,1,0,0,0,1,0,1,0,0,0,0,0,0,1,16621065,1.53,1,0,0,0
488,Karen,2560.0,100%,100%,1,,2.0,2.0,1,1,0,1,1,0,1,0,0,0,0,0,1,1,0,1,0,0,1,0,0,0,1,16662070,1.58,1,0,0,0
489,Pat,2560.0,,100%,0,,1.0,1.0,1,1,0,1,0,0,1,1,0,0,0,0,1,1,0,0,1,0,1,0,0,0,0,16672701,1.16,1,0,0,0
490,Kristi,2559.0,100%,100%,0,,1.0,1.0,1,1,0,1,0,0,0,0,0,1,0,0,0,1,0,1,0,0,0,0,0,0,1,16715778,3.16,1,0,0,0
491,Rachel,2558.0,,,0,,1.0,1.0,1,1,0,1,0,0,1,0,0,0,0,0,1,1,0,1,0,0,1,0,0,0,0,16757265,0.08,1,0,0,0
492,Kaitlin,2557.0,100%,100%,1,,1.0,1.0,1,1,0,1,0,0,1,0,1,0,0,0,1,1,0,1,0,0,0,0,0,0,1,16791205,2.2,1,0,0,0
493,Rachael,2556.0,100%,93%,0,,6.0,6.0,1,1,0,1,0,0,1,0,1,0,0,0,0,1,0,1,0,0,0,0,1,0,0,16805934,1.93,3,0,1,0
494,Chris,2556.0,100%,100%,1,,3.0,3.0,1,0,0,1,0,0,0,0,0,1,0,0,0,1,0,1,0,0,0,0,0,0,1,16831211,3.55,1,0,0,0
495,Aly,2556.0,100%,100%,1,Hermitage,0.0,0.0,1,1,0,1,0,0,0,0,0,1,0,0,0,1,0,1,0,0,0,0,0,0,1,16836467,0.47000000000000003,3,0,0,0
496,Ron & Christine,2555.0,100%,100%,0,,1.0,1.0,1,1,0,1,0,0,1,0,0,0,0,0,1,1,0,0,1,0,0,0,0,1,0,16874720,2.56,1,0,0,0
497,Sarah,2554.0,100%,100%,1,North Hollywood,2.0,2.0,1,1,0,1,0,0,0,0,0,1,0,0,0,1,0,1,0,0,0,0,0,0,1,16910039,0.0,1,0,0,0
498,Meagan,2554.0,100%,94%,0,,2.0,2.0,1,1,0,1,0,0,0,0,0,1,0,0,0,1,0,1,0,0,1,0,0,0,1,16922948,2.59,3,0,0,0
499,Anastacia And Freddy,2553.0,100%,98%,1,,1.0,1.0,1,0,0,0,0,0,0,0,0,1,0,0,0,1,0,1,0,0,0,0,0,0,1,16949507,1.4,1,0,0,0
500,Dan,2552.0,100%,100%,1,Historic Edgefield,3.0,3.0,1,0,0,1,0,0,1,0,1,0,0,0,1,1,0,1,0,0,1,0,0,0,1,16990783,1.6,2,0,0,0
501,Randy,2552.0,,,0,,1.0,1.0,1,1,0,1,1,0,1,1,0,0,0,0,1,1,0,0,1,0,1,0,0,0,0,16992322,1.22,0,0,1,0
502,Ann,2552.0,,67%,0,,1.0,1.0,1,0,0,1,0,0,0,0,0,0,0,0,0,1,0,1,0,0,0,0,0,0,0,17016732,1.55,1,0,0,0
503,Collin,2552.0,100%,99%,0,Downtown,0.0,0.0,1,1,0,1,0,0,1,1,0,1,0,0,1,1,0,1,1,0,0,0,0,0,1,17017751,0.23,6,0,0,0
504,Patrick & Janet,2551.0,,100%,1,,1.0,1.0,1,1,0,1,0,0,0,0,0,1,0,0,0,1,0,1,0,0,0,0,0,0,0,17050462,2.02,1,0,0,0
505,James Austin,2550.0,100%,99%,1,,1.0,1.0,1,1,0,1,1,0,1,1,1,0,0,0,1,1,0,1,1,0,0,0,0,0,1,17062728,4.21,1,0,0,0
506,Michael,2549.0,100%,100%,1,Woodycrest,1.0,1.0,1,1,0,1,1,0,1,1,1,0,0,0,1,1,0,0,1,0,0,0,0,0,1,17126798,0.33,2,0,0,0
507,Brad,2548.0,100%,99%,1,,15.0,15.0,1,1,0,1,0,0,0,0,0,1,0,0,0,1,0,1,0,0,0,0,0,0,1,17145199,21.91,5,0,0,0
508,Chelsie,2548.0,90%,94%,1,,1.0,1.0,1,0,0,1,0,0,0,0,0,1,0,0,0,1,0,1,0,0,0,0,1,0,0,17174141,5.32,0,0,1,0
509,Jonathan,2547.0,100%,86%,1,,1.0,1.0,1,0,0,1,0,0,0,0,0,0,0,0,0,1,0,1,0,0,0,0,0,0,1,17188313,2.04,1,0,0,0
510,Marianne,2547.0,,80%,1,,1.0,1.0,1,1,0,1,0,0,1,1,1,0,0,0,0,1,0,1,1,0,0,0,0,0,0,17190771,3.26,1,0,0,0
511,Charli & Neill,2547.0,100%,98%,1,Madison,1.0,1.0,1,1,0,1,0,0,1,0,0,1,0,0,1,1,0,1,0,0,0,0,0,0,1,17196682,8.34,2,0,0,0
512,Stephanie & Johnny,2546.0,100%,71%,1,,1.0,1.0,1,1,0,1,1,0,1,0,1,0,0,0,0,1,0,1,0,0,1,0,0,0,1,17255389,2.23,1,0,0,0
513,Mason,2545.0,100%,100%,0,Watkins Park,0.0,0.0,1,1,0,1,1,0,1,0,1,0,0,0,1,1,0,1,0,0,0,0,0,0,1,17310411,2.02,1,0,0,0
514,Joshua,2544.0,100%,100%,1,,1.0,1.0,1,1,0,1,1,0,1,1,1,1,0,0,1,1,0,1,1,0,0,0,1,0,0,17330108,2.1,1,0,0,0
515,Terri,2543.0,100%,98%,1,,2.0,2.0,1,1,0,1,0,0,1,0,1,0,0,0,0,1,0,1,0,0,0,0,0,0,1,17362100,1.48,1,0,0,0
516,Alex,2541.0,100%,100%,1,,1.0,1.0,1,1,0,1,1,0,1,0,1,0,0,0,0,1,0,1,0,0,0,0,1,0,0,17453866,0.52,1,0,0,0
517,Alex,2540.0,100%,94%,1,,3.0,3.0,1,1,0,1,0,1,1,0,1,0,0,0,1,1,0,1,0,0,1,0,0,0,1,17502774,11.21,2,0,0,0
518,Nicholas,2539.0,,,1,,2.0,2.0,1,1,0,1,0,0,0,0,0,1,0,0,0,1,0,1,0,0,1,0,0,0,0,17553010,1.8,0,0,2,0
519,John,2539.0,100%,100%,1,,2.0,2.0,1,1,0,1,0,0,1,0,0,1,0,0,1,1,0,1,0,0,0,0,0,0,1,17574894,2.49,1,0,0,0
520,Julie,2538.0,100%,0%,0,,1.0,1.0,1,1,0,1,0,0,1,1,0,1,0,0,1,1,0,1,1,0,1,0,1,0,0,17595448,0.31,1,0,0,0
521,Laura,2537.0,100%,100%,1,,15.0,15.0,1,1,0,1,0,0,1,0,0,0,0,0,1,1,0,0,1,0,0,0,0,1,0,17651188,1.44,2,0,0,0
522,BV East,2535.0,100%,96%,0,Cloverhill,24.0,24.0,1,1,0,1,0,0,1,1,0,0,0,0,1,1,0,1,1,0,0,0,0,0,1,17726836,10.549999999999999,8,0,0,0
523,Ajay,2535.0,,,0,,1.0,1.0,1,1,0,1,0,0,1,1,1,0,0,0,1,1,0,0,1,0,0,0,0,0,0,17740336,0.0,0,0,1,0
524,Priscilla,2534.0,100%,100%,0,,1.0,1.0,1,1,0,1,1,0,1,1,1,0,0,0,1,1,0,1,1,0,0,0,0,0,1,17778172,1.13,1,0,0,0
525,Arianna,2534.0,100%,100%,0,,1.0,1.0,1,1,0,1,0,0,0,0,0,1,0,0,0,1,0,1,0,0,0,0,0,1,0,17795594,2.65,0,0,1,0
526,Missy,2531.0,100%,100%,1,,1.0,1.0,1,1,0,1,0,0,1,0,1,0,0,0,0,1,0,1,0,0,0,0,0,0,1,17915606,6.29,1,0,0,0
527,Matthew,2531.0,100%,67%,1,Kauaʻi,17.0,17.0,1,1,0,1,0,0,1,0,1,1,0,0,1,1,0,1,0,0,0,0,1,0,0,17920027,0.08,1,0,0,0
528,Kyle & Sherry,2531.0,,,0,,1.0,1.0,1,1,0,1,0,0,1,1,1,0,0,0,1,1,0,1,1,0,0,0,0,0,0,17922877,1.5,1,0,0,0
529,Colin,2530.0,,96%,1,,1.0,1.0,1,1,0,1,1,0,1,0,0,1,0,0,1,1,0,1,0,0,0,0,0,0,0,17983490,6.34,2,0,0,0
530,Margaret,2529.0,,,0,,2.0,2.0,1,1,0,1,0,0,0,0,0,1,0,0,0,1,0,1,0,0,0,0,0,0,0,17995555,0.0,1,0,0,0
531,Nichole,2528.0,100%,100%,0,South Nashville,1.0,1.0,1,0,0,1,0,0,0,0,0,0,0,0,0,1,0,0,0,0,0,0,0,0,1,18045956,0.36,1,0,0,0
532,William,2528.0,80%,55%,0,West Meade,0.0,0.0,1,1,0,1,0,0,1,1,1,0,0,0,0,1,0,1,1,0,1,0,0,0,1,18053906,2.97,1,0,0,0
533,John & Kathleen,2528.0,100%,,1,,1.0,1.0,1,1,0,1,0,0,0,0,0,1,0,0,0,1,0,1,0,0,0,0,0,0,1,18056757,2.35,0,0,1,0
534,Daniel,2527.0,100%,,0,,1.0,1.0,1,1,0,1,0,0,0,0,0,1,0,0,0,1,0,1,0,0,0,0,0,1,0,18071351,0.48,1,0,0,0
535,Nathan,2527.0,100%,94%,1,,3.0,3.0,1,0,0,1,0,0,0,0,0,1,0,0,0,1,0,1,0,0,0,0,1,0,0,18115633,2.69,2,0,0,0
536,Alana,2526.0,,100%,0,Upper West Side,3.0,3.0,1,0,0,1,1,0,0,0,0,1,0,0,0,1,0,1,0,0,0,0,0,0,0,18121246,2.0,1,0,0,0
537,Emily,2526.0,97%,99%,0,,3.0,3.0,1,1,0,1,0,0,1,0,1,0,0,0,1,1,0,1,0,0,0,0,0,0,1,18167773,11.149999999999999,3,0,0,0
538,Bryan & Steph,2525.0,100%,94%,1,,3.0,3.0,1,1,0,1,0,0,0,0,0,1,0,0,0,1,0,1,0,0,0,0,0,0,1,18206932,1.3599999999999999,2,0,0,0
539,Justin,2525.0,100%,100%,1,East End,1.0,1.0,1,1,0,1,0,0,1,0,1,1,0,0,1,1,0,1,0,0,0,0,0,0,1,18225887,1.0,1,0,0,0
540,Nisha,2523.0,100%,89%,1,,1.0,1.0,1,0,0,1,0,0,0,0,0,0,0,0,0,1,0,0,0,0,0,0,0,0,1,18335963,2.37,1,0,0,0
541,Aaron,2523.0,100%,99%,1,,1.0,1.0,1,0,0,1,0,1,0,0,0,1,0,0,0,1,0,1,0,0,1,0,0,0,1,18338731,3.22,1,0,0,0
542,Aaron,2522.0,94%,99%,1,Capitol Hill,5.0,5.0,1,1,0,1,0,0,1,0,1,0,0,0,1,1,0,1,0,0,0,0,0,0,1,18393059,3.57,1,0,0,0
543,Matt,2522.0,100%,70%,1,,1.0,1.0,1,1,0,1,0,1,1,0,0,1,0,0,1,1,0,1,0,0,0,0,0,0,1,18418738,0.44,1,0,0,0
544,Linda,2520.0,100%,98%,1,,2.0,2.0,1,1,0,1,0,0,1,1,1,1,0,0,1,1,0,1,1,0,0,0,0,0,1,18576791,8.15,2,0,0,0
545,E,2518.0,100%,100%,0,,6.0,6.0,1,1,0,1,0,0,1,1,1,0,0,0,1,1,0,1,1,0,0,0,0,0,1,18765050,1.57,1,0,4,0
546,Taylor + Chris,2517.0,100%,100%,1,,1.0,1.0,1,1,0,1,1,0,1,0,1,0,0,0,1,1,0,1,0,0,1,0,0,0,1,18778353,4.45,1,0,0,0
547,Mike & Kate,2517.0,100%,97%,1,,2.0,2.0,1,0,0,1,0,0,0,1,0,1,0,0,0,1,0,1,0,0,0,0,0,0,1,18830581,6.16,2,0,0,0
548,Alisa,2516.0,,,0,,1.0,1.0,1,0,0,1,0,0,0,0,0,0,0,0,0,1,0,1,0,0,0,0,0,0,0,18867791,0.0,0,0,1,0
549,Robin,2515.0,100%,99%,1,,2.0,2.0,1,1,0,1,0,0,1,0,1,0,0,1,1,1,0,1,0,0,1,0,0,0,1,18920563,2.29,1,0,0,0
550,Anna,2513.0,,100%,1,,0.0,0.0,1,1,0,1,0,0,1,0,0,1,0,0,1,1,0,1,1,0,0,0,0,0,0,19060214,2.15,0,0,2,0
551,Matt,2513.0,,,0,,1.0,1.0,1,0,0,0,0,0,0,0,0,0,0,0,0,1,0,0,0,0,0,0,0,0,0,19072667,0.0,1,0,0,0
552,Angela,2512.0,100%,100%,1,,1.0,1.0,1,1,0,1,0,0,1,0,0,0,0,0,1,1,0,1,0,0,0,0,0,0,1,19112532,3.85,0,0,1,0
553,Christian,2511.0,,,0,,1.0,1.0,1,1,0,1,0,1,1,0,1,0,0,0,0,1,0,1,0,0,0,0,0,0,0,19172754,0.27,1,0,0,0
554,"Tom And Wife, Mary",2510.0,100%,100%,1,,1.0,1.0,1,1,0,1,0,0,1,0,1,0,0,0,0,1,0,1,0,0,0,0,0,0,1,19204818,4.85,0,0,1,0
555,Christiane,2510.0,100%,100%,1,,3.0,3.0,1,1,0,1,1,0,1,0,1,0,0,0,1,1,0,1,0,0,0,0,0,0,1,19253119,6.2,1,0,0,0
556,Catherine & John,2510.0,100%,98%,1,,4.0,4.0,1,1,0,1,0,0,1,0,0,1,0,0,1,1,0,1,0,0,0,0,0,0,1,19258700,7.279999999999999,2,0,0,0
557,Sandy,2509.0,100%,99%,1,,1.0,1.0,1,0,0,1,0,0,1,0,1,0,0,0,0,1,0,1,0,0,0,0,0,0,1,19288905,8.17,1,0,0,0
558,Narum,2506.0,100%,72%,0,,3.0,3.0,1,1,0,1,0,0,1,0,1,0,0,0,0,1,0,1,0,0,0,0,1,0,0,19451333,2.45,3,0,0,0
559,Jennifer,2504.0,100%,100%,0,Urbandale Nations,0.0,0.0,1,0,0,1,0,0,0,0,0,0,0,0,0,1,0,1,0,0,0,0,1,0,0,19560164,0.0,1,0,0,0
560,Nicole,2504.0,100%,100%,1,,1.0,1.0,1,1,0,1,0,0,1,0,1,0,0,0,1,1,0,1,1,0,0,0,0,0,1,19573486,3.38,1,0,0,0
561,Brett,2504.0,,90%,1,,5.0,5.0,1,1,0,1,0,0,1,1,0,0,0,0,1,1,0,1,1,0,0,0,0,0,0,19601344,1.15,1,0,0,0
562,Julie,2502.0,100%,98%,1,,6.0,6.0,1,1,0,1,0,0,1,0,1,0,0,0,1,1,0,1,0,0,0,0,0,0,1,19707550,10.290000000000001,6,0,0,0
563,Tom & Ann,2501.0,,100%,0,,2.0,2.0,1,0,0,1,0,0,0,0,0,1,0,0,0,1,0,1,0,0,0,0,0,0,0,19743617,2.13,1,0,0,0
564,Nina,2500.0,,100%,1,,1.0,1.0,1,1,0,1,0,0,0,0,0,1,0,0,0,1,0,1,0,0,0,0,0,0,0,19782676,2.3,0,0,1,0
565,Matt,2500.0,50%,0%,0,,1.0,1.0,1,1,0,1,1,0,1,0,1,0,0,0,0,1,0,0,0,0,0,1,0,0,0,19783399,0.0,1,0,0,0
566,Heidi,2500.0,,,0,,1.0,1.0,1,1,0,1,0,0,1,1,0,0,0,0,1,1,0,0,1,0,0,0,0,0,0,19794300,0.13,1,0,0,0
567,Kay,2500.0,100%,67%,1,,5.0,5.0,1,1,0,1,0,0,1,0,1,0,0,0,1,1,0,1,0,0,0,0,0,1,0,19811110,3.49,1,0,4,0
568,Brian And Emily,2499.0,100%,100%,0,East Nashville,1.0,1.0,1,1,0,1,0,1,0,0,0,1,0,0,0,1,0,1,0,0,1,0,0,0,1,19870589,1.35,0,0,1,0
569,Elizabeth,2497.0,90%,67%,1,,2.0,2.0,1,0,0,1,0,0,0,0,0,1,0,1,0,1,0,1,0,0,0,0,1,0,0,19969236,0.16,2,0,0,0
570,Kate,2496.0,,,1,,1.0,1.0,1,1,0,1,0,0,0,0,0,1,0,0,0,1,0,1,0,0,1,0,0,0,0,20031454,4.02,0,0,1,0
571,Kyla,718.0,,33%,0,,0.0,0.0,1,1,0,1,0,0,1,0,0,0,0,0,1,1,0,0,0,0,0,0,0,0,0,20061031,0.11,1,0,0,0
572,Brian,2493.0,100%,0%,0,,1.0,1.0,1,0,0,1,0,0,0,0,0,0,0,0,0,1,0,0,0,0,0,0,0,1,0,20164535,0.0,1,0,0,0
573,Patrick And  Lorne,2492.0,100%,96%,1,,1.0,1.0,1,1,0,1,0,0,1,0,1,1,0,1,1,1,0,1,0,0,0,0,1,0,0,20207995,4.61,1,0,0,0
574,Rhonda,2492.0,100%,100%,1,,0.0,0.0,1,1,0,1,1,0,1,0,1,0,0,0,0,1,0,1,0,0,0,0,0,0,1,20214553,1.48,1,0,0,0
575,LaTamara,2489.0,100%,88%,0,,1.0,1.0,1,1,0,1,0,0,0,0,0,1,0,0,0,1,0,1,0,0,1,0,0,0,1,20375611,2.56,1,0,1,0
576,Shawna & Jonathan,2489.0,100%,94%,1,,2.0,2.0,1,1,0,1,0,0,0,0,0,1,0,0,0,1,0,1,0,0,0,0,0,0,1,20379324,5.03,1,0,1,0
577,Thomas,2482.0,100%,91%,0,,1.0,1.0,1,1,0,1,0,0,1,0,1,1,0,0,1,1,0,1,1,0,0,0,0,0,1,20631462,4.21,1,0,0,0
578,Joy,2481.0,100%,50%,0,Bluefields,2.0,2.0,1,1,0,1,1,0,0,0,0,1,0,0,0,1,0,1,0,0,0,0,1,0,0,20685639,1.0,0,0,2,0
579,Cj,2481.0,,,0,,1.0,1.0,1,0,0,1,0,1,0,0,0,1,0,0,0,1,0,1,0,0,0,0,0,0,0,20691550,0.66,0,0,1,0
580,Tyler,2481.0,100%,100%,1,,0.0,0.0,1,0,0,1,0,0,1,0,1,0,0,0,0,1,0,1,0,0,0,0,0,0,1,20706362,3.11,1,0,0,0
581,Deane,2479.0,100%,100%,1,,1.0,1.0,1,1,0,1,0,0,1,0,1,0,0,0,0,1,0,1,0,0,0,0,0,0,1,20743408,5.48,1,0,0,0
582,GoodNight,2479.0,100%,98%,0,South Nashville,106.0,106.0,1,1,0,1,0,0,1,0,0,0,0,0,1,1,0,1,0,0,0,0,0,0,1,20772148,22.39,16,0,0,0
583,Shannon,2478.0,100%,97%,1,,11.0,11.0,1,1,0,1,0,0,1,0,1,1,0,0,1,1,0,1,0,0,1,0,0,0,1,20827071,10.3,5,0,2,0
584,Heather,2476.0,100%,77%,0,,1.0,1.0,1,1,0,1,0,0,0,0,0,1,0,0,0,1,0,1,0,0,1,0,0,1,0,20892829,5.73,0,0,1,0
585,Kristin,2476.0,,,1,,1.0,1.0,1,1,0,1,0,0,1,1,0,1,0,0,1,1,0,1,1,0,0,0,0,0,0,20907846,0.89,1,0,0,0
586,Lucas,2476.0,,,1,,1.0,1.0,1,0,0,1,0,0,0,0,0,0,0,0,0,1,0,0,0,0,0,0,0,0,0,20910782,0.64,1,0,0,0
587,Anna,2475.0,100%,88%,1,,3.0,3.0,1,1,0,1,0,0,1,1,1,1,0,0,1,1,0,1,1,0,0,0,0,0,1,20942423,0.28,1,0,0,0
588,Mike,2474.0,,100%,1,,1.0,1.0,1,1,0,1,0,0,1,0,1,0,0,0,0,1,0,1,0,0,0,0,0,0,0,20973272,3.24,1,0,0,0
589,Keren,2474.0,100%,100%,1,,1.0,1.0,1,0,0,1,1,0,0,0,0,1,0,0,0,1,0,1,0,0,0,0,0,0,1,20979139,2.17,1,0,0,0
590,Joe,2473.0,100%,100%,1,,0.0,0.0,1,1,0,1,0,1,1,0,1,1,0,0,1,1,0,1,0,0,0,0,0,0,1,21015944,2.42,1,0,0,0
591,Denise,2473.0,,75%,1,,2.0,2.0,1,1,0,1,1,0,1,1,1,0,0,0,0,1,0,1,1,0,0,0,0,0,0,21018265,0.76,1,0,0,0
592,Kelley,2472.0,,80%,1,,1.0,1.0,1,1,0,1,1,0,0,0,0,1,0,0,0,1,0,1,0,0,0,0,0,0,0,21060074,1.46,0,0,1,0
593,Nate,2472.0,,100%,1,,1.0,1.0,1,1,0,1,0,0,0,0,0,1,0,0,0,1,0,1,0,0,0,0,0,0,0,21060745,1.96,1,0,0,0
594,Kristi,2471.0,,,1,,2.0,2.0,1,1,0,1,0,0,1,0,0,0,0,0,1,1,0,1,1,0,0,0,0,0,0,21109138,4.24,2,0,0,0
595,Tiffany,2469.0,100%,98%,0,McKissack Park,0.0,0.0,1,1,0,1,0,0,1,1,1,0,0,0,0,1,0,1,1,0,0,0,0,0,1,21153948,7.3500000000000005,8,0,0,0
596,Shannon,2469.0,100%,100%,1,,2.0,2.0,1,0,0,1,0,0,0,0,0,0,0,0,0,1,0,1,0,0,0,0,0,0,1,21172448,1.8,1,0,0,0
597,Deborah,2468.0,100%,93%,1,,1.0,1.0,1,1,0,1,0,0,1,0,0,0,0,0,1,1,0,1,1,0,0,0,0,0,1,21224226,1.9,1,0,0,0
598,Jessica,2467.0,100%,100%,1,,1.0,1.0,1,1,0,1,0,0,0,0,0,1,0,0,0,1,0,1,0,0,0,0,0,1,0,21259075,1.41,1,0,0,0
599,Mat,2467.0,100%,96%,1,Eureka Valley,5.0,5.0,1,1,0,1,0,1,1,1,1,0,0,0,1,1,0,1,1,0,0,0,0,0,1,21259606,2.6,1,0,2,0
600,Robyn,2467.0,100%,100%,1,,1.0,1.0,1,1,0,1,1,0,1,0,0,0,0,0,1,1,0,0,0,0,0,0,0,0,1,21268596,1.6,1,0,0,0
601,Bree,2466.0,100%,100%,0,,6.0,6.0,1,0,0,1,1,0,0,0,0,1,0,0,0,1,0,1,0,0,0,0,0,0,1,21293271,4.76,2,0,0,0
602,Joshua & Andrea,2466.0,100%,100%,1,Nashboro Woods,0.0,0.0,1,1,0,1,0,0,1,0,1,0,1,1,0,1,0,1,0,0,0,0,0,0,1,21294313,1.62,1,0,0,0
603,Barbara,2466.0,100%,100%,0,,1.0,1.0,1,0,0,0,0,0,0,0,0,0,0,0,0,1,0,0,0,0,0,0,1,0,0,21294431,0.08,1,0,0,0
604,Kelly,2465.0,100%,100%,0,,1.0,1.0,1,1,0,1,0,0,1,0,1,0,0,0,0,1,0,1,0,0,0,0,0,0,1,21335817,1.0,1,0,0,0
605,David,2464.0,0%,,0,,1.0,1.0,1,0,0,1,0,0,0,0,0,1,0,0,0,1,0,1,0,0,0,1,0,0,0,21365858,0.31,1,0,0,0
606,Kaitlyn,2461.0,,,1,,1.0,1.0,1,1,0,1,0,0,1,1,0,1,0,0,1,1,0,1,1,0,0,0,0,0,0,21470668,1.22,1,0,0,0
607,Anna,2460.0,100%,100%,1,,1.0,1.0,1,1,0,1,0,0,1,1,1,0,0,0,1,1,0,1,1,0,0,0,0,0,1,21536207,4.33,1,0,0,0
608,Alice,2458.0,,67%,1,,1.0,1.0,1,1,0,1,0,0,0,0,0,1,0,0,0,1,0,1,0,0,0,0,0,0,0,21611861,5.18,1,0,0,0
609,Molly,2458.0,100%,100%,1,,3.0,3.0,1,1,0,1,1,0,0,0,0,1,0,0,0,1,0,1,0,0,0,0,1,0,0,21614026,2.27,2,0,0,0
610,Sameer,2457.0,100%,91%,1,,0.0,0.0,1,1,0,1,0,0,1,1,1,0,0,0,1,1,0,1,1,0,0,0,0,0,1,21639697,1.47,1,0,0,0
611,Sara,2456.0,,,0,,1.0,1.0,1,1,0,1,0,0,0,0,0,1,0,0,0,1,0,1,0,0,0,0,0,0,0,21686484,1.33,1,0,0,0
612,CousinsBNB,2455.0,100%,97%,1,,13.0,13.0,1,1,0,1,0,0,1,1,1,0,0,0,0,1,0,1,1,0,0,0,0,0,1,21736973,16.23,7,0,0,0
613,Dave,2454.0,100%,100%,1,,2.0,2.0,1,1,0,1,0,0,1,0,0,1,0,0,1,1,0,1,1,0,0,0,0,0,1,21784536,1.45,1,0,0,0
614,Deidre,2451.0,98%,99%,1,Glencliff,4.0,4.0,1,1,0,1,0,0,1,0,1,0,0,0,1,1,0,1,0,0,0,0,0,0,1,21895643,16.55,4,0,1,0
615,Lauren & Tyler,2451.0,,100%,1,,3.0,3.0,1,1,0,1,0,1,0,0,0,1,0,0,0,1,0,1,0,0,1,0,0,0,0,21896763,1.2999999999999998,2,0,0,0
616,Marge,2451.0,100%,75%,1,,1.0,1.0,1,1,0,1,0,0,1,0,1,0,0,0,1,1,0,1,0,0,0,0,0,0,1,21897329,2.22,0,0,1,0
617,Jeremy,2450.0,,,1,,1.0,1.0,1,1,0,1,1,1,1,0,1,0,0,0,1,1,0,1,0,0,1,0,0,0,0,21938913,3.82,0,0,1,0
618,Helen Gaye And Earl,2449.0,,88%,1,,1.0,1.0,1,1,0,1,0,0,1,0,1,0,0,0,0,1,0,1,0,0,0,0,0,0,0,21984552,5.18,0,0,1,0
619,Cait,2448.0,100%,96%,1,,1.0,1.0,1,1,0,1,1,1,1,1,1,0,0,0,1,1,0,1,1,0,0,0,0,0,1,22025763,1.89,1,0,0,0
620,Sharese,2448.0,,,1,,1.0,1.0,1,1,0,1,1,0,1,0,1,0,0,0,0,1,0,1,0,0,1,0,0,0,0,22028731,1.82,0,0,1,0
621,Katie,2447.0,100%,100%,1,,7.0,7.0,1,1,0,1,0,0,1,0,1,0,0,0,0,1,0,1,0,0,0,0,0,0,1,22066344,17.56,5,0,0,0
622,Carrol,2446.0,,100%,1,,1.0,1.0,1,1,0,1,0,0,0,0,0,1,0,0,0,1,0,1,0,0,0,0,0,0,0,22098214,1.18,0,0,1,0
623,A.,2444.0,0%,0%,0,,2.0,2.0,1,1,0,1,0,0,1,0,1,0,1,0,0,1,0,1,0,0,1,1,0,0,0,22149003,0.49,0,0,2,0
624,Donald,2443.0,100%,100%,0,,2.0,2.0,1,1,0,1,0,0,0,0,0,1,0,0,0,1,0,1,0,0,0,0,0,0,1,22196890,3.44,1,0,0,0
625,Keith,2442.0,100%,95%,1,Edgehill,10.0,10.0,1,1,0,1,1,0,1,0,1,0,0,0,1,1,0,1,0,0,1,0,0,0,1,22224024,12.3,6,0,0,0
626,Heather,2441.0,,,0,,1.0,1.0,1,1,0,1,1,0,0,0,0,1,0,0,0,1,0,1,0,0,0,0,0,0,0,22309652,0.91,1,0,0,0
627,Gina,2440.0,100%,100%,0,,0.0,0.0,1,1,0,1,0,1,0,0,0,1,0,0,0,1,0,1,0,0,0,0,1,0,0,22327607,1.53,1,0,0,0
628,Jan-Erik Börje,2440.0,,,0,,1.0,1.0,1,0,0,1,0,0,0,0,0,0,0,0,0,1,0,0,0,0,0,0,0,0,0,22335489,0.0,0,0,1,0
629,Jon,2437.0,100%,99%,1,,1.0,1.0,1,1,0,1,0,0,1,0,1,0,0,0,0,1,0,1,0,0,1,0,0,0,1,22459665,5.0,1,0,0,0
630,Jacqueline,2436.0,,95%,1,,1.0,1.0,1,1,0,1,1,0,1,0,1,0,0,0,1,1,0,1,0,0,0,0,0,0,0,22484676,2.44,1,0,0,0
631,Natalie,2436.0,100%,100%,1,,1.0,1.0,1,1,0,1,0,0,1,0,0,1,0,0,1,1,0,1,1,0,0,0,0,0,1,22491739,1.7,1,0,0,0
632,Robert,2431.0,,33%,0,,1.0,1.0,1,1,0,1,1,0,1,0,1,0,0,0,0,1,0,1,0,0,0,0,0,0,0,22685613,0.73,1,0,0,0
633,Evane,2431.0,100%,96%,1,Downtown,5.0,5.0,1,1,0,1,0,0,1,1,1,0,0,0,0,1,0,1,1,0,0,0,0,0,1,22693763,11.73,3,0,0,0
634,Charlotte,2430.0,,,1,,1.0,1.0,1,1,0,1,0,0,0,0,0,1,0,0,0,1,0,1,0,0,0,0,0,0,0,22715664,1.17,1,0,0,0
635,Courtney,2429.0,100%,100%,1,,1.0,1.0,1,1,0,1,0,1,0,0,0,1,0,0,0,1,0,1,0,0,1,0,0,0,1,22753076,0.59,1,0,0,0
636,Ryan,2429.0,100%,99%,1,,1.0,1.0,1,1,0,1,0,1,0,0,0,1,0,0,0,1,0,1,0,0,1,0,0,0,1,22770966,4.79,1,0,0,0
637,Olivia,2427.0,,,1,,1.0,1.0,1,1,0,1,0,0,1,0,1,0,0,0,0,1,0,1,0,0,0,0,0,0,0,22862844,3.88,1,0,0,0
638,Stephani,2425.0,,100%,0,,1.0,1.0,1,1,0,1,1,0,1,0,1,0,0,0,1,1,0,1,0,0,0,0,0,0,0,22918182,0.44,1,0,0,0
639,Lauren & Robert,2425.0,100%,100%,1,,14.0,14.0,1,1,0,1,0,0,1,0,1,0,0,0,1,1,0,1,0,0,0,0,0,0,1,22933775,14.079999999999998,14,0,0,0
640,Ricky,2422.0,100%,100%,0,Midtown,6.0,6.0,1,1,0,1,0,0,1,0,1,0,0,0,0,1,0,1,0,0,0,0,0,0,1,23029956,20.18,4,0,0,0
641,Gretchen,2422.0,100%,100%,1,,2.0,2.0,1,1,0,1,0,0,1,0,1,0,0,0,1,1,0,1,0,0,1,0,0,0,1,23044206,4.97,1,0,0,0
642,Kabir,2422.0,100%,43%,1,,2.0,2.0,1,1,0,1,0,0,1,1,1,0,0,0,1,1,0,1,1,0,0,0,0,1,0,23049333,0.75,2,0,0,0
643,Mike & Meg,2421.0,97%,99%,1,,2.0,2.0,1,0,0,1,0,0,0,0,0,0,0,0,0,1,0,1,0,0,0,0,0,0,1,23066083,4.4399999999999995,3,0,0,0
644,Tachaka,2420.0,100%,93%,1,,2.0,2.0,1,1,0,1,0,0,1,0,0,0,0,0,1,1,0,0,1,0,0,0,1,0,0,23118732,1.1,1,0,0,0
645,James,2418.0,100%,100%,1,,1.0,1.0,1,1,0,1,0,0,1,0,1,0,0,0,0,1,0,1,0,0,0,0,0,0,1,23194167,3.19,1,0,0,0
646,Val,2417.0,90%,96%,1,,1.0,1.0,1,1,0,1,0,0,0,0,0,1,0,0,0,1,0,1,0,0,0,0,0,0,1,23221761,3.65,1,0,0,0
647,Jamie,2417.0,100%,99%,1,,1.0,1.0,1,1,0,1,0,0,0,0,0,1,0,0,0,1,0,1,0,0,0,0,0,0,1,23224852,4.11,1,0,0,0
648,Lauren,2416.0,100%,100%,0,,2.0,2.0,1,0,0,1,0,0,0,0,0,1,0,0,0,1,0,1,0,0,0,0,0,0,1,23253788,1.86,1,0,0,0
649,Harry,2416.0,100%,93%,0,,3.0,3.0,1,1,0,1,0,0,1,1,1,0,0,0,0,1,0,1,1,0,0,0,0,0,1,23271865,3.85,2,0,0,0
650,Andy,2415.0,100%,99%,1,,1.0,1.0,1,1,0,1,1,0,1,0,1,0,0,0,0,1,0,1,0,0,0,0,0,0,1,23301240,2.91,1,0,0,0
651,Nick,2415.0,,,0,,6.0,6.0,1,1,0,1,0,0,1,0,1,0,0,0,0,1,0,1,0,0,0,0,0,0,0,23307856,0.0,1,0,0,0
652,Sara,2415.0,100%,100%,1,,5.0,5.0,1,1,0,1,0,0,1,0,1,0,0,0,1,1,0,1,0,0,0,0,0,0,1,23314330,8.3,5,0,0,0
653,Kate,2414.0,100%,89%,1,,2.0,2.0,1,1,0,1,0,0,1,1,1,1,0,0,1,1,0,1,1,0,1,0,0,0,1,23353230,0.27,1,0,0,0
654,Rob & Julia,2413.0,99%,31%,1,Jeffersonville,108.0,108.0,1,1,0,1,0,0,1,1,1,1,0,0,1,1,0,1,1,0,1,0,0,0,1,23366133,1.0,6,0,0,0
655,Natalie,2411.0,100%,100%,0,,1.0,1.0,1,1,0,1,0,1,0,0,0,1,0,0,0,1,0,1,0,0,0,0,0,0,1,23463655,2.85,2,0,0,0
656,Maria Davis,2410.0,100%,100%,0,,1.0,1.0,1,1,0,1,1,0,1,0,1,0,0,0,1,1,0,1,0,0,0,0,1,0,0,23496125,0.3,1,0,0,0
657,Howard & Lindsay,2409.0,,33%,0,,1.0,1.0,1,0,0,1,0,0,0,0,0,0,0,0,0,1,0,1,0,0,0,0,0,0,0,23539684,0.58,1,0,0,0
658,Russell,2408.0,100%,100%,0,Chestnut Hill,0.0,0.0,1,1,0,1,0,0,1,1,1,0,0,0,1,1,0,1,1,0,0,0,0,0,1,23583965,1.75,1,0,0,0
659,Julia,2407.0,,,0,,1.0,1.0,1,1,0,1,0,0,1,0,1,0,0,0,1,1,0,1,0,0,0,0,0,0,0,23618000,0.0,1,0,0,0
660,Spencer + Alex,2407.0,100%,100%,1,,2.0,2.0,1,1,0,1,0,0,1,0,1,0,0,0,1,1,0,1,0,0,0,0,0,0,1,23630584,7.79,2,0,0,0
661,Elizabeth,2407.0,,100%,1,,1.0,1.0,1,1,0,1,0,0,0,0,0,1,0,0,0,1,0,1,0,0,0,0,0,0,0,23636518,2.18,0,0,1,0
662,Graham,2406.0,100%,100%,1,,1.0,1.0,1,1,0,1,0,0,0,0,0,1,0,0,0,1,0,1,0,0,0,0,1,0,0,23671241,0.55,1,0,0,0
663,Judith,2406.0,100%,100%,1,,1.0,1.0,1,1,0,1,0,0,1,1,1,0,0,0,1,1,0,0,1,0,0,0,1,0,0,23674366,1.47,1,0,0,0
664,Peter,2405.0,100%,99%,0,,2.0,2.0,1,1,0,1,0,0,1,0,0,1,0,0,1,1,0,0,1,0,0,0,0,0,1,23719875,7.71,1,0,0,0
665,David,2404.0,100%,98%,1,,1.0,1.0,1,0,0,1,0,1,0,0,0,1,0,0,0,1,0,1,0,0,1,0,0,0,1,23738553,8.02,2,0,0,0
666,Lydia,2404.0,,71%,0,,2.0,2.0,1,1,0,1,0,0,0,0,0,1,0,0,0,1,0,1,0,0,1,0,0,0,0,23752681,5.87,2,0,0,0
667,Jason,2402.0,100%,96%,1,,2.0,2.0,1,1,0,1,0,0,0,0,0,1,0,0,0,1,0,1,0,0,0,0,0,0,1,23792810,6.45,1,0,0,0
668,Darlene,2402.0,100%,96%,1,,1.0,1.0,1,1,0,1,0,0,1,1,0,1,0,0,1,1,0,1,1,0,0,0,0,0,1,23834026,2.22,1,0,0,0
669,Sara,2401.0,100%,92%,1,,2.0,2.0,1,1,0,1,0,0,1,0,1,0,0,0,0,1,0,1,0,0,0,0,0,0,1,23854221,2.14,1,0,0,0
670,Jillian,2399.0,,,0,,1.0,1.0,1,1,0,1,0,0,1,0,1,0,0,0,1,1,0,1,0,0,1,0,0,0,0,23940018,0.61,1,0,0,0
671,Matt,2398.0,,,0,,1.0,1.0,1,1,0,1,0,0,1,0,1,0,0,0,0,1,0,1,0,0,0,0,0,0,0,23984951,0.15,0,0,1,0
672,Jonny,2397.0,99%,99%,0,,13.0,13.0,1,1,0,1,0,0,1,0,1,0,1,0,0,1,0,1,0,0,0,0,0,0,1,24007959,2.11,2,0,0,0
673,Ryann,2396.0,100%,92%,1,,1.0,1.0,1,1,0,1,0,0,1,0,1,0,0,0,1,1,0,1,1,0,0,0,0,0,1,24045727,0.87,1,0,0,0
674,Nate,2396.0,100%,100%,1,,1.0,1.0,1,1,0,1,1,0,1,0,1,1,0,0,1,1,0,1,0,0,0,0,1,0,0,24046340,2.4,1,0,0,0
675,Bryan,2394.0,75%,67%,1,,5.0,5.0,1,1,0,1,0,0,1,1,1,0,0,0,1,1,0,1,1,0,0,0,1,0,0,24125456,1.73,5,0,0,0
676,Nadine,2394.0,87%,61%,0,Gaslamp,290.0,290.0,1,1,0,1,0,0,1,0,0,0,0,0,1,1,0,1,1,0,0,0,0,1,0,24126726,0.07,2,0,0,0
677,Patsy,2391.0,100%,99%,0,,2.0,2.0,1,1,0,1,0,0,1,0,0,1,0,0,1,1,0,1,1,0,0,0,0,0,1,24241984,17.76,13,0,0,0
678,Jill,2391.0,100%,96%,1,,2.0,2.0,1,1,0,1,0,0,1,1,1,0,0,0,1,1,0,1,1,0,1,0,0,0,1,24243083,5.48,2,0,0,0
679,Andrew,2385.0,100%,100%,1,,1.0,1.0,1,1,0,1,0,0,1,1,1,0,0,0,1,1,0,1,1,0,0,0,0,0,1,24449614,1.91,1,0,0,0
680,Michelle,2382.0,86%,100%,1,,1.0,1.0,1,0,0,1,0,0,1,0,1,0,0,0,1,1,0,1,0,0,0,0,0,0,1,24562305,5.61,1,0,0,0
681,Giachery,2380.0,0%,100%,1,,2.0,2.0,1,1,0,1,0,0,1,0,1,0,0,0,0,1,0,1,0,0,0,1,0,0,0,24620580,8.809999999999999,2,0,0,0
682,Megan,2380.0,100%,98%,1,,7.0,7.0,1,1,0,1,1,1,1,0,1,1,0,0,1,1,0,1,0,0,1,0,0,0,1,24637373,14.130000000000003,6,0,0,0
683,Bill And Debbie,2379.0,100%,100%,1,,2.0,2.0,1,1,0,1,0,0,1,0,1,0,0,0,1,1,0,1,0,0,0,0,0,0,1,24675632,5.07,1,0,0,0
684,Gerry,2376.0,100%,100%,1,,0.0,0.0,1,1,0,1,0,0,1,1,0,1,0,0,1,1,0,0,1,0,0,0,0,0,1,24758299,1.6099999999999999,3,0,0,0
685,Jacob,2376.0,,100%,0,,0.0,0.0,1,1,0,1,1,0,1,0,0,1,0,0,1,1,0,1,1,0,0,0,0,0,0,24770322,0.25,1,0,0,0
686,Doy,2376.0,100%,96%,1,,1.0,1.0,1,1,0,1,0,0,1,0,1,0,0,0,1,1,0,1,0,0,1,0,1,0,0,24774248,2.26,1,0,0,0
687,Sandy,2374.0,100%,100%,1,,1.0,1.0,1,0,0,1,0,0,0,0,0,0,0,0,0,1,0,1,0,0,0,0,0,0,1,24841340,0.85,1,0,0,0
688,Heidi,2373.0,100%,100%,1,,1.0,1.0,1,1,0,1,1,0,1,1,1,1,0,0,1,1,0,1,1,0,1,0,0,0,1,24869398,2.56,1,0,0,0
689,Blake,2372.0,100%,100%,0,North Nashville,5.0,5.0,1,0,0,1,0,0,0,0,0,1,0,0,0,1,0,1,0,0,0,0,0,0,1,24905886,17.18,10,0,0,0
690,Patrick,2372.0,91%,99%,0,,4.0,4.0,1,1,0,1,0,0,0,0,0,1,0,0,0,1,0,1,0,0,0,0,0,0,1,24908928,2.06,1,0,0,0
691,Katie,2370.0,100%,99%,1,,1.0,1.0,1,1,0,1,1,0,1,0,1,1,0,0,0,1,0,1,0,0,0,0,0,0,1,24956094,6.63,1,0,0,0
692,Patrick,2369.0,100%,100%,1,,1.0,1.0,1,0,0,1,0,0,0,0,0,1,0,0,0,1,0,1,0,0,0,0,0,0,1,24987037,5.14,1,0,0,0
693,Stephanie,2369.0,100%,50%,1,,1.0,1.0,1,0,0,1,0,0,0,0,0,0,0,0,0,1,0,1,0,0,0,0,1,0,0,25006117,0.74,1,0,0,0
694,Reenie,2366.0,100%,100%,1,,2.0,2.0,1,0,0,1,0,0,0,0,0,0,0,0,0,1,0,1,0,0,0,0,1,0,0,25092986,0.8700000000000001,2,0,0,0
695,Robert,2366.0,,,0,,1.0,1.0,1,1,0,1,1,0,1,1,1,1,0,0,0,1,0,1,1,0,0,0,0,0,0,25107926,0.09,1,0,0,0
696,Megan,2364.0,100%,95%,1,Germantown,1.0,1.0,1,1,0,1,0,0,1,0,1,0,0,0,0,1,0,1,0,0,0,0,1,0,0,25160053,2.2199999999999998,2,0,0,0
697,Frances,2364.0,100%,93%,1,,10.0,10.0,1,1,0,1,0,0,0,0,0,1,0,0,0,1,0,1,0,0,0,0,0,0,1,25162776,7.84,10,0,0,0
698,Carolyn,2362.0,100%,100%,0,,1.0,1.0,1,1,0,1,0,0,0,0,0,1,0,0,0,1,0,1,0,0,0,0,0,0,1,25235552,1.04,1,0,0,0
699,Charlie And Kim,2361.0,100%,98%,1,,3.0,3.0,1,1,0,1,1,1,1,0,0,1,0,0,1,1,0,1,0,0,1,0,0,0,1,25278197,7.01,3,0,0,0
700,Alexander,2359.0,,67%,1,,1.0,1.0,1,1,0,1,0,0,1,0,1,0,0,0,0,1,0,1,0,0,0,0,0,0,0,25350815,1.11,0,0,1,0
701,Todd,2359.0,100%,77%,0,,1.0,1.0,1,1,0,1,0,0,1,0,1,0,0,0,0,1,0,1,0,0,0,0,0,0,1,25366040,4.62,1,0,0,0
702,Angela,2359.0,100%,71%,1,,1.0,1.0,1,1,0,1,0,0,0,0,0,1,0,0,0,1,0,1,0,0,0,0,0,0,1,25371396,1.3,1,0,0,0
703,Matt,2357.0,,,0,,1.0,1.0,1,1,0,1,0,0,1,0,1,0,0,0,0,1,0,1,0,0,1,0,0,0,0,25418128,0.49,0,0,1,0
704,Danny,2357.0,100%,100%,0,Beacon Square,8.0,8.0,1,1,0,1,0,0,1,0,0,1,0,0,1,1,0,1,1,0,0,0,0,0,1,25430263,18.439999999999998,1,0,9,0
705,Erin,2356.0,100%,100%,0,,1.0,1.0,1,1,0,1,0,0,1,0,1,1,0,0,1,1,0,1,0,0,1,0,0,0,1,25467486,2.08,1,0,0,0
706,Steve & Lisa,2356.0,,0%,1,,1.0,1.0,1,1,0,1,1,0,1,1,1,0,0,0,1,1,0,1,1,0,0,0,0,0,0,25477565,3.0,1,0,0,0
707,Heather,2355.0,100%,98%,1,,1.0,1.0,1,0,0,1,0,0,0,0,0,0,0,0,0,1,0,0,0,0,0,0,0,0,1,25501625,3.3,1,0,0,0
708,Katherine,2355.0,75%,97%,1,Donelson Hills,0.0,0.0,1,1,0,1,1,0,1,0,1,0,0,0,1,1,0,1,0,0,0,0,0,0,1,25520447,2.21,1,0,0,0
709,Kesha,2354.0,100%,83%,0,,1.0,1.0,1,1,0,1,0,1,1,0,1,0,0,0,0,1,0,1,0,0,0,0,1,0,0,25529288,2.08,1,0,0,0
710,Seth,2352.0,100%,99%,0,,2.0,2.0,1,0,0,1,1,0,0,0,0,1,0,0,0,1,0,1,0,0,0,0,0,0,1,25631341,18.2,2,0,0,0
711,Pearl,2351.0,100%,80%,1,,1.0,1.0,1,1,0,1,0,0,1,0,1,0,0,0,0,1,0,1,0,0,0,0,0,0,1,25669392,2.11,1,0,0,0
712,Travis,2350.0,100%,100%,1,,2.0,2.0,1,1,0,1,0,0,1,0,1,0,0,0,1,1,0,0,1,0,0,0,0,0,1,25773101,4.19,0,0,1,0
713,Jared,2349.0,100%,96%,1,,1.0,1.0,1,1,0,1,0,0,1,0,1,0,0,0,1,1,0,1,0,0,0,0,0,0,1,25793998,1.69,1,0,0,0
714,Taylor,2346.0,,100%,0,,3.0,3.0,1,1,0,1,0,0,1,1,1,0,0,0,0,1,0,1,1,0,0,0,0,0,0,25967846,1.32,0,0,2,0
715,Brandon,2345.0,100%,97%,1,,1.0,1.0,1,1,0,1,1,0,0,0,0,1,0,0,0,1,0,1,0,0,0,0,0,0,1,26022118,8.99,1,0,0,0
716,Nona & Todd,2345.0,100%,83%,1,,2.0,2.0,1,1,0,1,0,0,1,0,1,0,0,0,0,1,0,1,0,0,0,0,1,0,0,26024838,0.56,0,0,2,0
717,Jenny & Craig,2344.0,100%,94%,1,Urbandale Nations,0.0,0.0,1,1,0,1,0,0,1,0,1,0,0,0,0,1,0,1,0,0,0,0,1,0,0,26050730,0.62,1,0,0,0
718,Alexa,2344.0,100%,96%,0,,3.0,3.0,1,1,0,1,1,0,1,0,1,0,0,0,1,1,0,1,0,0,0,0,0,0,1,26060758,4.84,1,0,0,0
719,Gina,2344.0,100%,93%,1,Glencliff,1.0,1.0,1,1,0,1,0,0,1,1,1,0,1,0,0,1,0,1,0,0,1,0,0,0,1,26069408,2.31,1,0,1,0
720,Silvia & Daren Strange,2343.0,100%,100%,1,,2.0,2.0,1,1,0,1,0,0,0,0,0,1,0,0,0,1,0,1,0,0,1,0,0,0,1,26113301,4.26,2,0,0,0
721,Christina,2343.0,100%,96%,1,,1.0,1.0,1,0,0,1,0,0,1,0,1,0,0,0,1,1,0,1,0,0,0,0,0,0,1,26128341,2.52,1,0,0,0
722,Melissa,2342.0,,,0,East Nashville,0.0,0.0,1,1,0,1,0,0,1,0,0,0,0,0,1,1,0,0,1,0,0,0,0,0,0,26170100,0.0,1,0,0,0
723,Jonathan,2342.0,100%,100%,1,Talbot's Corner,1.0,1.0,1,1,0,1,0,0,1,0,1,0,0,0,0,1,0,1,0,0,1,0,0,0,1,26171953,2.69,2,0,0,0
724,Marie,2342.0,,100%,1,,1.0,1.0,1,1,0,1,0,1,1,1,0,1,0,0,1,1,0,1,1,0,0,0,0,0,0,26179993,1.53,0,0,1,0
725,Christy,2341.0,100%,100%,1,Downtown,3.0,3.0,1,1,0,1,0,0,0,0,0,1,0,0,0,1,0,1,0,0,0,0,0,0,1,26211861,7.89,1,0,0,0
726,Jason,2340.0,,,0,,1.0,1.0,1,1,0,1,0,0,1,0,1,0,0,0,0,1,0,1,0,0,0,0,0,0,0,26248043,0.07,1,0,0,0
727,Julia+Keith,2340.0,100%,95%,1,,3.0,3.0,1,1,0,1,0,0,1,1,1,0,0,0,1,1,0,1,1,0,0,0,0,0,1,26269624,6.94,2,0,0,0
728,Trey & Adrienne,2339.0,100%,92%,0,,0.0,0.0,1,1,0,1,0,0,1,0,0,0,0,0,1,1,0,0,0,0,0,0,1,0,0,26328303,0.41,1,0,0,0
729,Brittani,2337.0,100%,100%,1,,1.0,1.0,1,1,0,1,0,0,1,0,0,0,0,0,1,1,0,0,1,0,0,0,0,0,1,26404837,1.64,1,0,0,0
730,Marcia,2336.0,100%,79%,0,,0.0,0.0,1,0,0,1,1,0,0,0,0,0,0,0,0,1,0,1,0,0,0,0,0,1,0,26493160,2.75,1,0,0,0
731,Shelley,2335.0,100%,94%,1,,2.0,2.0,1,0,0,1,0,0,1,0,1,0,0,0,0,1,0,1,0,0,0,0,0,0,1,26538767,3.63,1,0,0,0
732,Beth,2335.0,100%,98%,1,,2.0,2.0,1,1,0,1,0,0,1,0,1,0,0,0,1,1,0,1,0,0,0,0,0,0,1,26547599,3.23,1,0,0,0
733,Jennifer,2334.0,0%,0%,0,,0.0,0.0,1,1,0,1,0,0,0,0,0,1,0,0,0,1,0,1,0,0,0,1,0,0,0,26588108,0.15,1,0,0,0
734,John & Lori,2334.0,100%,100%,1,,1.0,1.0,1,0,0,1,0,0,1,0,1,0,0,0,0,1,0,1,0,0,1,0,0,0,1,26604311,1.68,1,0,0,0
735,Heather,2330.0,100%,96%,1,,2.0,2.0,1,1,0,1,0,0,1,0,1,0,0,0,0,1,0,1,0,0,0,0,0,1,0,26788778,2.05,1,0,0,0
736,Karen & Paul,2330.0,100%,0%,1,,1.0,1.0,1,1,0,1,0,0,1,1,0,0,0,0,1,1,0,1,1,0,0,0,0,1,0,26823237,0.55,0,0,2,0
737,Sarah And Jonathan,2329.0,100%,75%,1,,2.0,2.0,1,1,0,1,0,0,1,0,1,0,0,0,1,1,0,1,0,0,0,0,0,1,0,26871625,1.9,0,0,1,0
738,Cole,2328.0,100%,100%,1,,0.0,0.0,1,1,0,1,0,0,1,0,0,0,0,0,1,1,0,1,1,0,0,0,0,0,1,26906457,1.73,1,0,0,0
739,Pam,2327.0,100%,97%,1,,2.0,2.0,1,1,0,1,1,0,1,0,1,0,0,0,0,1,0,1,0,0,0,0,1,0,0,26945569,4.74,2,0,0,0
740,Brian,2327.0,100%,100%,1,,2.0,2.0,1,1,0,1,0,0,1,0,0,0,0,0,1,1,0,1,1,0,0,0,0,0,1,26952016,4.52,2,0,0,0
741,Charlotte,2326.0,,91%,1,,0.0,0.0,1,1,0,1,0,0,1,0,0,0,0,0,1,1,0,0,1,0,0,0,0,0,0,26997029,2.14,1,0,0,0
742,Sara,2326.0,100%,100%,1,,1.0,1.0,1,1,0,1,0,0,0,0,0,1,0,0,0,1,0,1,0,0,1,0,0,0,1,27009411,5.96,1,0,0,0
743,Nita,2325.0,100%,89%,1,,1.0,1.0,1,1,0,1,0,0,1,0,1,0,0,0,0,1,0,1,0,0,1,0,0,0,1,27048897,2.7,1,0,0,0
744,Jessica,2325.0,,,0,,1.0,1.0,1,1,0,1,1,0,1,0,0,0,0,0,1,1,0,1,0,0,0,0,0,0,0,27073941,0.39,1,0,0,0
745,Kellie,2323.0,100%,100%,1,,5.0,5.0,1,1,0,1,0,0,1,1,1,0,0,0,1,1,0,1,1,0,0,0,0,0,1,27151458,1.69,1,0,0,0
746,Nancy,2323.0,100%,100%,1,,1.0,1.0,1,1,0,1,0,1,1,0,0,1,0,0,1,1,0,1,1,0,0,0,0,0,1,27167025,2.42,1,0,0,0
747,Karen,2323.0,100%,100%,1,,1.0,1.0,1,1,0,1,0,0,1,0,0,0,0,0,1,1,0,1,0,0,0,0,0,0,1,27181078,2.21,1,0,0,0
748,Yvonne,2319.0,100%,100%,0,,1.0,1.0,1,0,0,1,0,0,0,0,0,0,0,0,0,1,0,0,0,0,0,0,1,0,0,27351332,1.91,1,0,0,0
749,Jill,2319.0,100%,99%,1,,9.0,9.0,1,1,0,1,0,1,1,0,1,0,0,0,1,1,0,1,0,0,1,0,0,0,1,27375393,18.26,7,0,0,0
750,Ty,2319.0,,,0,,1.0,1.0,1,1,0,1,0,0,1,0,1,0,0,0,0,1,0,1,0,0,1,0,0,0,0,27386585,0.0,1,0,0,0
751,Lyndsay,2318.0,100%,100%,0,,1.0,1.0,1,1,0,1,0,0,1,1,1,0,0,0,1,1,0,0,1,0,0,0,1,0,0,27427690,1.1,1,0,0,0
752,Karla,2316.0,100%,100%,1,,1.0,1.0,1,1,0,1,1,0,1,0,1,0,0,0,1,1,0,1,0,0,0,0,0,0,1,27530680,1.89,1,0,0,0
753,Matthew,2315.0,,100%,1,,1.0,1.0,1,1,0,1,0,0,1,0,1,0,0,0,1,1,0,1,0,0,0,0,0,0,0,27589612,1.19,1,0,0,0
754,Sarah,2315.0,100%,100%,1,Hope Gardens,0.0,0.0,1,1,0,0,0,0,0,0,0,1,0,0,0,1,0,0,0,0,0,0,0,0,1,27614722,2.0,1,0,0,0
755,Adam,2314.0,100%,,1,,1.0,1.0,1,1,0,1,0,0,1,0,1,0,0,0,0,1,0,1,0,0,1,0,0,0,1,27621511,1.8,1,0,0,0
756,Kate,2313.0,100%,83%,1,,1.0,1.0,1,0,0,1,0,0,0,0,0,1,0,0,0,1,0,1,0,0,0,0,0,0,1,27691425,1.9,0,0,1,0
757,Rod And Alexander,2313.0,100%,98%,0,,2.0,2.0,1,1,0,1,0,0,1,1,0,1,0,0,1,1,0,1,1,0,0,0,0,0,1,27706872,2.01,1,0,0,0
758,Mary,2311.0,,,0,,0.0,0.0,1,0,0,1,0,0,0,0,0,0,0,0,0,1,0,1,0,0,0,0,0,0,0,27786776,0.0,1,0,0,0
759,Justin & Sunshine,2311.0,100%,99%,1,,1.0,1.0,1,1,0,1,0,0,1,0,0,0,0,0,1,1,0,1,0,0,0,0,0,0,1,27790568,4.84,1,0,0,0
760,Julia,2310.0,100%,98%,1,,2.0,2.0,1,1,0,1,1,1,1,0,0,1,0,0,1,1,0,1,0,0,0,0,0,0,1,27853322,1.49,1,0,0,0
761,Brent,2309.0,100%,100%,0,Madison,0.0,0.0,1,1,0,1,0,0,1,1,1,0,0,0,1,1,0,1,1,0,0,0,0,0,1,27900284,2.14,1,0,0,0
762,Shaylee,2309.0,0%,,0,,1.0,1.0,1,1,0,1,1,0,1,0,1,0,0,0,0,1,0,1,0,0,0,1,0,0,0,27900673,0.86,1,0,0,0
763,Thomm And Eva,2308.0,100%,96%,1,,1.0,1.0,1,1,0,1,0,0,0,0,0,1,0,0,0,1,0,1,0,0,0,0,0,1,0,27950672,5.42,1,0,0,0
764,Lacy,2308.0,100%,100%,0,Bay Ho,2.0,2.0,1,1,0,1,0,0,0,0,0,1,0,0,0,1,0,1,0,0,1,0,0,0,1,27973098,0.41,1,0,0,0
765,Yvonne,2307.0,100%,100%,1,,1.0,1.0,1,0,0,1,0,0,1,0,1,1,0,0,1,1,0,1,0,0,0,0,0,0,1,27981303,3.0,0,0,1,0
766,Jordan,2307.0,100%,98%,1,,2.0,2.0,1,1,0,1,1,0,1,0,1,0,0,0,1,1,0,1,0,0,0,0,0,0,1,28025309,8.11,2,0,0,0
767,Gina,2307.0,100%,100%,0,,1.0,1.0,1,1,0,1,0,0,1,0,1,0,0,0,1,1,0,1,0,0,1,0,0,1,0,28026431,0.19,0,0,1,0
768,Lori,2306.0,100%,100%,1,,2.0,2.0,1,0,0,1,0,0,1,0,0,1,0,0,1,1,0,1,0,0,0,0,0,0,1,28063824,2.5,1,0,0,0
769,Stephanie,2305.0,100%,99%,1,,0.0,0.0,1,1,0,1,0,0,1,0,1,0,0,0,1,1,0,1,0,0,0,0,0,0,1,28121506,5.4,1,0,0,0
770,Hey Yall Nashville,2304.0,100%,82%,1,Fisk/Meharry,24.0,24.0,1,1,0,1,0,0,1,0,1,1,0,0,1,1,0,1,0,0,0,0,0,0,1,28196034,50.14,18,0,0,0
771,Meredith,2302.0,100%,100%,1,,1.0,1.0,1,1,0,1,0,0,0,0,0,1,0,0,0,1,0,1,0,0,0,0,0,0,1,28291500,3.94,0,0,1,0
772,Sterling,2302.0,100%,99%,1,,1.0,1.0,1,1,0,1,0,0,1,1,1,0,0,0,0,1,0,1,1,0,1,0,0,0,1,28311068,5.5,1,0,0,0
773,Greg,2300.0,100%,100%,1,,2.0,2.0,1,1,0,1,0,0,1,0,1,1,0,0,1,1,0,1,0,0,0,0,0,0,1,28422447,4.3,1,0,0,0
774,Elliott,2299.0,,88%,1,,1.0,1.0,1,0,0,1,1,0,0,0,0,1,0,0,0,1,0,1,0,0,0,0,0,0,0,28455657,4.0,1,0,0,0
775,Alphonse,2296.0,100%,82%,1,,1.0,1.0,1,1,0,1,0,0,1,0,0,1,0,0,1,1,0,1,0,0,0,0,0,1,0,28627491,1.06,1,0,0,0
776,Rebekah,2296.0,100%,82%,0,,2.0,2.0,1,1,0,1,0,0,0,0,0,1,0,0,0,1,0,1,0,0,0,0,0,1,0,28633993,0.47,1,0,0,0
777,Artemis,2296.0,100%,99%,1,Hope Gardens,2.0,2.0,1,1,0,1,1,0,1,0,1,1,0,0,1,1,0,1,0,0,0,0,0,0,1,28637435,5.61,2,0,0,0
778,Sparrow,2296.0,,,0,,0.0,0.0,1,1,0,1,0,0,1,0,1,0,0,0,1,1,0,1,0,0,0,0,0,0,0,28644872,0.55,1,0,1,0
779,Allan,2295.0,100%,100%,1,,1.0,1.0,1,1,0,1,0,1,1,0,0,1,0,0,1,1,0,1,0,0,0,0,0,0,1,28698498,2.4,1,0,0,0
780,Sam,2294.0,100%,97%,1,,2.0,2.0,1,1,0,1,1,0,1,0,0,1,0,0,1,1,0,1,0,0,1,0,0,0,1,28766725,2.86,1,0,0,0
781,Adam,2293.0,,,0,Porter Heights,2.0,2.0,1,1,0,1,0,0,1,1,1,0,0,0,1,1,0,1,1,0,0,0,0,0,0,28835457,0.0,0,0,2,0
782,Cody,2292.0,,100%,1,,1.0,1.0,1,1,0,1,1,0,1,0,0,1,0,0,1,1,0,1,0,0,0,0,0,0,0,28856286,3.55,1,0,0,0
783,Sarah,2290.0,100%,100%,1,,1.0,1.0,1,1,0,1,0,0,1,1,1,0,0,0,0,1,0,1,1,0,0,0,0,0,1,28979993,2.64,0,0,1,0
784,R.C. & Beth,2290.0,100%,98%,1,,1.0,1.0,1,0,0,1,0,0,0,0,0,1,0,0,0,1,0,1,0,0,0,0,0,0,1,28988137,3.83,1,0,0,0
785,Kelly,2290.0,100%,97%,1,,1.0,1.0,1,1,0,1,0,0,0,0,0,1,0,0,0,1,0,1,0,0,0,0,1,0,0,28999686,3.23,1,0,0,0
786,Diana,2289.0,50%,,0,East Nashville,0.0,0.0,1,1,0,1,0,0,1,1,1,0,0,0,1,1,0,0,1,0,0,0,0,1,0,29038907,0.0,0,0,1,0
787,Brady,2289.0,97%,92%,0,,5.0,5.0,1,1,0,1,0,0,1,1,1,0,0,0,1,1,0,1,1,0,1,0,0,0,1,29070976,7.67,2,0,0,0
788,Mia,2288.0,,,0,,1.0,1.0,1,1,0,1,0,0,1,0,1,0,0,0,0,1,0,1,0,0,0,0,0,0,0,29130971,0.31,0,0,1,0
789,Jonny And Libby,2287.0,100%,100%,1,Urbandale Nations,1.0,1.0,1,1,0,1,0,0,1,0,1,0,0,0,0,1,0,1,0,0,0,0,0,0,1,29174043,3.34,2,0,0,0
790,Mitch,2287.0,,,1,,2.0,2.0,1,1,0,1,1,0,1,1,0,1,0,0,1,1,0,1,1,0,0,0,0,0,0,29178770,3.01,1,0,1,0
791,Leah,2287.0,,,0,,1.0,1.0,1,1,0,1,1,0,1,1,1,1,0,0,1,1,0,1,1,0,1,0,0,0,0,29184977,0.35,1,0,0,0
792,Meg,2287.0,,100%,0,,1.0,1.0,1,1,0,1,0,0,0,0,0,1,0,0,0,1,0,1,0,0,0,0,0,0,0,29185155,0.33,1,0,0,0
793,Leah,2285.0,100%,98%,1,,1.0,1.0,1,1,0,1,1,0,1,0,1,0,0,0,1,1,0,0,0,0,0,0,0,0,1,29270297,4.53,1,0,0,0
794,Chase,2285.0,100%,100%,1,,1.0,1.0,1,1,0,1,0,0,0,0,0,1,0,0,0,1,0,1,0,0,1,0,0,0,1,29272515,4.0,1,0,0,0
795,Caitlin,2285.0,100%,100%,1,,2.0,2.0,1,1,0,1,1,0,1,0,0,0,0,0,1,1,0,1,0,0,0,0,0,0,1,29281859,5.41,1,0,1,0
796,Chris,2284.0,,95%,1,,1.0,1.0,1,1,0,1,0,0,1,0,1,1,0,0,0,1,0,1,0,0,0,0,0,0,0,29330013,3.65,1,0,0,0
797,Adrian,2283.0,33%,83%,1,,0.0,0.0,1,0,0,1,1,0,0,0,0,0,0,0,0,1,0,0,0,0,0,1,0,0,0,29384160,0.83,1,0,0,0
798,Claudia,2283.0,100%,100%,1,,1.0,1.0,1,1,0,1,0,0,1,0,0,0,0,0,1,1,0,0,1,0,0,0,0,0,1,29387114,4.14,1,0,0,0
799,Louis,2282.0,,100%,1,,0.0,0.0,1,1,0,1,0,0,0,0,0,1,0,0,0,1,0,1,0,0,1,0,0,0,0,29466591,0.32,1,0,0,0
800,Kelly,2282.0,100%,98%,1,Table Rock,4.0,4.0,1,1,0,1,1,0,1,1,1,0,0,0,1,1,0,1,1,0,0,0,0,0,1,29474549,0.77,1,0,0,0
801,Mary Kathryn,2279.0,93%,100%,0,,1.0,1.0,1,1,0,1,0,0,1,0,1,0,0,0,0,1,0,1,0,0,0,0,0,0,1,29624195,3.76,1,0,0,0
802,Mark,2279.0,100%,98%,1,,1.0,1.0,1,1,0,1,0,0,1,0,1,0,0,0,0,1,0,1,0,0,0,0,0,0,1,29640416,2.35,1,0,0,0
803,Kendall,2279.0,100%,96%,1,,0.0,0.0,1,1,0,0,0,0,1,0,0,0,0,0,1,1,0,0,1,0,0,0,0,0,1,29657229,1.78,0,0,1,0
804,Robert,2277.0,,100%,0,,1.0,1.0,1,1,0,1,1,0,1,1,1,0,0,0,1,1,0,1,1,0,0,0,0,0,0,29733160,0.99,1,0,0,0
805,Ashley,2276.0,100%,92%,1,,1.0,1.0,1,1,0,0,0,0,1,1,0,0,0,0,1,1,0,0,1,0,0,0,0,0,1,29801925,1.51,1,0,0,0
806,Thomas,2275.0,100%,100%,0,,1.0,1.0,1,1,0,1,1,0,0,0,0,1,0,0,0,1,0,1,0,0,0,0,0,0,1,29870132,0.84,1,0,0,0
807,Bethany,2274.0,,100%,1,,1.0,1.0,1,1,0,1,0,0,0,0,0,1,0,0,0,1,0,1,0,0,0,0,0,0,0,29921983,3.98,0,0,1,0
808,Taylor,2274.0,90%,65%,1,,2.0,2.0,1,0,0,1,0,0,0,0,0,0,0,0,0,1,0,1,0,0,0,0,0,1,0,29955553,1.8,1,0,0,0
809,Jennifer,2272.0,100%,96%,1,Joelton,1.0,1.0,1,1,0,1,0,0,1,0,1,0,0,0,0,1,0,1,0,0,0,0,0,1,0,30066816,3.21,1,0,0,0
810,Keavy,2272.0,,100%,1,,1.0,1.0,1,1,0,1,0,0,0,0,0,1,0,0,0,1,0,1,0,0,1,0,0,0,0,30066988,2.94,1,0,0,0
811,Matt And Shara,2272.0,,,0,,1.0,1.0,1,1,0,1,0,0,0,0,0,1,0,0,0,1,0,1,0,0,0,0,0,0,0,30070119,0.25,1,0,0,0
812,Marinda,2272.0,98%,99%,1,,3.0,3.0,1,0,0,1,0,0,0,0,0,1,0,0,0,1,0,1,0,0,0,0,0,0,1,30078371,3.81,1,0,0,0
813,Kasey,2271.0,100%,95%,1,,2.0,2.0,1,1,0,1,1,1,1,1,1,0,0,0,1,1,0,1,1,0,1,0,0,0,1,30102228,4.9799999999999995,1,0,1,0
814,Jessica,2270.0,100%,96%,1,,1.0,1.0,1,1,0,1,0,1,0,0,0,1,0,0,0,1,0,1,0,0,0,0,0,0,1,30139823,3.8,1,0,0,0
815,Emelia,2270.0,,,0,,1.0,1.0,1,1,0,1,0,0,1,0,1,0,0,0,0,1,0,1,0,0,0,0,0,0,0,30142934,0.54,1,0,0,0
816,Brett,2264.0,,100%,1,,2.0,2.0,1,1,0,1,0,0,1,0,1,0,0,0,1,1,0,1,0,0,0,0,0,0,0,30548787,7.97,1,0,1,0
817,Rudy,2263.0,100%,100%,1,,1.0,1.0,1,1,0,1,0,0,1,1,1,0,0,0,1,1,0,1,1,0,1,0,0,0,1,30566493,4.44,0,0,1,0
818,David,2263.0,,100%,0,,1.0,1.0,1,0,0,1,0,0,0,0,0,1,0,0,0,1,0,1,0,0,0,0,0,0,0,30587636,2.63,0,0,1,0
819,Rosalyn,2262.0,100%,100%,0,,1.0,1.0,1,1,0,1,0,0,1,1,1,0,0,0,1,1,0,0,1,0,0,0,1,0,0,30656152,0.14,1,0,0,0
820,Natalie,2261.0,,,0,,1.0,1.0,1,1,0,1,0,0,1,0,0,0,0,0,1,1,0,0,1,0,0,0,0,0,0,30722139,0.59,1,0,0,0
821,Jessica And Jeff,2261.0,,,0,,1.0,1.0,1,1,0,1,0,0,1,0,1,0,0,0,0,1,0,0,0,0,0,0,0,0,0,30725692,0.33,1,0,0,0
822,Oscar,2261.0,100%,100%,0,Haynes Area,0.0,0.0,1,1,0,1,0,1,1,1,0,0,0,0,1,1,0,0,1,0,0,0,0,0,1,30733625,0.0,0,0,2,0
823,Marc,2260.0,100%,93%,1,,1.0,1.0,1,1,0,1,0,0,1,0,1,0,0,0,0,1,0,1,0,0,0,0,0,0,1,30745101,2.07,1,0,0,0
824,Brooke,2260.0,99%,53%,1,Midtown,653.0,653.0,1,1,0,1,0,0,1,0,1,0,1,0,0,1,0,1,0,0,0,0,1,0,0,30787515,1.02,6,0,0,0
825,Moheb,2259.0,100%,33%,0,Upper East Side,2.0,2.0,1,1,0,1,0,0,0,0,0,1,0,0,0,1,0,1,0,0,1,0,1,0,0,30868859,0.06,1,0,0,0
826,Cameron,2258.0,100%,100%,1,,1.0,1.0,1,1,0,1,1,0,1,0,1,0,0,0,0,1,0,1,0,0,0,0,0,0,1,30939059,1.34,1,0,0,0
827,Blake,2257.0,100%,100%,0,,1.0,1.0,1,1,0,1,1,0,1,0,1,1,0,0,0,1,0,1,0,0,1,0,0,0,1,30949285,6.79,1,0,0,0
828,Xenos,2257.0,100%,99%,1,Downtown,18.0,18.0,1,1,0,1,0,0,1,0,1,0,0,0,1,1,0,1,0,0,0,0,0,0,1,30962240,16.82,15,0,0,0
829,Jessica Joy,2256.0,100%,100%,1,,13.0,13.0,1,1,0,1,0,0,1,0,1,0,0,0,1,1,0,1,0,0,1,0,0,0,1,30995912,34.49000000000001,12,0,0,0
830,Leanne,2256.0,100%,100%,1,,1.0,1.0,1,1,0,1,1,0,1,0,1,0,0,0,0,1,0,1,0,0,0,0,0,0,1,31032307,1.86,1,0,0,0
831,Jordan And Joshua,2256.0,,100%,1,,1.0,1.0,1,1,0,1,0,0,1,1,1,0,0,0,1,1,0,1,1,0,0,0,0,0,0,31037729,1.97,0,0,1,0
832,Anneliese,2255.0,100%,98%,1,,1.0,1.0,1,0,0,1,1,0,0,0,0,0,0,0,0,1,0,1,0,0,0,0,0,0,1,31050052,9.37,1,0,0,0
833,Laura & Jason,2254.0,,,0,,2.0,2.0,1,1,0,1,0,0,1,0,1,1,0,0,1,1,0,1,0,0,1,0,0,0,0,31139913,0.22,1,0,0,0
834,Cory,2254.0,96%,94%,1,,2.0,2.0,1,1,0,1,0,0,0,0,0,1,0,0,0,1,0,1,0,0,0,0,0,0,1,31159071,6.199999999999999,2,0,0,0
835,Meredith,2254.0,100%,92%,0,,1.0,1.0,1,1,0,1,0,1,1,1,1,0,0,0,0,1,0,1,1,0,1,0,0,0,1,31175732,1.2,0,0,1,0
836,Scott,2253.0,100%,73%,1,South Lake Tahoe,512.0,512.0,1,1,0,1,0,0,0,0,0,1,0,0,0,1,0,1,0,0,0,0,0,0,1,31214940,0.19,2,0,2,0
837,Jeanette,2253.0,,,0,,1.0,1.0,1,1,0,1,0,0,1,0,0,0,0,0,1,1,0,1,1,0,0,0,0,0,0,31234553,1.69,1,0,0,0
838,Marlon,2253.0,,,0,,1.0,1.0,1,0,0,1,0,0,0,0,0,0,0,0,0,1,0,0,0,0,0,0,0,0,0,31235422,0.0,1,0,0,0
839,Christopher,2252.0,,,0,,1.0,1.0,1,1,0,1,1,0,1,0,0,1,0,0,1,1,0,1,0,0,0,0,0,0,0,31254277,0.0,0,0,1,0
840,Craig,2252.0,100%,100%,0,,0.0,0.0,1,1,0,1,0,0,1,0,1,0,0,0,0,1,0,1,0,0,0,0,0,0,1,31283396,1.7899999999999998,0,0,4,0
841,Traci,2252.0,100%,100%,0,,1.0,1.0,1,0,0,1,0,0,1,0,1,0,0,0,1,1,0,0,0,0,0,0,0,0,1,31293644,1.43,1,0,0,0
842,Dustin,2252.0,,,1,,2.0,2.0,1,0,0,1,1,0,1,0,1,1,0,0,1,1,0,1,0,0,0,0,0,0,0,31301550,1.7200000000000002,0,0,2,0
843,Grace & Keenan,2252.0,100%,100%,1,,1.0,1.0,1,1,0,1,1,0,1,1,1,0,0,0,0,1,0,1,1,0,0,0,0,0,1,31306622,3.8,1,0,0,0
844,Jessica,2252.0,70%,17%,0,,2.0,2.0,1,0,0,0,0,0,0,0,0,0,0,0,0,1,0,0,0,0,0,0,1,0,0,31306951,0.08,0,0,2,0
845,Peter,2251.0,,100%,0,,0.0,0.0,1,1,0,1,0,0,0,0,0,1,0,0,0,1,0,1,0,0,0,0,0,0,0,31315172,0.09,1,0,0,0
846,Alyssa & Konrad,2250.0,100%,98%,1,,2.0,2.0,1,1,0,1,0,0,1,1,1,1,0,0,1,1,0,1,1,0,1,0,0,0,1,31422469,7.19,1,0,0,0
847,Josh And Andrea,2249.0,0%,40%,1,,1.0,1.0,1,1,0,1,0,0,1,0,1,1,0,0,0,1,0,1,0,0,0,1,0,0,0,31456517,3.2,1,0,0,0
848,John,2249.0,100%,100%,1,,2.0,2.0,1,1,0,1,0,0,1,0,0,1,0,0,1,1,0,0,0,0,0,0,0,0,1,31485611,1.22,2,0,0,0
849,Brandon,2248.0,100%,99%,1,East Nashville,28.0,28.0,1,1,0,1,0,1,1,1,1,1,0,0,1,1,0,1,1,0,1,0,0,0,1,31549142,61.92000000000002,24,0,0,0
850,Charli,2247.0,,100%,1,Stanford Estates,1.0,1.0,1,1,0,1,0,0,0,0,0,1,0,0,0,1,0,1,0,0,0,0,0,0,0,31620313,1.6,2,0,0,0
851,Lindsay,2247.0,100%,100%,1,,1.0,1.0,1,1,0,1,0,0,1,1,1,0,0,0,1,1,0,1,1,0,0,0,0,0,1,31621351,9.22,0,0,1,0
852,Matthew,2246.0,,71%,0,,1.0,1.0,1,1,0,1,0,0,1,0,1,0,0,0,0,1,0,1,0,0,0,0,0,0,0,31649105,2.24,1,0,0,0
853,Christian,2245.0,100%,99%,1,,1.0,1.0,1,0,0,1,0,0,0,0,0,1,0,0,0,1,0,1,0,0,0,0,0,0,1,31719780,2.3,1,0,0,0
854,Kristyn,2245.0,100%,100%,1,,1.0,1.0,1,1,0,1,0,0,0,0,0,1,0,0,0,1,0,1,0,0,0,0,0,0,1,31720018,4.47,1,0,0,0
855,Dani,2245.0,100%,97%,1,Talbot's Corner,0.0,0.0,1,1,0,1,0,0,1,0,0,1,0,0,1,1,0,1,0,0,0,0,0,0,1,31737573,7.14,0,0,2,0
856,Patrick,2245.0,100%,100%,1,,1.0,1.0,1,1,0,1,0,0,0,0,0,1,0,0,0,1,0,1,0,0,0,0,1,0,0,31751665,2.91,1,0,0,0
857,Breanna And Joe,2245.0,,100%,1,,1.0,1.0,1,1,0,1,0,0,1,0,0,0,0,0,1,1,0,0,0,0,0,0,0,0,0,31762288,1.64,1,0,0,0
858,Mary Carlisle,2244.0,100%,100%,0,,1.0,1.0,1,0,0,1,0,0,1,0,1,0,0,0,0,1,0,1,0,0,1,0,0,0,1,31791325,6.75,1,0,0,0
859,Kaylyn,2243.0,50%,71%,0,Hermitage,2.0,2.0,1,1,0,1,1,0,1,0,1,0,0,0,0,1,0,1,1,0,0,0,0,1,0,31838543,0.0,0,0,0,2
860,Trish,2243.0,100%,82%,1,,1.0,1.0,1,1,0,1,0,0,0,0,0,1,0,0,0,1,0,1,0,0,0,0,0,0,1,31863802,3.43,1,0,0,0
861,Kathy,2243.0,100%,86%,1,,37.0,37.0,1,1,0,0,0,0,1,0,0,1,0,0,1,1,0,1,0,0,0,0,0,0,1,31870579,6.59,11,0,0,0
862,Victoria,2241.0,,100%,1,,1.0,1.0,1,1,0,1,0,0,1,0,1,0,0,0,0,1,0,1,0,0,0,0,0,0,0,32007191,0.82,1,0,0,0
863,Emily,2241.0,100%,100%,1,,3.0,3.0,1,1,0,1,1,0,1,0,1,0,0,0,1,1,0,1,0,0,0,0,0,0,1,32013859,6.13,3,0,0,0
864,Gwen,2240.0,100%,100%,1,,1.0,1.0,1,1,0,1,0,0,0,0,0,1,0,0,0,1,0,1,0,0,0,0,0,0,1,32084893,1.27,1,0,0,0
865,Lori,2239.0,,75%,1,,1.0,1.0,1,1,0,1,0,0,1,0,1,0,0,0,0,1,0,1,0,0,1,0,0,0,0,32119480,2.63,0,0,1,0
866,Javier & Nicole,2239.0,,,0,,2.0,2.0,1,1,0,1,0,0,1,0,1,1,0,0,0,1,0,1,0,0,0,0,0,0,0,32163082,0.35,1,0,1,0
867,Lisa,2239.0,100%,97%,1,Edgehill,6.0,6.0,1,0,0,1,0,0,1,0,1,0,0,0,1,1,0,1,0,0,0,0,1,0,0,32163305,0.23,1,0,0,0
868,Ben,2238.0,,,0,,1.0,1.0,1,0,0,1,0,0,0,0,0,0,0,0,0,1,0,1,0,0,0,0,0,0,0,32224476,0.88,1,0,0,0
869,Jake & Allison,2237.0,100%,97%,1,,1.0,1.0,1,1,0,1,0,0,0,0,0,1,0,0,0,1,0,1,0,0,0,0,0,0,1,32237012,1.53,1,0,0,0
870,John & Susan,2237.0,100%,81%,1,,1.0,1.0,1,1,0,1,0,1,1,0,0,0,0,0,1,1,0,0,0,0,0,0,0,0,1,32252093,0.99,1,0,0,0
871,Jason,2237.0,100%,91%,1,,2.0,2.0,1,1,0,1,0,0,0,0,0,1,0,0,0,1,0,1,0,0,0,0,1,0,0,32272323,2.44,1,0,0,0
872,Terri,2237.0,100%,100%,1,,2.0,2.0,1,1,0,1,0,0,1,0,1,0,0,0,0,1,0,1,0,0,1,0,0,0,1,32275188,6.84,2,0,0,0
873,Ruth,2237.0,100%,83%,1,,1.0,1.0,1,1,0,1,0,0,1,0,0,1,0,0,1,1,0,1,1,0,0,0,0,0,1,32298087,2.03,1,0,0,0
874,Rocky,2236.0,,,0,,1.0,1.0,1,1,0,1,0,0,1,0,1,0,0,0,1,1,0,1,0,0,0,0,0,0,0,32354332,0.3,1,0,0,0
875,Derek,2235.0,100%,91%,1,,1.0,1.0,1,1,0,1,1,0,1,0,1,0,0,0,1,1,0,1,0,0,0,0,0,0,1,32434050,4.38,1,0,0,0
876,Jonathan & Rebecca,2235.0,100%,100%,1,,1.0,1.0,1,1,0,1,0,0,0,0,0,1,0,0,0,1,0,1,0,0,0,0,0,0,1,32440482,11.23,1,0,0,0
877,Linda And Skip,2234.0,,100%,1,,1.0,1.0,1,1,0,1,0,0,1,0,0,1,0,0,1,1,0,1,0,0,0,0,0,0,0,32543568,3.72,1,0,0,0
878,Stacy And Casey,2233.0,100%,100%,1,Rutledge Hill,3.0,3.0,1,1,0,0,0,1,1,0,1,0,0,0,1,1,0,1,0,0,0,0,0,0,1,32592159,19.689999999999998,2,0,0,0
879,Shannon,2233.0,100%,100%,1,,1.0,1.0,1,1,0,1,1,0,1,0,1,0,0,0,0,1,0,1,0,0,1,0,0,0,1,32600924,3.55,0,0,1,0
880,Brandon,2233.0,100%,99%,1,,1.0,1.0,1,0,0,0,0,0,0,0,0,0,0,0,0,1,0,1,0,0,0,0,0,0,1,32601852,2.84,1,0,0,0
881,Jonathan,2233.0,100%,100%,1,,1.0,1.0,1,1,0,1,0,0,0,0,0,1,0,0,0,1,0,1,0,0,0,0,0,0,1,32624016,1.19,1,0,0,0
882,Ashley,2233.0,100%,88%,0,South Nashville,3.0,3.0,1,1,0,1,0,0,1,1,1,0,0,0,0,1,0,1,1,0,0,0,1,0,0,32632885,0.37,2,0,0,0
883,Audie,2232.0,100%,100%,1,,1.0,1.0,1,0,0,1,0,0,0,0,0,0,0,0,0,1,0,0,0,0,0,0,0,0,1,32710641,1.65,1,0,0,0
884,Leah,2232.0,,,0,,1.0,1.0,1,1,0,1,1,0,1,0,1,0,0,0,0,1,0,0,0,0,0,0,0,0,0,32713332,0.0,1,0,0,0
885,Roger,2231.0,100%,96%,1,,2.0,2.0,1,1,0,1,0,0,0,0,0,1,0,0,0,1,0,1,0,0,0,0,0,0,1,32722397,2.26,0,0,1,0
886,Stu,2231.0,,,0,,1.0,1.0,1,0,0,1,0,0,1,0,1,0,0,0,0,1,0,0,0,0,0,0,0,0,0,32757654,0.02,1,0,0,0
887,Ashley,2230.0,100%,100%,1,,0.0,0.0,1,1,0,1,0,0,1,0,0,1,0,0,1,1,0,1,1,0,0,0,0,0,1,32854475,4.68,1,0,0,0
888,Kristin,2230.0,100%,96%,1,Edgehill,1.0,1.0,1,1,0,0,0,0,1,1,0,0,0,0,1,1,0,0,1,0,0,0,0,0,1,32856717,2.03,1,0,0,0
889,Melony,2229.0,0%,100%,1,,3.0,3.0,1,1,0,1,0,0,1,0,1,0,0,0,0,1,0,0,0,0,0,1,0,0,0,32903812,0.18,1,0,0,0
890,Austin,2229.0,100%,93%,0,,2.0,2.0,1,1,0,1,0,0,1,1,1,0,0,0,0,1,0,1,1,0,1,0,0,0,1,32908259,2.95,1,0,0,0
891,John & Michelle,2228.0,100%,92%,1,,1.0,1.0,1,1,0,1,0,0,0,0,0,1,0,0,0,1,0,1,0,0,1,0,0,0,1,32964832,1.49,1,0,0,0
892,Melody,2228.0,,,0,,0.0,0.0,1,1,0,1,0,0,1,0,1,0,0,0,0,1,0,1,0,0,0,0,0,0,0,32968261,0.0,0,0,1,0
893,James,2226.0,100%,100%,1,,1.0,1.0,1,1,0,1,0,0,1,0,1,0,0,0,0,1,0,1,0,0,1,0,0,0,1,33164442,5.78,0,0,1,0
894,Daniel,2225.0,,,0,,1.0,1.0,1,1,0,1,0,0,1,1,1,0,0,0,1,1,0,1,1,0,0,0,0,0,0,33225771,0.0,1,0,0,0
895,Raymond And Sharon,2225.0,100%,93%,1,,1.0,1.0,1,1,0,1,0,0,0,0,0,1,0,0,0,1,0,1,0,0,0,0,0,0,1,33228196,4.25,0,0,1,0
896,Anitra,2225.0,100%,85%,0,,1.0,1.0,1,0,0,1,1,0,0,0,0,0,0,0,0,1,0,1,0,0,0,0,0,0,1,33239591,0.71,1,0,0,0
897,Ken And Jimmie,2224.0,100%,100%,1,,1.0,1.0,1,0,0,1,0,0,0,0,0,1,0,0,0,1,0,1,0,0,0,0,0,0,1,33282210,1.74,1,0,0,0
898,Christie,2223.0,100%,98%,1,,2.0,2.0,1,1,0,1,0,0,1,1,1,0,0,0,0,1,0,0,1,0,0,0,0,0,1,33357920,2.31,2,0,0,0
899,Lee,2223.0,100%,88%,0,,1.0,1.0,1,1,0,1,1,0,0,0,0,1,0,0,0,1,0,1,0,0,0,0,0,0,1,33388902,0.72,1,0,0,0
900,Summer,2223.0,100%,100%,1,,1.0,1.0,1,1,0,1,0,0,1,0,1,0,0,0,0,1,0,1,0,0,1,0,1,0,0,33392703,0.75,1,0,0,0
901,Matt And Ashlee,2222.0,100%,100%,1,,2.0,2.0,1,1,0,1,0,0,1,0,1,0,0,0,0,1,0,1,0,0,1,0,1,0,0,33467316,0.72,1,0,0,0
902,Jordan,2221.0,,,0,,1.0,1.0,1,0,0,1,0,0,0,0,0,0,0,0,0,1,0,1,0,0,0,0,0,0,0,33522428,0.0,1,0,0,0
903,Linda,2221.0,100%,100%,1,,3.0,3.0,1,0,0,1,0,0,0,0,0,0,0,0,0,1,0,1,0,0,0,0,0,0,1,33524311,3.8099999999999996,0,0,3,0
904,Alex,2220.0,,,0,,1.0,1.0,1,1,0,1,0,0,0,0,0,1,0,0,0,1,0,1,0,0,0,0,0,0,0,33604402,0.06,1,0,0,0
905,Tatiana,2219.0,100%,100%,1,,1.0,1.0,1,1,0,1,0,1,0,0,0,1,0,0,0,1,0,1,0,0,0,0,0,1,0,33690297,0.18,1,0,0,0
906,Tammi,2218.0,88%,100%,1,,2.0,2.0,1,1,0,1,0,1,1,0,0,1,0,0,1,1,0,1,0,0,1,0,1,0,0,33700529,1.2,1,0,0,0
907,Tracy & Eric,2218.0,,,1,,1.0,1.0,1,1,0,1,0,0,1,0,1,0,0,0,0,1,0,1,0,0,0,0,0,0,0,33785682,2.71,1,0,0,0
908,Codie,2217.0,100%,67%,1,,0.0,0.0,1,1,0,1,1,0,1,1,0,0,0,0,1,1,0,0,1,0,0,0,0,1,0,33792331,0.34,1,0,0,0
909,Candace,2217.0,100%,94%,1,,2.0,2.0,1,1,0,1,0,0,0,0,0,1,0,0,0,1,0,1,0,0,0,0,0,0,1,33841168,3.01,1,0,0,0
910,Kevin,2216.0,100%,100%,1,,1.0,1.0,1,1,0,1,0,0,1,1,1,0,0,0,0,1,0,1,1,0,0,0,0,0,1,33933214,1.29,1,0,0,0
911,Vanessa,2215.0,100%,97%,0,,1.0,1.0,1,1,0,1,0,0,0,0,0,1,0,0,0,1,0,1,0,0,0,0,0,0,1,34012010,3.06,1,0,0,0
912,Angie,2215.0,100%,73%,0,,6.0,6.0,1,1,0,1,0,0,1,0,1,1,0,0,1,1,0,1,0,0,0,0,0,1,0,34013549,3.3099999999999996,5,0,0,0
913,Tyler,2214.0,100%,100%,0,Brenton Park,1.0,1.0,1,1,0,1,0,0,1,0,1,0,0,0,0,1,0,1,0,0,1,0,0,0,1,34054906,0.0,1,0,0,0
914,J'Nae,2213.0,100%,100%,1,,1.0,1.0,1,1,0,1,0,1,0,0,0,1,0,0,0,1,0,1,0,0,0,0,0,0,1,34083255,2.58,1,0,0,0
915,Ron,2213.0,100%,100%,1,,0.0,0.0,1,1,0,1,0,0,1,1,1,0,0,0,1,1,0,0,1,0,1,0,0,0,1,34111775,1.46,1,0,0,0
916,Rossana,2213.0,100%,93%,1,,1.0,1.0,1,0,0,1,0,1,0,0,0,1,0,0,0,1,0,1,0,0,0,0,1,0,0,34125057,0.77,1,0,0,0
917,Malia,2211.0,100%,92%,1,,1.0,1.0,1,1,0,1,0,0,0,0,0,1,0,0,0,1,0,1,0,0,0,0,0,0,1,34294548,1.79,1,0,0,0
918,Derek & Lacey,2211.0,100%,99%,1,Midtown,10.0,10.0,1,1,0,1,0,0,1,0,0,0,0,0,1,1,0,1,0,0,0,0,0,0,1,34316903,22.69,9,0,0,0
919,Fran,2210.0,100%,100%,0,,1.0,1.0,1,1,0,1,0,0,1,0,0,1,0,0,1,1,0,1,0,0,0,0,0,0,1,34366380,2.38,1,0,0,0
920,Elysia,2210.0,100%,94%,1,,1.0,1.0,1,0,0,1,1,0,0,0,0,1,0,0,0,1,0,1,0,0,1,0,0,0,1,34390419,1.83,1,0,0,0
921,Greg,2209.0,100%,96%,1,,4.0,4.0,1,1,0,1,0,0,1,1,0,0,0,0,1,1,0,0,1,0,1,0,0,0,1,34410548,5.16,4,0,0,0
922,Jessica,2209.0,100%,97%,1,,4.0,4.0,1,1,0,1,0,1,1,1,1,1,0,0,1,1,0,1,1,0,0,0,0,0,1,34430307,5.3,1,0,0,0
923,Jordan,2209.0,,,0,,1.0,1.0,1,0,0,1,0,0,0,0,0,0,0,0,0,1,0,0,0,0,0,0,0,0,0,34460489,1.87,1,0,0,0
924,Rita & Alex,2209.0,,100%,1,,1.0,1.0,1,1,0,1,0,0,1,0,0,0,0,0,1,1,0,0,0,0,0,0,0,0,0,34475803,0.45,1,0,0,0
925,Dodd,2208.0,100%,100%,1,,2.0,2.0,1,0,0,1,0,1,0,0,0,1,0,0,0,1,0,1,0,0,0,0,0,1,0,34512925,4.24,2,0,0,0
926,Michelle,2208.0,100%,86%,1,,2.0,2.0,1,0,0,1,0,0,0,0,0,1,0,0,0,1,0,1,0,0,0,0,0,0,1,34517303,10.49,2,0,0,0
927,Adrian,2208.0,0%,96%,1,,1.0,1.0,1,1,0,1,0,0,1,0,1,0,0,0,0,1,0,1,0,0,0,1,0,0,0,34526652,2.29,1,0,0,0
928,Jake,2207.0,,,0,,1.0,1.0,1,1,0,1,0,0,1,1,1,0,0,0,1,1,0,1,1,0,0,0,0,0,0,34569620,0.27,1,0,0,0
929,Nina,2207.0,100%,100%,1,,1.0,1.0,1,0,0,1,0,0,0,0,0,0,0,0,0,1,0,1,0,0,0,0,0,0,1,34586461,1.4,1,0,0,0
930,Rafael,2207.0,100%,100%,0,Edge Of Lake,0.0,0.0,1,1,0,1,0,0,1,1,1,0,0,0,1,1,0,1,1,0,0,0,0,0,1,34612067,0.61,1,0,0,0
931,Lisa,2206.0,100%,100%,1,,1.0,1.0,1,1,0,1,0,0,1,1,1,1,0,0,1,1,0,1,1,0,0,0,0,0,1,34617206,5.06,0,0,1,0
932,Travis And Allison,2206.0,,80%,1,,1.0,1.0,1,1,0,1,0,0,0,0,0,1,0,0,0,1,0,1,0,0,0,0,0,0,0,34662673,0.51,1,0,0,0
933,Julia,2206.0,100%,100%,0,,3.0,3.0,1,1,0,1,0,0,1,0,1,1,0,0,0,1,0,1,0,0,1,0,1,0,0,34665648,2.01,1,0,0,0
934,Topher,2206.0,100%,100%,1,Downtown,7.0,7.0,1,1,0,1,0,0,1,0,0,1,0,0,1,1,0,1,1,0,0,0,0,0,1,34695981,8.69,4,0,0,0
935,Kelly,2205.0,100%,98%,1,,2.0,2.0,1,1,0,1,1,0,1,0,1,0,0,0,0,1,0,1,0,0,0,0,0,0,1,34702065,6.24,2,0,0,0
936,Melanie,2205.0,100%,96%,1,,6.0,6.0,1,1,0,1,0,0,1,0,1,0,0,0,0,1,0,1,0,0,0,0,0,0,1,34742857,10.25,4,0,0,0
937,Kara,2205.0,,,0,,1.0,1.0,1,1,0,1,0,0,0,0,0,1,0,0,0,1,0,1,0,0,0,0,0,0,0,34788989,0.02,1,0,0,0
938,Aaron,2204.0,,100%,1,,1.0,1.0,1,1,0,1,1,0,1,0,0,0,0,0,1,1,0,1,1,0,0,0,0,0,0,34836262,1.57,0,0,1,0
939,Anthony,2204.0,100%,100%,0,,1.0,1.0,1,1,0,1,1,0,1,0,1,0,0,0,0,1,0,1,0,0,1,0,0,0,1,34840601,2.3,1,0,0,0
940,Mark,2204.0,100%,100%,1,,1.0,1.0,1,1,0,1,0,0,1,0,1,0,0,0,0,1,0,1,0,0,0,0,0,0,1,34869167,2.37,1,0,0,0
941,Jeremy,2204.0,100%,100%,1,,2.0,2.0,1,1,0,1,0,0,0,0,0,1,0,0,0,1,0,1,0,0,0,0,0,0,1,34870571,5.03,2,0,0,0
942,Rina,2203.0,100%,99%,1,,4.0,4.0,1,1,0,1,0,0,1,1,1,0,0,0,1,1,0,1,1,0,1,0,0,0,1,34907687,3.16,1,0,0,0
943,Jo Kelly,2203.0,100%,100%,0,,2.0,2.0,1,1,0,1,0,0,1,1,0,1,0,0,1,1,0,1,1,0,0,0,1,0,0,34938174,0.36,1,0,0,0
944,Dave,2203.0,100%,100%,1,,3.0,3.0,1,1,0,1,1,0,1,0,1,0,0,0,1,1,0,1,0,0,1,0,0,0,1,34945437,4.7,3,0,0,0
945,David,2202.0,,100%,1,,1.0,1.0,1,1,0,1,1,0,1,1,0,1,0,0,1,1,0,1,1,0,0,0,0,0,0,35020609,1.26,1,0,0,0
946,Catherine,2202.0,100%,97%,1,,1.0,1.0,1,1,0,1,0,1,1,0,0,0,0,0,1,1,0,0,1,0,1,0,0,0,1,35036150,2.9,1,0,0,0
947,Roberto,2201.0,100%,100%,0,,1.0,1.0,1,0,0,1,1,0,0,0,0,0,0,0,0,1,0,1,0,0,0,0,0,0,1,35042945,0.1,1,0,0,0
948,Heather,2201.0,100%,93%,1,,1.0,1.0,1,1,0,1,0,0,1,0,1,1,0,0,1,1,0,1,0,0,0,0,0,0,1,35062390,4.7,0,0,1,0
949,Bobby,2201.0,,100%,0,,0.0,0.0,1,0,0,1,0,0,0,0,0,1,0,0,0,1,0,0,0,0,0,0,0,0,0,35063747,0.33,1,0,0,0
950,Jamia,2201.0,100%,94%,1,,1.0,1.0,1,1,0,1,0,0,1,1,1,1,0,0,0,1,0,1,1,0,1,0,0,0,1,35082769,3.86,0,0,1,0
951,Victor,2201.0,100%,97%,1,Downtown,4.0,4.0,1,1,0,1,0,0,1,1,1,0,0,0,1,1,0,0,1,0,1,0,0,0,1,35100052,15.629999999999999,5,0,0,0
952,Chelsea,2200.0,,,0,,1.0,1.0,1,1,0,1,0,0,1,1,0,1,0,0,1,1,0,1,1,0,1,0,0,0,0,35166202,0.36,1,0,0,0
953,Roberta,2199.0,100%,100%,1,,1.0,1.0,1,1,0,1,1,0,1,0,0,1,0,0,1,1,0,1,0,0,0,0,0,0,1,35198726,4.12,1,0,0,0
954,Jenny,2199.0,100%,85%,0,Talbot's Corner,2.0,2.0,1,1,0,1,0,0,1,1,1,0,0,0,0,1,0,1,1,0,1,0,0,0,1,35208416,2.4,3,0,0,0
955,Anis,2199.0,,100%,1,,2.0,2.0,1,0,0,1,0,0,1,0,1,0,0,0,1,1,0,1,0,0,1,0,0,0,0,35210049,1.59,1,0,0,0
956,Kelsey,2199.0,100%,100%,1,Shelby Hills,0.0,0.0,1,1,0,1,0,0,1,0,0,0,0,0,1,1,0,0,1,0,0,0,1,0,0,35223868,1.46,1,0,0,0
957,Jonathan,2199.0,,,0,,1.0,1.0,1,1,0,1,0,1,0,0,0,1,0,0,0,1,0,0,0,0,0,0,0,0,0,35238307,0.0,1,0,0,0
958,Scott,2198.0,100%,83%,0,,2.0,2.0,1,1,0,1,0,0,1,1,0,1,0,0,1,1,0,1,1,0,0,0,0,0,1,35290652,4.63,2,0,0,0
959,Crisman,2198.0,100%,100%,0,,2.0,2.0,1,1,0,1,0,0,0,0,0,1,0,0,0,1,0,1,0,0,0,0,0,0,1,35295453,1.78,2,0,0,0
960,Judith,2197.0,,75%,1,,2.0,2.0,1,1,0,1,0,0,0,0,0,1,0,0,0,1,0,1,0,0,1,0,0,0,0,35388580,0.75,1,0,0,0
961,Tara,2197.0,100%,97%,1,,5.0,5.0,1,1,0,1,0,0,1,0,1,0,0,0,0,1,0,1,0,0,0,0,0,0,1,35388612,2.38,1,0,0,0
962,Seraiah,2197.0,,,0,,1.0,1.0,1,1,0,1,0,0,1,0,1,0,0,0,0,1,0,1,0,0,0,0,0,0,0,35420722,0.0,0,0,1,0
963,Kathy,2197.0,,100%,0,,1.0,1.0,1,1,0,1,0,0,1,0,0,0,0,0,1,1,0,1,1,0,0,0,0,0,0,35424436,1.01,1,0,0,0
964,Paul,2197.0,100%,94%,1,,1.0,1.0,1,1,0,1,0,0,1,0,0,0,0,0,1,1,0,0,0,0,0,0,0,0,1,35434473,2.1,1,0,0,0
965,Denise,2196.0,90%,85%,0,,3.0,3.0,1,0,0,1,0,0,0,0,0,0,0,0,0,1,0,1,0,0,0,0,1,0,0,35490428,0.5,1,0,0,0
966,Tonya,2195.0,60%,77%,0,,2.0,2.0,1,1,0,1,0,0,1,0,0,0,0,0,1,1,0,1,1,0,0,0,0,0,1,35529743,3.21,1,0,0,0
967,Jordan,2195.0,100%,100%,0,,4.0,4.0,1,1,0,1,0,0,1,0,1,1,0,0,1,1,0,1,0,0,0,0,0,0,1,35595674,7.5,4,0,0,0
968,Dale And Patricia,2193.0,100%,100%,1,,1.0,1.0,1,0,0,1,1,0,0,0,0,1,0,0,0,1,0,1,0,0,0,0,0,0,1,35721750,4.46,1,0,0,0
969,Music City Housing,2192.0,94%,100%,0,Edgehill,2.0,2.0,1,0,0,1,0,0,0,0,0,0,0,0,0,1,0,0,0,0,0,0,0,0,1,35801381,12.58,3,0,0,0
970,Amy,2191.0,,100%,1,,1.0,1.0,1,1,0,1,0,0,1,0,1,0,0,0,0,1,0,1,0,0,0,0,0,0,0,35874441,1.75,1,0,0,0
971,Amber,2191.0,,,0,,1.0,1.0,1,0,0,1,0,0,0,0,0,0,0,0,0,1,0,1,0,0,0,0,0,0,0,35898832,0.09,0,0,1,0
972,Carolyn,2190.0,100%,95%,1,,1.0,1.0,1,1,0,1,0,0,1,1,1,0,0,0,1,1,0,0,1,0,0,0,0,0,1,35948219,3.12,1,0,0,0
973,Josh & Allison,2190.0,,,0,,1.0,1.0,1,1,0,1,0,0,0,0,0,1,0,0,0,1,0,1,0,0,1,0,0,0,0,35998651,1.57,1,0,0,0
974,Scott,2189.0,100%,100%,1,,0.0,0.0,1,1,0,1,1,0,1,0,0,0,0,0,1,1,0,1,0,0,0,0,0,0,1,36011881,14.37,1,0,0,0
975,Amy,2189.0,100%,67%,1,,1.0,1.0,1,1,0,1,1,0,1,1,1,0,0,0,1,1,0,1,1,0,1,0,0,1,0,36051884,0.81,1,0,0,0
976,Michael,2189.0,,100%,1,,1.0,1.0,1,1,0,1,0,0,0,0,0,1,0,0,0,1,0,1,0,0,0,0,0,0,0,36076184,3.73,1,0,0,0
977,Sandi,2189.0,100%,65%,1,,0.0,0.0,1,1,0,1,0,0,1,0,0,1,0,0,1,1,0,1,0,0,1,0,0,0,1,36080991,0.0,1,0,0,0
978,Maria,2188.0,100%,100%,0,,1.0,1.0,1,1,0,1,0,0,1,0,0,0,0,0,1,1,0,1,1,0,0,0,0,0,1,36144864,1.52,1,0,0,0
979,James,2188.0,,,0,,1.0,1.0,1,1,0,1,0,0,1,0,1,0,0,0,0,1,0,1,0,0,0,0,0,0,0,36168031,0.53,1,0,0,0
980,Jim,2188.0,92%,100%,1,,1.0,1.0,1,1,0,1,1,0,0,0,0,1,0,0,0,1,0,1,0,0,1,0,0,0,1,36170463,2.1,1,0,0,0
981,Lucas,2187.0,100%,100%,1,,1.0,1.0,1,1,0,1,0,0,1,0,0,0,0,0,1,1,0,0,1,0,0,0,0,0,1,36209073,8.48,1,0,0,0
982,David,2187.0,100%,100%,1,,1.0,1.0,1,0,0,1,0,0,0,0,0,0,0,0,0,1,0,1,0,0,0,0,0,0,1,36225903,1.68,1,0,0,0
983,Erin And Tracy,2186.0,100%,98%,1,,1.0,1.0,1,1,0,1,0,0,0,0,0,1,0,0,0,1,0,1,0,0,0,0,0,0,1,36279724,6.48,1,0,0,0
984,Bb,2186.0,100%,0%,0,,1.0,1.0,1,1,0,1,0,0,1,0,0,0,0,0,1,1,0,0,0,0,0,0,0,1,0,36288781,0.0,1,0,0,0
985,Fawn,2185.0,100%,94%,1,,1.0,1.0,1,1,0,1,0,0,0,0,0,1,0,0,0,1,0,1,0,0,0,0,0,0,1,36383134,7.08,1,0,1,0
986,Allison,2185.0,98%,100%,1,,8.0,8.0,1,1,0,1,1,0,1,0,0,1,0,0,1,1,0,1,0,0,0,0,0,0,1,36393087,6.36,4,0,0,0
987,Shayla,2184.0,,,0,,1.0,1.0,1,0,0,0,1,0,0,0,0,0,0,0,0,1,0,0,0,0,1,0,0,0,0,36438558,2.04,1,0,0,0
988,Audrey,2182.0,100%,96%,1,,0.0,0.0,1,1,0,1,1,0,1,1,1,0,0,0,1,1,0,1,1,0,0,0,0,0,1,36637204,4.82,1,0,0,0
989,T,2182.0,,,0,Saint-Germain-des-Prés - Odéon,2.0,2.0,1,1,0,1,0,0,1,1,1,0,0,0,1,1,0,1,1,0,1,0,0,0,0,36647681,0.5,1,0,0,0
990,Byron,2182.0,100%,100%,1,,0.0,0.0,1,0,0,1,0,0,0,0,0,0,0,0,0,1,0,0,0,0,0,0,0,0,1,36665355,1.31,1,0,0,0
991,Stephen,2181.0,100%,100%,1,,1.0,1.0,1,1,0,1,0,0,1,1,1,0,0,0,1,1,0,1,1,0,0,0,0,0,1,36737882,3.63,1,0,0,0
992,Ryan,2181.0,,,0,,1.0,1.0,1,1,0,0,0,0,0,0,0,1,0,0,0,1,0,1,0,0,0,0,0,0,0,36744832,0.27,1,0,0,0
993,Jen,2180.0,100%,100%,1,,2.0,2.0,1,1,0,1,0,0,1,0,1,0,0,0,1,1,0,1,0,0,0,0,0,0,1,36806526,4.82,2,0,0,0
994,Marie,2179.0,,,0,,1.0,1.0,1,1,0,1,0,0,1,1,1,0,0,0,1,1,0,1,1,0,0,0,0,0,0,36884020,0.82,1,0,0,0
995,Karina,2178.0,,,1,,1.0,1.0,1,1,0,1,0,0,1,0,0,1,0,0,1,1,0,1,0,0,1,0,0,0,0,36920719,1.01,0,0,1,0
996,Wendy,2178.0,100%,69%,1,,1.0,1.0,1,0,0,1,0,0,0,0,0,0,0,0,0,1,0,0,0,0,1,0,0,1,0,36966839,1.77,0,0,1,0
997,Tracey,2178.0,100%,100%,0,,0.0,0.0,1,0,0,1,0,0,0,0,0,0,0,0,0,1,0,1,0,0,0,0,0,0,1,36984634,0.0,1,0,0,0
998,Amanda,2177.0,,,0,,1.0,1.0,1,1,0,1,0,0,1,0,0,0,0,0,1,1,0,1,1,0,0,0,0,0,0,37058995,0.04,1,0,0,0
999,Charlene,2176.0,,100%,0,,1.0,1.0,1,1,0,1,0,0,1,1,1,0,0,0,1,1,0,1,1,0,0,0,0,0,0,37147717,0.78,0,0,1,0
1000,Matthew,2175.0,100%,94%,1,,1.0,1.0,1,1,0,1,0,0,1,1,1,0,0,0,0,1,0,1,1,0,0,0,0,0,1,37279082,1.73,1,0,0,0
1001,Krista,2172.0,100%,67%,1,East Nashville,2.0,2.0,1,1,0,1,0,0,0,0,0,1,0,0,0,1,0,1,0,0,1,0,0,0,1,37490141,0.3,1,0,0,0
1002,Amy,2171.0,100%,87%,0,,2.0,2.0,1,1,0,1,0,0,0,0,0,1,0,0,0,1,0,1,0,0,0,0,0,0,1,37567363,2.2,0,0,1,0
1003,Anthony,2170.0,100%,100%,0,,2.0,2.0,1,0,0,1,0,0,0,0,0,1,0,0,0,1,0,1,0,0,0,0,0,0,1,37730844,1.63,1,0,0,0
1004,Ting,2168.0,100%,94%,0,,3.0,3.0,1,1,0,1,1,0,1,0,1,1,0,0,1,1,0,1,0,0,1,0,0,0,1,37906079,4.3,2,0,0,0
1005,Kyle,2168.0,,,0,,1.0,1.0,1,1,0,1,0,0,0,0,0,1,0,0,0,1,0,1,0,0,0,0,0,0,0,37908059,0.07,0,0,1,0
1006,Matthew,2168.0,100%,100%,0,,1.0,1.0,1,1,0,1,1,0,1,0,1,0,0,0,0,1,0,1,0,0,0,0,0,0,1,37929610,4.25,0,0,1,0
1007,Kristyn,2167.0,100%,100%,0,,1.0,1.0,1,1,0,1,0,0,1,0,1,0,0,0,1,1,0,1,0,0,0,0,1,0,0,38033099,0.72,1,0,0,0
1008,Daniel,2166.0,,,0,,1.0,1.0,1,1,0,1,0,0,0,0,0,1,0,0,0,1,0,1,0,0,0,0,0,0,0,38098104,0.28,1,0,0,0
1009,Alexander,2166.0,,100%,0,,2.0,2.0,1,1,0,1,0,0,1,0,1,1,0,0,1,1,0,1,0,0,0,0,0,0,0,38122066,0.26,1,0,0,0
1010,Paula,2165.0,,82%,1,,1.0,1.0,1,0,0,1,0,0,0,0,0,1,0,0,0,1,0,1,0,0,0,0,0,0,0,38195285,0.76,1,0,0,0
1011,Joe,2163.0,,95%,1,,1.0,1.0,1,1,0,1,1,0,1,0,1,1,0,0,1,1,0,1,0,0,0,0,0,0,0,38330085,2.56,1,0,0,0
1012,Bailee,2163.0,100%,100%,1,,2.0,2.0,1,0,0,1,1,0,0,0,0,1,0,0,0,1,0,1,0,0,0,0,0,0,1,38370540,3.49,1,0,1,0
1013,Angel (Jozella),2163.0,100%,100%,1,,2.0,2.0,1,1,0,1,1,0,1,0,1,0,0,0,1,1,0,1,0,0,0,0,0,0,1,38395169,5.27,2,0,0,0
1014,Marilyn,2162.0,100%,83%,0,,0.0,0.0,1,1,0,1,0,0,0,0,0,1,0,0,0,1,0,1,0,0,0,0,0,0,1,38410298,0.9,0,0,1,0
1015,Zach,2162.0,100%,90%,1,,1.0,1.0,1,1,0,1,0,0,1,0,1,0,0,0,1,1,0,1,0,0,1,0,0,0,1,38434644,3.36,0,0,1,0
1016,Kristen,2161.0,,,0,,1.0,1.0,1,0,0,1,1,0,0,0,0,0,0,0,0,1,0,0,0,0,0,0,0,0,0,38586884,0.08,1,0,0,0
1017,Ann,2160.0,100%,100%,1,,0.0,0.0,1,1,0,1,0,0,0,0,0,1,0,0,0,1,0,1,0,0,0,0,0,0,1,38664462,2.82,1,0,0,0
1018,Stacey,2160.0,100%,100%,1,,1.0,1.0,1,1,0,1,1,0,1,0,1,0,0,0,1,1,0,1,0,0,1,0,0,0,1,38698923,4.11,1,0,0,0
1019,Brian,2160.0,100%,100%,1,,2.0,2.0,1,1,0,1,1,0,0,0,0,1,0,0,0,1,0,1,0,0,1,0,0,0,1,38710717,2.06,1,0,0,0
1020,Alice,2159.0,100%,78%,1,,1.0,1.0,1,1,0,1,0,0,1,0,1,0,0,0,0,1,0,1,0,0,0,0,0,1,0,38736665,1.47,0,0,1,0
1021,Shuli,2158.0,100%,43%,1,,8.0,8.0,1,1,0,1,0,0,1,1,1,0,0,0,0,1,0,1,1,0,0,0,1,0,0,38863926,0.0,2,0,0,0
1022,Michelle,2158.0,90%,75%,0,,1.0,1.0,1,0,0,1,0,0,0,0,0,0,0,0,0,1,0,0,0,0,0,0,0,0,1,38870454,0.0,1,0,0,0
1023,Layton,2157.0,,100%,0,,3.0,3.0,1,1,0,1,0,0,1,1,0,0,0,0,1,1,0,1,1,0,0,0,0,0,0,38908432,0.29,1,0,0,0
1024,Ben,2155.0,,,0,,1.0,1.0,1,1,0,1,0,1,1,0,1,0,0,0,0,1,0,1,0,0,0,0,0,0,0,39134282,0.17,1,0,0,0
1025,Kyle,2155.0,,100%,0,,1.0,1.0,1,1,0,1,0,1,0,0,0,1,0,0,0,1,0,1,0,0,1,0,0,0,0,39146220,3.01,0,0,1,0
1026,Alexa,2155.0,100%,97%,1,,3.0,3.0,1,1,0,1,0,0,1,0,0,1,0,0,1,1,0,1,0,0,0,0,0,0,1,39162006,11.42,3,0,0,0
1027,Lee,2155.0,96%,100%,1,Central Dallas,23.0,23.0,1,1,0,1,0,1,1,0,1,0,0,0,1,1,0,1,0,0,0,0,0,0,1,39191637,3.69,3,0,0,0
1028,Raven,2154.0,100%,96%,1,Downtown,0.0,0.0,1,1,0,1,0,1,1,0,0,1,0,0,1,1,0,1,1,0,0,0,0,0,1,39293366,2.25,1,0,0,0
1029,Bethany,2154.0,100%,98%,1,,2.0,2.0,1,1,0,1,1,1,1,0,0,1,0,0,1,1,0,1,0,0,0,0,0,0,1,39298826,7.88,1,0,0,0
1030,David,2153.0,100%,100%,1,,2.0,2.0,1,1,0,1,1,0,1,0,1,0,0,0,1,1,0,1,0,0,1,0,0,0,1,39323330,3.36,1,0,0,0
1031,Alexandria,2153.0,,100%,1,,0.0,0.0,1,1,0,1,0,0,1,0,1,0,0,0,0,1,0,1,0,0,0,0,0,0,0,39351349,2.32,0,0,2,0
1032,Katie,2149.0,100%,100%,1,,1.0,1.0,1,1,0,1,1,0,1,0,0,0,0,0,1,1,0,1,0,0,0,0,1,0,0,39661829,3.53,0,0,1,0
1033,Tony & Katherine,2148.0,100%,88%,1,,4.0,4.0,1,1,0,1,0,0,1,0,0,1,0,0,1,1,0,1,0,0,0,0,0,0,1,39861993,15.260000000000002,4,0,0,0
1034,Aerial BNB,2147.0,90%,94%,1,,2.0,2.0,1,1,0,0,0,0,1,0,1,0,0,0,0,1,0,1,0,0,0,0,0,0,1,39918714,3.62,3,0,0,0
1035,Charley,2147.0,100%,91%,1,,0.0,0.0,1,1,0,1,0,0,1,1,1,0,0,0,1,1,0,1,1,0,0,0,0,0,1,39937447,3.88,0,0,1,0
1036,Wendy,2146.0,100%,100%,0,,2.0,2.0,1,0,0,1,0,0,0,0,0,0,0,0,0,1,0,0,0,0,0,0,0,1,0,40044315,0.16,0,0,2,0
1037,JIll,2146.0,100%,100%,0,,0.0,0.0,1,1,0,1,0,0,1,0,1,0,0,0,1,1,0,1,0,0,0,0,0,0,1,40056224,0.0,1,0,0,0
1038,Christopher,2145.0,100%,92%,1,,2.0,2.0,1,1,0,1,0,0,1,0,1,1,0,0,0,1,0,1,0,0,1,0,0,0,1,40123309,2.16,1,0,0,0
1039,Leslie,2144.0,100%,67%,1,,0.0,0.0,1,1,0,1,0,0,0,0,0,1,0,0,0,1,0,1,0,0,0,0,1,0,0,40229785,1.33,1,0,0,0
1040,Jd,2143.0,100%,99%,1,Highland Park,3.0,3.0,1,1,0,1,0,0,1,1,1,0,0,0,1,1,0,1,1,0,0,0,0,0,1,40319757,10.24,1,0,0,0
1041,Christopher & Suzanne,2143.0,100%,100%,1,,1.0,1.0,1,1,0,1,0,0,1,1,1,0,0,0,1,1,0,1,1,0,0,0,0,0,1,40331092,4.06,1,0,0,0
1042,Tiara,2142.0,,0%,0,,1.0,1.0,1,1,0,1,0,0,0,0,0,1,0,0,0,1,0,1,0,0,0,0,0,0,0,40380908,2.02,1,0,0,0
1043,Mary,2142.0,92%,100%,0,North Capitol,0.0,0.0,1,1,0,1,0,0,1,1,0,0,0,0,1,1,0,0,1,0,0,0,0,0,1,40396657,18.36,8,0,0,0
1044,Kim,2142.0,100%,93%,1,,0.0,0.0,1,1,0,1,0,0,1,0,0,1,0,0,1,1,0,1,1,0,0,0,0,0,1,40429647,2.08,1,0,0,0
1045,Jeremy,2142.0,100%,95%,0,Hadley/Washington,0.0,0.0,1,1,0,1,0,0,1,1,1,0,0,0,0,1,0,1,1,0,0,0,0,0,1,40434744,1.76,1,0,0,0
1046,Katy,2140.0,100%,100%,1,,1.0,1.0,1,1,0,1,0,0,0,0,0,1,0,0,0,1,0,1,0,0,0,0,0,0,1,40611886,2.3,1,0,0,0
1047,Mike,2140.0,100%,100%,0,Downtown,0.0,0.0,1,1,0,1,1,1,1,0,1,0,0,0,0,1,0,1,0,0,0,0,0,0,1,40616964,2.0,1,0,0,0
1048,Tammy,2140.0,100%,100%,1,,1.0,1.0,1,1,0,1,1,0,1,0,0,0,0,0,1,1,0,1,0,0,1,0,0,0,1,40638300,0.76,1,0,0,0
1049,Carter,2140.0,100%,100%,0,Green Hills,0.0,0.0,1,0,0,1,1,0,0,0,0,0,0,0,0,1,0,0,0,0,1,0,0,1,0,40639526,1.62,1,0,0,0
1050,Keny And Sarah,2139.0,100%,100%,1,,2.0,2.0,1,1,0,1,0,0,1,1,0,0,0,0,1,1,0,1,1,0,0,0,0,0,1,40655596,8.219999999999999,2,0,0,0
1051,Edie,2138.0,100%,97%,1,,5.0,5.0,1,1,0,1,0,0,1,1,1,0,0,0,1,1,0,1,1,0,0,0,0,0,1,40803056,13.200000000000001,5,0,0,0
1052,Kamal,2137.0,95%,92%,0,Historic Edgefield,6.0,6.0,1,1,0,1,0,0,1,0,1,0,0,0,0,1,0,1,0,0,0,0,0,0,1,40845307,3.01,6,0,0,0
1053,Rumi,2136.0,90%,100%,1,,1.0,1.0,1,1,0,1,0,0,1,1,1,0,0,0,0,1,0,1,1,0,0,0,0,0,1,40995602,0.72,1,0,0,0
1054,Brittany,2135.0,,100%,1,,1.0,1.0,1,0,0,1,0,0,0,0,0,1,0,0,0,1,0,1,0,0,0,0,0,0,0,41080421,4.09,1,0,0,0
1055,Linda And John,2134.0,100%,97%,1,,0.0,0.0,1,1,0,1,0,0,1,0,1,0,0,0,1,1,0,1,0,0,1,0,0,0,1,41156422,3.19,1,0,0,0
1056,Monica,2134.0,100%,33%,0,,1.0,1.0,1,0,0,1,0,0,0,0,0,0,0,0,0,1,0,1,0,0,0,0,0,0,1,41163231,0.09,2,0,0,0
1057,Belinda,2134.0,100%,100%,0,,5.0,5.0,1,1,0,1,0,0,1,0,1,0,0,0,0,1,0,0,0,0,0,0,0,0,1,41207602,1.7599999999999998,2,0,3,0
1058,Amanda,2134.0,100%,99%,1,,0.0,0.0,1,1,0,1,0,1,1,1,1,0,0,0,1,1,0,1,1,0,1,0,0,0,1,41213221,7.67,0,0,1,0
1059,Alyssa,2133.0,100%,97%,0,Edgehill,0.0,0.0,1,1,0,1,1,0,1,0,1,0,0,0,1,1,0,1,0,0,0,0,0,0,1,41294064,4.16,1,0,0,0
1060,Ryan,2132.0,100%,94%,1,,3.0,3.0,1,1,0,1,1,0,1,1,1,0,0,0,1,1,0,0,1,0,0,0,1,0,0,41385175,2.81,1,0,2,0
1061,Sarah,2132.0,,,0,,1.0,1.0,1,1,0,1,0,0,1,0,1,0,0,0,1,1,0,0,0,0,0,0,0,0,0,41404643,1.76,1,0,0,0
1062,Cheryl,2131.0,,0%,0,,1.0,1.0,1,1,0,1,0,0,0,0,0,1,0,0,0,1,0,1,0,0,0,0,0,0,0,41469573,0.19,1,0,0,0
1063,Amory,2131.0,,,0,,1.0,1.0,1,1,0,0,0,0,1,1,0,1,0,0,1,1,0,1,1,0,0,0,0,0,0,41487941,0.0,0,0,1,0
1064,Danny & Anne,2129.0,,100%,1,,1.0,1.0,1,0,0,1,1,0,0,0,0,0,0,0,0,1,0,0,0,0,0,0,0,0,0,41636329,3.02,1,0,0,0
1065,Yana And Jon,2129.0,100%,100%,1,,1.0,1.0,1,1,0,1,0,0,1,0,1,0,0,0,0,1,0,1,0,0,0,0,0,0,1,41653950,3.11,1,0,0,0
1066,David,2127.0,100%,100%,1,,1.0,1.0,1,1,0,1,0,0,1,0,1,0,0,0,0,1,0,1,0,0,0,0,1,0,0,41808362,3.79,1,0,0,0
1067,Mack,2126.0,100%,100%,1,,1.0,1.0,1,1,0,1,0,0,1,1,1,0,0,0,1,1,0,1,1,0,0,0,0,0,1,41909713,3.1,1,0,0,0
1068,Stuart,2123.0,100%,100%,1,,1.0,1.0,1,0,0,1,1,0,0,0,0,1,0,0,0,1,0,1,0,0,0,0,0,0,1,42211078,6.58,1,0,0,0
1069,Eugene,2122.0,,0%,1,,1.0,1.0,1,1,0,1,1,0,0,0,0,1,0,0,0,1,0,1,0,0,0,0,0,0,0,42327882,1.81,1,0,0,0
1070,Steve,2122.0,,,0,,1.0,1.0,1,1,0,1,1,0,1,0,1,0,0,0,1,1,0,1,0,0,0,0,0,0,0,42333438,0.43,1,0,0,0
1071,Stephanie,2119.0,0%,,0,Urbandale Nations,1.0,1.0,1,1,0,1,0,0,1,0,1,0,0,0,0,1,0,1,0,0,0,1,0,0,0,42590229,0.08,1,0,0,0
1072,Tamara,2118.0,100%,100%,1,Urbandale Nations,0.0,0.0,1,0,0,1,0,0,0,0,0,0,0,0,0,1,0,0,0,0,0,0,0,0,1,42692336,1.0,1,0,0,0
1073,Kathy & Mike,2118.0,100%,95%,1,,1.0,1.0,1,1,0,1,0,0,1,0,1,0,0,0,0,1,0,1,0,0,0,0,1,0,0,42702311,5.74,1,0,0,0
1074,Lindsey,2116.0,100%,100%,1,,3.0,3.0,1,1,0,1,1,0,1,0,1,0,0,0,0,1,0,1,0,0,0,0,0,0,1,42834060,0.8500000000000001,2,0,0,0
1075,Kimberly,2116.0,89%,100%,1,,1.0,1.0,1,1,0,1,0,0,0,0,0,1,0,0,0,1,0,1,0,0,1,0,0,0,1,42871503,3.43,1,0,0,0
1076,Vivaciously Bold,2115.0,100%,90%,1,,2.0,2.0,1,1,0,1,0,0,1,0,0,0,0,0,1,1,0,0,0,0,0,0,0,0,1,42875616,2.57,1,0,0,0
1077,Mary,2115.0,100%,100%,1,,1.0,1.0,1,1,0,1,0,0,1,0,0,0,0,0,1,1,0,0,0,0,0,0,1,0,0,42935831,1.63,0,0,1,0
1078,Michelle & John,2114.0,100%,100%,1,,1.0,1.0,1,1,0,1,0,0,0,0,0,1,0,0,0,1,0,1,0,0,0,0,0,0,1,42979311,4.49,1,0,0,0
1079,Rachel,2113.0,,50%,1,,1.0,1.0,1,0,0,1,1,0,0,0,0,0,0,0,0,1,0,1,0,0,0,0,0,0,0,43093947,0.79,1,0,0,0
1080,Sara,2113.0,100%,92%,1,,2.0,2.0,1,1,0,1,0,0,1,0,0,1,0,0,1,1,0,1,0,0,0,0,0,1,0,43114083,0.9,0,0,1,0
1081,Lindsay And Matthew,2113.0,100%,98%,1,,1.0,1.0,1,1,0,1,0,0,1,1,1,0,0,0,1,1,0,1,1,0,1,0,0,0,1,43119225,3.59,1,0,0,0
1082,Doug,2112.0,100%,100%,1,,1.0,1.0,1,1,0,1,1,0,1,0,1,0,0,0,0,1,0,1,0,0,0,0,0,0,1,43152119,2.8,1,0,0,0
1083,Lilly,2112.0,100%,100%,1,,1.0,1.0,1,0,0,1,0,0,0,0,0,0,0,0,0,1,0,1,0,0,0,0,0,0,1,43193876,1.14,1,0,0,0
1084,Caleb,2112.0,100%,100%,1,East Nashville,1.0,1.0,1,1,0,1,0,0,1,1,1,0,0,0,0,1,0,1,1,0,0,0,0,0,1,43214274,1.19,1,0,0,0
1085,Brody,2112.0,,100%,1,,0.0,0.0,1,1,0,1,0,0,1,0,0,0,0,0,1,1,0,0,0,0,0,0,0,0,0,43224485,1.06,1,0,0,0
1086,Will,2112.0,,100%,1,,1.0,1.0,1,1,0,1,1,0,0,0,0,1,0,0,0,1,0,1,0,0,1,0,0,0,0,43226524,1.7,1,0,0,0
1087,Samuel,2111.0,100%,99%,1,,1.0,1.0,1,1,0,1,0,0,1,1,1,0,0,0,1,1,0,1,1,0,1,0,0,0,1,43269998,5.15,1,0,0,0
1088,Zach,2111.0,,100%,1,,1.0,1.0,1,0,0,1,0,0,0,0,0,0,0,0,0,1,0,1,0,0,0,0,0,0,0,43273346,0.66,1,0,0,0
1089,May & Eric,2111.0,100%,100%,1,McKissack Park,5.0,5.0,1,1,0,1,0,0,1,0,0,0,0,0,1,1,0,1,1,0,0,0,0,0,1,43286203,10.12,6,0,0,0
1090,Katie,2110.0,100%,97%,1,,3.0,3.0,1,1,0,1,0,0,1,0,1,0,0,0,0,1,0,1,0,0,0,0,0,0,1,43388801,7.74,2,0,0,0
1091,Beckie,2109.0,0%,86%,1,,1.0,1.0,1,1,0,1,0,0,1,0,1,0,0,0,0,1,0,1,0,0,0,1,0,0,0,43394530,4.14,1,0,0,0
1092,Julie,2108.0,,,0,,1.0,1.0,1,1,0,1,0,0,1,0,0,0,0,0,1,1,0,1,0,0,0,0,0,0,0,43525600,0.05,1,0,0,0
1093,Kaitlyn,2108.0,,100%,0,Bellshire Terrace,0.0,0.0,1,1,0,1,0,0,1,1,1,0,0,0,1,1,0,0,1,0,0,0,0,0,0,43526025,0.59,1,0,0,0
1094,Jenelle,2108.0,100%,100%,1,,0.0,0.0,1,1,0,1,0,0,1,0,1,0,0,0,0,1,0,1,0,0,0,0,0,0,1,43526389,12.33,0,0,1,0
1095,Ashley,2108.0,100%,88%,1,,1.0,1.0,1,1,0,1,0,0,1,0,0,0,0,0,1,1,0,1,0,0,0,0,1,0,0,43542241,1.85,1,0,0,0
1096,Morgan And Ashley,2107.0,,100%,0,,3.0,3.0,1,1,0,1,0,0,0,0,0,1,0,0,0,1,0,1,0,0,0,0,0,0,0,43581860,0.24000000000000002,3,0,0,0
1097,Jimmy,2107.0,,,0,,1.0,1.0,1,1,0,1,0,0,1,0,1,0,0,0,0,1,0,1,0,0,0,0,0,0,0,43619886,0.04,1,0,0,0
1098,Michael,2107.0,100%,100%,1,Talbot's Corner,0.0,0.0,1,1,0,1,0,0,1,0,1,0,0,0,0,1,0,1,0,0,0,0,0,0,1,43634667,3.14,1,0,0,0
1099,David,2106.0,98%,99%,1,South Nashville,5.0,5.0,1,0,0,1,0,0,0,0,0,0,0,0,0,1,0,1,0,0,1,0,0,0,1,43657863,10.95,4,0,0,0
1100,Jon,2106.0,,,0,,1.0,1.0,1,1,0,1,0,0,0,0,0,1,0,0,0,1,0,1,0,0,0,0,0,0,0,43710833,1.28,1,0,0,0
1101,Natalie,2105.0,,100%,0,Bellevue,1.0,1.0,1,0,0,1,0,0,0,0,0,0,0,0,0,1,0,1,0,0,0,0,0,0,0,43770978,0.0,1,0,0,0
1102,John,2105.0,100%,100%,1,Edgehill,17.0,17.0,1,1,0,1,1,0,1,0,0,0,0,0,1,1,0,0,0,0,0,0,0,0,1,43800255,16.339999999999996,19,0,0,0
1103,Rebecca,2105.0,,0%,0,,1.0,1.0,1,1,0,1,0,0,0,0,0,1,0,0,0,1,0,1,0,0,0,0,0,0,0,43810283,0.12,1,0,0,0
1104,Robert & Jennifer,2103.0,100%,100%,1,,1.0,1.0,1,1,0,1,0,0,1,1,0,1,0,0,1,1,0,1,1,0,0,0,0,0,1,43972392,2.95,1,0,0,0
1105,Jeff,2102.0,100%,92%,0,Talbot's Corner,1.0,1.0,1,1,0,1,1,0,0,0,0,1,0,0,0,1,0,1,0,0,0,0,0,0,1,44026806,2.1,1,0,0,0
1106,Davina And Andrew,2102.0,100%,98%,1,,5.0,5.0,1,1,0,1,0,0,0,0,0,1,0,0,0,1,0,1,0,0,0,0,0,0,1,44039875,7.119999999999999,6,0,0,0
1107,Amanda,2102.0,,100%,0,,1.0,1.0,1,1,0,1,0,0,1,0,0,0,0,0,1,1,0,0,0,0,0,0,0,0,0,44046019,1.89,1,0,0,0
1108,Becky,2098.0,100%,100%,1,,1.0,1.0,1,1,0,1,0,0,1,0,1,0,0,0,0,1,0,1,0,0,0,0,0,0,1,44310636,3.12,1,0,0,0
1109,Maggie,2098.0,,100%,0,,1.0,1.0,1,1,0,1,0,0,0,0,0,1,0,0,0,1,0,1,0,0,0,0,0,0,0,44355342,0.23,1,0,0,0
1110,Ciara,2097.0,100%,98%,0,,10.0,10.0,1,1,0,1,0,0,1,1,0,0,0,0,1,1,0,1,1,0,1,0,0,0,1,44450435,2.19,10,0,0,0
1111,Ashley,2097.0,,100%,1,,1.0,1.0,1,1,0,1,1,1,1,1,1,0,0,0,1,1,0,1,1,0,1,0,0,0,0,44459975,1.74,1,0,0,0
1112,Mariam,2096.0,100%,95%,1,Edgehill,2.0,2.0,1,1,0,1,0,0,0,0,0,1,0,0,0,1,0,1,0,0,0,0,0,0,1,44534315,1.68,1,0,0,0
1113,Allyson,2095.0,100%,100%,1,,1.0,1.0,1,1,0,1,0,0,1,0,0,0,0,0,1,1,0,0,0,0,0,0,0,0,1,44605028,0.61,1,0,0,0
1114,Adam And Tia,2094.0,100%,97%,1,,0.0,0.0,1,1,0,1,0,0,1,0,1,0,0,0,1,1,0,1,0,0,0,0,1,0,0,44699992,3.95,1,0,0,0
1115,Joe,2094.0,100%,96%,0,Miro Meadows,0.0,0.0,1,1,0,1,1,0,1,0,1,0,0,0,0,1,0,1,0,0,1,0,0,0,1,44704798,1.38,1,0,0,0
1116,Kelsie,2093.0,100%,100%,1,Germantown,1.0,1.0,1,1,0,1,1,0,1,0,1,0,0,0,1,1,0,0,0,0,0,0,0,0,1,44711737,0.0,1,0,0,0
1117,Bradley,2093.0,100%,100%,0,,2.0,2.0,1,1,0,1,0,0,1,0,0,1,0,0,1,1,0,1,0,0,0,0,0,0,1,44788491,2.82,1,0,0,0
1118,Agnes,2091.0,100%,92%,1,,1.0,1.0,1,1,0,1,0,0,1,0,1,1,0,0,1,1,0,1,0,0,0,0,0,0,1,44930228,1.15,0,0,1,0
1119,Ben And Kassie,2090.0,100%,77%,0,,1.0,1.0,1,1,0,1,0,0,1,0,1,0,0,0,1,1,0,1,0,0,1,0,0,0,1,44972119,3.49,1,0,0,0
1120,Jana,2090.0,,100%,0,,2.0,2.0,1,1,0,1,0,0,0,0,0,1,0,0,0,1,0,1,0,0,1,0,0,0,0,44996221,5.83,2,0,0,0
1121,Allison,2089.0,100%,100%,0,,1.0,1.0,1,1,0,1,0,0,1,0,1,0,0,0,0,1,0,1,0,0,1,0,0,0,1,45093766,0.18,1,0,0,0
1122,Scarlett,2089.0,100%,100%,1,12 South,27.0,27.0,1,1,0,1,1,0,1,0,0,0,0,0,1,1,0,0,0,0,0,0,0,0,1,45101594,41.28000000000001,27,0,0,0
1123,Brianna,2089.0,,,1,,1.0,1.0,1,1,0,1,0,0,1,0,1,0,0,0,1,1,0,1,0,0,0,0,0,0,0,45107874,2.14,1,0,0,0
1124,Marcelo,2087.0,,,0,,1.0,1.0,1,1,0,1,0,0,1,0,1,0,0,0,0,1,0,1,0,0,1,0,0,0,0,45222125,0.85,1,0,0,0
1125,Scott And Stefi,2086.0,100%,100%,1,,5.0,5.0,1,1,0,1,1,0,1,0,1,0,0,0,1,1,0,1,0,0,1,0,0,0,1,45289333,4.03,2,0,3,0
1126,Kristin,2085.0,100%,100%,1,,2.0,2.0,1,1,0,1,0,0,1,0,1,0,0,0,0,1,0,1,0,0,0,0,1,0,0,45403596,3.91,2,0,0,0
1127,Elizabeth,2083.0,100%,100%,1,,1.0,1.0,1,0,0,1,0,0,0,0,0,0,0,0,0,1,0,1,0,0,0,0,0,0,1,45511393,2.19,1,0,0,0
1128,Dean,2082.0,100%,94%,1,,1.0,1.0,1,1,0,1,0,0,1,1,1,0,0,0,1,1,0,1,1,0,0,0,0,0,1,45596277,2.35,1,0,0,0
1129,Eliran,2082.0,0%,17%,0,,1.0,1.0,1,1,0,1,1,0,1,0,1,0,0,0,0,1,0,0,0,0,1,1,0,0,0,45620836,0.26,0,0,1,0
1130,Tonya,2082.0,100%,100%,1,,4.0,4.0,1,1,0,1,0,0,1,1,1,0,0,0,1,1,0,1,1,0,1,0,0,0,1,45624097,6.3500000000000005,4,0,0,0
1131,Natalie,2081.0,75%,94%,1,,3.0,3.0,1,1,0,1,0,1,1,0,1,0,0,0,0,1,0,1,0,0,0,0,0,0,1,45689480,0.63,1,0,0,0
1132,Tara,2080.0,100%,98%,1,,1.0,1.0,1,1,0,1,0,0,1,0,1,0,0,0,0,1,0,1,0,0,1,0,0,0,1,45757949,5.29,1,0,0,0
1133,Kurt & Morgan,2079.0,100%,100%,1,,1.0,1.0,1,1,0,1,0,0,0,0,0,1,0,0,0,1,0,1,0,0,0,0,0,0,1,45821537,5.71,1,0,0,0
1134,Kippie,2079.0,100%,100%,1,,1.0,1.0,1,1,0,1,0,0,1,0,1,0,0,0,0,1,0,1,0,0,0,0,0,0,1,45848757,10.52,1,0,0,0
1135,Adi,2078.0,100%,100%,1,,2.0,2.0,1,1,0,1,0,0,1,1,1,0,0,0,1,1,0,1,1,0,0,0,0,0,1,45921484,4.640000000000001,2,0,0,0
1136,Paul + Morgan,2076.0,100%,100%,1,,1.0,1.0,1,1,0,1,1,0,1,0,1,0,0,0,0,1,0,1,0,0,1,0,0,0,1,46072770,5.27,1,0,0,0
1137,Wojtek,2074.0,100%,100%,1,,1.0,1.0,1,1,0,1,1,0,1,0,1,0,0,0,0,1,0,1,0,0,0,0,0,0,1,46229313,3.12,1,0,0,0
1138,Amy,2073.0,100%,100%,0,,2.0,2.0,1,1,0,1,0,0,1,0,1,0,0,0,1,1,0,1,0,0,0,0,0,0,1,46299527,4.03,2,0,0,0
1139,Susan,2071.0,100%,93%,1,,1.0,1.0,1,0,0,1,0,0,0,0,0,1,0,0,0,1,0,1,0,0,1,0,0,0,1,46462293,2.09,1,0,0,0
1140,Chiquita,2071.0,100%,100%,0,,0.0,0.0,1,1,0,1,0,0,1,1,1,0,0,0,1,1,0,1,1,0,1,0,0,0,1,46502360,0.38,1,0,0,0
1141,Dan,2069.0,100%,100%,1,,1.0,1.0,1,0,0,1,0,0,0,0,0,0,0,0,0,1,0,0,0,0,0,0,0,0,1,46656276,2.57,1,0,0,0
1142,V.J.,2068.0,,100%,1,,1.0,1.0,1,1,0,1,0,0,1,0,1,1,0,0,0,1,0,1,0,0,0,0,0,0,0,46723754,2.63,1,0,0,0
1143,Tim,2066.0,,,0,,1.0,1.0,1,1,0,1,0,0,1,0,0,0,0,0,1,1,0,1,0,0,0,0,0,0,0,46894978,0.02,1,0,0,0
1144,Saleh,2065.0,,,0,,1.0,1.0,1,0,0,1,0,0,0,0,0,0,0,0,0,1,0,1,0,0,0,0,0,0,0,46931571,0.02,1,0,0,0
1145,Yohana,2065.0,100%,100%,1,,1.0,1.0,1,1,0,1,1,0,1,0,0,0,0,0,1,1,0,0,0,0,0,0,0,0,1,46945253,0.57,1,0,0,0
1146,Hillary,2065.0,100%,100%,1,,1.0,1.0,1,0,0,1,0,1,0,0,0,0,0,0,0,1,0,1,0,0,0,0,0,0,1,46963740,2.0,1,0,0,0
1147,Cathy & Randy,2065.0,100%,100%,1,,1.0,1.0,1,1,0,1,0,0,1,0,0,0,0,0,1,1,0,1,0,0,0,0,0,0,1,46979184,3.65,1,0,0,0
1148,Sean,2064.0,100%,99%,1,,1.0,1.0,1,1,0,1,0,0,1,0,1,0,0,0,1,1,0,1,0,0,0,0,0,0,1,47025351,7.01,1,0,0,0
1149,Rashelle,2064.0,100%,90%,0,Priest Lake,3.0,3.0,1,1,0,1,1,0,1,0,0,1,0,0,1,1,0,1,0,0,1,0,1,0,0,47061664,0.33999999999999997,1,0,3,0
1150,Jonathan,2063.0,100%,99%,1,,3.0,3.0,1,1,0,0,0,0,1,1,0,1,0,0,1,1,0,0,1,0,0,0,0,0,1,47149606,22.810000000000002,3,0,0,0
1151,Andy,2062.0,100%,100%,1,,1.0,1.0,1,0,0,1,1,0,0,0,0,1,0,0,0,1,0,1,0,0,0,0,0,0,1,47210437,2.44,1,0,0,0
1152,Corey,2061.0,100%,100%,1,,3.0,3.0,1,1,0,1,0,0,0,0,0,1,0,0,0,1,0,1,0,0,0,0,1,0,0,47287937,0.63,1,0,0,0
1153,Jason,2060.0,100%,60%,0,,3.0,3.0,1,0,0,1,0,0,0,0,0,0,0,0,0,1,0,1,0,0,0,0,0,0,1,47346271,2.6500000000000004,3,0,0,0
1154,Mary Brooke,2059.0,100%,100%,1,,1.0,1.0,1,1,0,1,0,0,1,0,0,0,0,0,1,1,0,1,0,0,0,0,0,0,1,47398098,4.67,1,0,0,0
1155,Hamilton,2058.0,94%,70%,0,Midtown East,73.0,73.0,1,1,0,1,0,0,1,0,1,0,0,0,0,1,0,1,0,0,0,0,1,0,0,47475013,0.16999999999999998,3,0,0,0
1156,Tamara,2058.0,,,0,,1.0,1.0,1,1,0,1,0,0,1,0,1,0,0,0,0,1,0,1,0,0,0,0,0,0,0,47498985,0.02,1,0,0,0
1157,Daphene,2057.0,100%,100%,1,,1.0,1.0,1,1,0,1,1,0,1,0,1,0,0,0,0,1,0,1,0,0,0,0,0,0,1,47544090,0.62,1,0,0,0
1158,Chakarra,2057.0,100%,100%,1,,0.0,0.0,1,0,0,1,0,0,0,0,0,1,0,0,0,1,0,1,0,0,0,0,0,0,1,47557963,3.23,1,0,0,0
1159,Sarah,2057.0,100%,50%,0,,1.0,1.0,1,1,0,1,0,0,1,0,1,0,0,0,0,1,0,1,0,0,1,0,0,1,0,47567462,1.26,1,0,0,0
1160,Amy,2057.0,,93%,1,,1.0,1.0,1,1,0,1,0,0,1,0,1,0,0,0,1,1,0,0,0,0,0,0,0,0,0,47585304,2.01,1,0,0,0
1161,Frank,2056.0,100%,100%,0,,1.0,1.0,1,1,0,1,0,0,1,1,1,0,0,0,1,1,0,1,1,0,0,0,0,0,1,47637705,0.83,0,0,1,0
1162,Jacob,2056.0,,,0,,1.0,1.0,1,1,0,1,1,0,1,0,0,0,0,0,1,1,0,1,0,0,0,0,0,0,0,47664645,0.05,1,0,0,0
1163,Meredith,2054.0,100%,94%,0,Watkins Park,5.0,5.0,1,1,0,1,1,0,1,0,0,0,0,0,1,1,0,0,0,0,0,0,0,0,1,47769212,4.29,3,0,0,0
1164,Jamie+Andy,2053.0,100%,93%,1,,8.0,8.0,1,1,0,1,1,0,1,1,1,1,0,0,1,1,0,1,1,0,0,0,0,0,1,47835130,9.95,3,0,0,0
1165,Natalie,2053.0,51%,48%,0,Bellevue,6.0,6.0,1,0,0,1,0,0,0,0,0,0,0,0,0,1,0,1,0,0,1,0,0,1,0,47859103,0.0,1,0,0,0
1166,Marianne,2051.0,100%,96%,1,,1.0,1.0,1,1,0,1,0,0,0,0,0,1,0,0,0,1,0,1,0,0,0,0,0,0,1,48027858,3.89,1,0,0,0
1167,Michael,2050.0,100%,83%,1,,2.0,2.0,1,1,0,1,0,0,0,0,0,1,0,0,0,1,0,1,0,0,0,0,0,0,1,48074960,2.5,2,0,0,0
1168,Cheryl,2050.0,90%,100%,1,,2.0,2.0,1,1,0,1,0,0,1,0,1,0,0,0,0,1,0,1,0,0,0,0,0,0,1,48083937,5.039999999999999,1,0,1,0
1169,Melvin And Beatriz,2048.0,100%,100%,1,,1.0,1.0,1,0,0,1,0,0,0,0,0,1,0,0,0,1,0,1,0,0,0,0,0,0,1,48273583,9.17,0,0,1,0
1170,Clement,2047.0,100%,100%,1,,2.0,2.0,1,1,0,1,1,0,1,0,1,0,0,0,0,1,0,1,0,0,0,0,0,0,1,48361590,1.56,1,0,0,0
1171,Chip,2046.0,100%,99%,1,,1.0,1.0,1,0,0,1,0,0,0,0,0,0,0,0,0,1,0,1,0,0,0,0,0,0,1,48402361,4.55,1,0,0,0
1172,Paul,2046.0,100%,97%,0,,1.0,1.0,1,1,0,1,0,1,1,0,1,0,0,0,0,1,0,1,0,0,1,0,0,0,1,48426584,3.31,1,0,0,0
1173,John,2044.0,100%,98%,1,,1.0,1.0,1,1,0,1,0,0,1,0,1,0,0,0,0,1,0,1,0,0,0,0,0,0,1,48616111,3.47,1,0,0,0
1174,Aubrey,2044.0,,,0,,1.0,1.0,1,0,0,1,0,0,0,0,0,0,0,0,0,1,0,1,0,0,0,0,0,0,0,48629609,0.37,1,0,0,0
1175,Brent,2043.0,100%,100%,1,,2.0,2.0,1,1,0,1,0,0,1,1,1,0,0,0,1,1,0,1,1,0,1,0,0,0,1,48677609,1.9,1,0,1,0
1176,Jeff,2043.0,100%,100%,1,,1.0,1.0,1,1,0,1,0,0,1,0,1,0,0,0,0,1,0,1,0,0,0,0,0,0,1,48678705,1.13,1,0,0,0
1177,Stephen,2043.0,,,0,,1.0,1.0,1,1,0,1,0,0,1,0,1,0,0,0,0,1,0,1,0,0,0,0,0,0,0,48679419,0.02,1,0,0,0
1178,Sanya,2042.0,100%,100%,0,,0.0,0.0,1,0,0,1,0,0,0,0,0,0,0,0,0,1,0,0,0,0,0,0,1,0,0,48764709,1.13,1,0,0,0
1179,Clay,2042.0,100%,100%,1,,1.0,1.0,1,1,0,1,1,0,1,0,0,1,0,0,1,1,0,1,0,0,0,0,0,0,1,48808401,4.32,1,0,0,0
1180,Jimmy,2042.0,100%,98%,1,Melrose,1.0,1.0,1,0,0,1,0,0,0,0,0,0,0,0,0,1,0,0,0,0,1,0,0,0,1,48814864,9.04,2,0,0,0
1181,Joe & Lori,2041.0,100%,100%,1,,2.0,2.0,1,1,0,1,0,0,1,0,1,0,0,0,1,1,0,1,0,0,0,0,0,0,1,48902546,6.62,2,0,0,0
1182,Molly,2040.0,,,0,,1.0,1.0,1,0,0,0,0,0,0,0,0,0,0,0,0,1,0,0,0,0,0,0,0,0,0,48954220,0.0,1,0,0,0
1183,Kimberly,2038.0,100%,92%,0,,1.0,1.0,1,1,0,1,0,0,1,0,0,0,0,0,1,1,0,0,0,0,0,0,0,1,0,49109954,0.5,1,0,0,0
1184,Shane,2038.0,100%,100%,1,,1.0,1.0,1,1,0,1,0,0,1,1,1,0,0,0,1,1,0,0,1,0,1,0,0,0,1,49120662,4.15,1,0,0,0
1185,Jimmy,2037.0,,71%,1,,1.0,1.0,1,1,0,1,1,0,1,0,1,0,0,0,0,1,0,1,0,0,0,0,0,0,0,49174670,2.54,1,0,0,0
1186,Derrick,2037.0,,100%,1,,2.0,2.0,1,1,0,1,0,0,1,0,1,0,0,0,0,1,0,1,0,0,0,0,0,0,0,49194267,0.89,1,0,0,0
1187,Sydney,2037.0,100%,33%,0,,2.0,2.0,1,1,0,1,1,0,1,0,1,0,0,0,0,1,0,1,0,0,0,0,0,1,0,49208537,0.15,1,0,0,0
1188,Jae,2037.0,,100%,0,,1.0,1.0,1,1,0,1,0,0,1,0,1,1,0,0,1,1,0,1,0,0,1,0,0,0,0,49211122,1.86,0,0,1,0
1189,John & Jamie,2037.0,100%,99%,1,,1.0,1.0,1,1,0,1,0,0,1,0,0,1,0,0,1,1,0,0,0,0,0,0,0,0,1,49212422,5.45,1,0,0,0
1190,Drew & Marri,2035.0,100%,100%,1,Eastwood,0.0,0.0,1,1,0,1,1,0,0,0,0,1,0,0,0,1,0,1,0,0,1,0,0,0,1,49373355,7.4,1,0,0,0
1191,Bethany,2035.0,100%,94%,1,,2.0,2.0,1,1,0,1,0,0,1,0,1,0,0,0,0,1,0,1,0,0,0,0,0,0,1,49380545,4.029999999999999,1,0,1,0
1192,Delani,2034.0,100%,100%,0,Five Points,0.0,0.0,1,1,0,0,1,0,1,1,1,0,0,0,0,1,0,1,1,0,0,0,0,0,1,49424680,5.14,1,0,0,0
1193,Ashley,2033.0,93%,96%,0,,20.0,20.0,1,1,0,1,0,0,1,0,1,0,0,0,0,1,0,1,0,0,0,0,0,0,1,49521731,63.68,20,0,0,0
1194,Tiffany,2032.0,100%,93%,0,Downtown,1.0,1.0,1,1,0,1,0,0,1,0,0,1,0,0,1,1,0,1,0,0,0,0,0,0,1,49563657,2.56,1,0,0,0
1195,Tyson,2032.0,,100%,0,,2.0,2.0,1,1,0,1,0,0,1,0,1,0,0,0,0,1,0,1,0,0,0,0,0,0,0,49580019,2.06,1,0,0,0
1196,Tony,2031.0,90%,94%,1,,1.0,1.0,1,1,0,1,0,0,1,0,0,1,0,0,1,1,0,1,0,0,0,0,1,0,0,49588445,3.66,1,0,0,0
1197,Scott,2030.0,100%,,0,,1.0,1.0,1,1,0,1,1,0,0,0,0,1,0,0,0,1,0,1,0,0,0,0,0,1,0,49738039,0.23,1,0,0,0
1198,Helen,2028.0,100%,100%,1,,1.0,1.0,1,1,0,1,0,0,0,0,0,1,0,0,0,1,0,1,0,0,0,0,0,0,1,49894217,0.64,1,0,0,0
1199,Charity,2027.0,90%,100%,1,,1.0,1.0,1,1,0,1,0,0,1,1,1,0,0,0,1,1,0,1,1,0,0,0,1,0,0,49934681,1.65,1,0,0,0
1200,Kimberly,2026.0,100%,100%,1,,3.0,3.0,1,1,0,1,0,0,1,0,1,0,0,0,0,1,0,1,0,0,0,0,0,0,1,49996257,11.19,4,0,0,0
1201,Brian,2026.0,100%,90%,0,Talbot's Corner,0.0,0.0,1,1,0,1,0,0,1,0,1,0,0,0,0,1,0,1,0,0,0,0,0,0,1,50008068,2.59,1,0,0,0
1202,Bobby & Melanee,2025.0,89%,100%,1,,3.0,3.0,1,1,0,1,0,1,1,0,0,1,0,0,1,1,0,1,0,0,1,0,0,0,1,50055927,7.09,2,0,0,0
1203,George,2025.0,,100%,0,,1.0,1.0,1,0,0,1,0,0,0,0,0,0,0,0,0,1,0,0,0,0,0,0,0,0,0,50059291,0.98,1,0,0,0
1204,Jenica,2024.0,100%,100%,0,,1.0,1.0,1,1,0,1,1,0,1,1,1,0,0,0,0,1,0,1,1,0,1,0,0,0,1,50162236,0.16,1,0,0,0
1205,Madison,2023.0,100%,100%,1,,1.0,1.0,1,1,0,1,1,0,0,0,0,1,0,0,0,1,0,1,0,0,0,0,0,0,1,50211594,2.0,1,0,0,0
1206,Clifton,2021.0,100%,100%,1,,1.0,1.0,1,1,0,1,1,0,1,0,0,0,0,0,1,1,0,1,0,0,1,0,0,0,1,50337660,1.08,1,0,0,0
1207,Lynn,2021.0,,,0,,0.0,0.0,1,1,0,1,0,0,1,0,1,0,0,0,1,1,0,1,0,0,0,0,0,0,0,50395846,2.01,1,0,0,0
1208,Lewis,2021.0,100%,92%,1,,1.0,1.0,1,1,0,1,1,0,0,0,0,1,0,0,0,1,0,1,0,0,0,0,0,0,1,50400360,1.3299999999999998,2,0,0,0
1209,Jared,2020.0,100%,100%,1,,1.0,1.0,1,1,0,1,1,0,1,0,1,0,0,0,0,1,0,1,0,0,1,0,0,0,1,50460599,1.14,1,0,0,0
1210,Briena,2019.0,100%,100%,1,,2.0,2.0,1,1,0,1,1,0,1,1,0,1,0,0,1,1,0,1,1,0,0,0,0,0,1,50552567,5.87,0,0,1,0
1211,Lauren,2017.0,100%,65%,1,Talbot's Corner,4.0,4.0,1,1,0,1,0,0,1,1,1,0,0,0,1,1,0,0,1,0,0,0,0,0,1,50670854,2.1,1,0,3,0
1212,Jenica,2017.0,,100%,0,,1.0,1.0,1,1,0,0,1,0,1,1,0,0,0,0,1,1,0,0,1,0,0,0,0,0,0,50692717,1.15,1,0,0,0
1213,John,2016.0,96%,100%,1,,1.0,1.0,1,1,0,1,0,1,1,0,0,1,0,0,1,1,0,1,0,0,0,0,0,0,1,50775734,5.67,1,0,0,0
1214,Marsha,2014.0,100%,98%,1,,1.0,1.0,1,1,0,1,0,0,1,0,1,0,0,0,1,1,0,1,0,0,0,0,0,0,1,50910714,2.81,1,0,0,0
1215,Christopher,2014.0,,,0,,1.0,1.0,1,1,0,1,1,0,1,0,1,0,0,0,0,1,0,1,0,0,0,0,0,0,0,50943986,0.2,0,0,1,0
1216,Steven And Rebecca,2013.0,100%,97%,1,,1.0,1.0,1,0,0,1,0,0,0,0,0,0,0,0,0,1,0,0,0,0,0,0,1,0,0,51001772,3.06,0,0,1,0
1217,Ryan,2013.0,100%,88%,1,,1.0,1.0,1,1,0,1,0,0,1,0,1,0,0,0,0,1,0,1,0,0,0,0,0,0,1,51007887,2.83,1,0,0,0
1218,Brandi,2012.0,94%,97%,1,,2.0,2.0,1,1,0,1,0,0,1,0,0,1,0,0,1,1,0,1,0,0,0,0,1,0,0,51096341,8.62,2,0,0,0
1219,Jon,2012.0,,100%,1,,2.0,2.0,1,1,0,1,0,0,1,0,1,0,0,0,1,1,0,0,0,0,0,0,0,0,0,51096717,0.74,1,0,1,0
1220,Frank,2010.0,100%,100%,0,Edgehill,0.0,0.0,1,0,0,1,0,0,0,0,0,0,0,0,0,1,0,0,0,0,0,0,0,1,0,51184511,0.07,2,0,1,0
1221,Todd,2009.0,83%,100%,1,,1.0,1.0,1,0,0,1,0,0,0,0,0,1,0,0,0,1,0,1,0,0,0,0,0,0,1,51351938,0.35,1,0,0,0
1222,Steph,2006.0,,94%,0,,1.0,1.0,1,1,0,1,0,0,0,0,0,0,0,0,0,1,0,1,0,0,0,0,0,0,0,51601929,3.19,1,0,0,0
1223,Dylan,2004.0,100%,100%,1,Downtown,1.0,1.0,1,1,0,1,1,0,1,0,0,0,0,0,1,1,0,0,0,0,0,0,0,0,1,51730484,11.21,2,0,0,0
1224,Mike,2004.0,100%,100%,1,,1.0,1.0,1,1,0,1,1,0,1,0,0,0,0,0,1,1,0,0,0,0,0,0,0,0,1,51737754,1.62,0,0,1,0
1225,Jason,2003.0,,100%,0,,1.0,1.0,1,1,0,1,0,0,0,0,0,1,0,0,0,1,0,1,0,0,0,0,0,0,0,51862285,0.63,1,0,0,0
1226,Zack,2002.0,100%,100%,1,,0.0,0.0,1,1,0,1,0,0,1,0,0,0,0,0,1,1,0,0,0,0,0,0,0,0,1,51915448,4.3,1,0,0,0
1227,Barbara,2002.0,100%,100%,1,,2.0,2.0,1,1,0,1,1,0,1,0,1,1,0,0,1,1,0,0,0,0,0,0,0,0,1,51921113,2.77,1,0,0,0
1228,Lowell,2002.0,100%,100%,1,,0.0,0.0,1,1,0,1,0,0,1,0,1,1,0,0,1,1,0,1,0,0,0,0,0,0,1,51940673,4.09,1,0,0,0
1229,Charlotte,2001.0,100%,100%,1,,1.0,1.0,1,1,0,1,1,0,1,0,1,0,0,0,1,1,0,1,0,0,0,0,0,0,1,51965075,1.45,1,0,0,0
1230,Rose,2001.0,100%,100%,1,,1.0,1.0,1,1,0,1,1,1,1,1,1,1,1,1,1,1,0,1,1,0,0,0,0,0,1,52035824,5.28,1,0,0,0
1231,Heather,2001.0,100%,96%,0,,1.0,1.0,1,1,0,1,0,0,1,1,0,0,0,0,1,1,0,1,1,0,0,0,0,0,1,52040414,3.12,1,0,0,0
1232,A & J,2001.0,100%,100%,1,,2.0,2.0,1,1,0,1,0,0,1,0,1,0,0,0,0,1,0,1,0,0,0,0,0,0,1,52050901,4.7,1,0,0,0
1233,Fred,1999.0,,100%,1,,1.0,1.0,1,1,0,1,1,1,1,0,1,1,0,0,1,1,0,1,0,0,1,0,0,0,0,52168747,1.81,1,0,0,0
1234,Jackson,1998.0,100%,100%,1,,1.0,1.0,1,1,0,1,0,0,1,0,1,0,0,0,0,1,0,1,0,0,1,0,0,0,1,52259722,3.0,1,0,0,0
1235,Brandon & Connie,1997.0,100%,97%,1,,1.0,1.0,1,1,0,1,1,0,1,1,1,0,0,0,1,1,0,1,1,0,0,0,0,0,1,52336281,3.05,1,0,0,0
1236,Carla,1997.0,100%,94%,1,,1.0,1.0,1,0,0,1,0,0,0,0,0,0,0,0,0,1,0,1,0,0,0,0,1,0,0,52349054,1.42,1,0,0,0
1237,Amanda,1996.0,90%,99%,0,,4.0,4.0,1,1,0,1,0,1,1,0,0,1,0,0,1,1,0,1,0,0,0,0,0,0,1,52439653,1.34,2,0,0,0
1238,Jeffrey,1996.0,50%,33%,0,,1.0,1.0,1,0,0,1,0,0,1,0,1,0,0,0,0,1,0,0,0,0,0,0,0,1,0,52474310,0.18,1,0,0,0
1239,Joe & Elizabeth,1995.0,100%,80%,1,Lockeland Springs,2.0,2.0,1,1,0,1,0,0,1,0,1,0,0,0,1,1,0,1,0,0,0,0,0,1,0,52522718,1.18,3,0,0,0
1240,Cassandra,1993.0,,100%,1,,1.0,1.0,1,1,0,1,0,0,1,0,1,0,0,0,0,1,0,1,0,0,0,0,0,0,0,52775765,0.53,0,0,1,0
1241,Missy,1993.0,,100%,1,,1.0,1.0,1,1,0,1,1,0,1,1,1,0,0,0,1,1,0,1,1,0,0,0,0,0,0,52781785,1.2,1,0,0,0
1242,Tracey,1992.0,100%,100%,1,,1.0,1.0,1,0,0,1,1,0,0,0,0,0,0,0,0,1,0,1,0,0,1,0,0,0,1,52888365,5.14,1,0,0,0
1243,Matthew,1992.0,100%,100%,0,Haywood Heights,0.0,0.0,1,1,0,1,0,1,1,0,1,0,0,0,0,1,0,1,0,0,0,0,0,0,1,52892848,0.0,0,0,1,0
1244,Lex,1991.0,100%,96%,0,,2.0,2.0,1,1,0,0,1,0,1,1,1,0,0,0,1,1,0,1,1,0,0,0,1,0,0,52965483,1.4,1,0,0,0
1245,Nan,1990.0,100%,100%,1,,1.0,1.0,1,1,0,1,1,0,0,0,0,1,0,0,0,1,0,1,0,0,1,0,0,0,1,53065200,5.75,1,0,0,0
1246,Debbie & Carlos,1990.0,100%,80%,0,,1.0,1.0,1,1,0,1,1,0,0,0,0,1,0,0,0,1,0,1,0,0,0,0,1,0,0,53067349,2.24,1,0,0,0
1247,Kelley,1989.0,,,0,,1.0,1.0,1,0,0,1,0,1,0,0,0,0,0,0,0,1,0,0,0,0,0,0,0,0,0,53183900,1.42,1,0,0,0
1248,Brian,1989.0,100%,100%,0,,2.0,2.0,1,1,0,1,0,0,0,0,0,1,0,0,0,1,0,1,0,0,0,0,0,0,1,53201252,3.27,2,0,0,0
1249,Chip & Jamie,1989.0,100%,100%,1,,4.0,4.0,1,1,0,1,0,0,1,0,1,0,0,0,1,1,0,0,0,0,1,0,0,0,1,53216172,3.73,2,0,0,0
1250,Patty,1989.0,90%,100%,1,,1.0,1.0,1,1,0,1,0,0,1,0,1,0,0,0,0,1,0,1,0,0,0,0,0,0,1,53233566,5.07,1,0,0,0
1251,Brian,1988.0,100%,61%,0,,1.0,1.0,1,0,0,0,0,0,0,0,0,0,0,0,0,1,0,0,0,0,0,0,0,0,1,53255518,1.06,1,0,0,0
1252,Mat,1988.0,,,0,,1.0,1.0,1,1,0,1,0,0,1,1,1,0,0,0,0,1,0,1,1,0,0,0,0,0,0,53336522,0.0,1,0,0,0
1253,Rhonda,1987.0,100%,88%,1,,6.0,6.0,1,0,0,1,0,1,0,0,0,1,0,0,0,1,0,1,0,0,0,0,0,0,1,53382229,4.680000000000001,4,0,0,0
1254,Jake,1987.0,100%,100%,0,,1.0,1.0,1,1,0,1,1,0,1,1,1,0,0,0,1,1,0,1,1,0,0,0,0,0,1,53485090,1.72,1,0,0,0
1255,Sarah,1986.0,100%,93%,0,,8.0,8.0,1,1,0,1,0,0,1,1,1,0,0,0,1,1,0,1,1,0,1,0,0,0,1,53517885,37.25999999999999,2,0,6,0
1256,Vanessa,1986.0,100%,80%,0,,2.0,2.0,1,0,0,1,0,0,1,0,1,0,0,0,0,1,0,1,0,0,0,0,1,0,0,53602220,0.99,0,0,2,0
1257,Catherine,1985.0,100%,,0,Champs-Elysées,2.0,2.0,1,1,0,1,0,0,1,0,1,0,0,0,0,1,0,1,0,0,0,0,0,1,0,53670844,0.12,1,0,1,0
1258,Jon,1985.0,100%,99%,0,Watkins Park,1.0,1.0,1,1,0,1,0,0,1,0,1,0,0,0,1,1,0,1,0,0,0,0,0,0,1,53687121,9.29,2,0,0,0
1259,Brian,1985.0,100%,,0,,1.0,1.0,1,1,0,1,1,0,1,0,1,0,0,0,1,1,0,1,0,0,0,0,1,0,0,53710051,0.77,1,0,0,0
1260,Abby,1985.0,100%,50%,0,,1.0,1.0,1,0,0,1,0,0,0,0,0,1,0,0,0,1,0,1,0,0,0,0,0,1,0,53732531,0.31,1,0,0,0
1261,StayInBnB,1984.0,100%,100%,0,,5.0,5.0,1,1,0,1,0,0,1,0,0,1,0,0,1,1,0,1,0,0,0,0,0,0,1,53848573,1.7799999999999998,3,0,1,0
1262,Jamin And Lindsay,1984.0,100%,97%,1,,1.0,1.0,1,1,0,1,0,0,1,0,1,0,0,0,0,1,0,1,0,0,1,0,0,0,1,53879154,2.95,1,0,0,0
1263,Nick,1983.0,100%,71%,0,Downtown,0.0,0.0,1,1,0,1,0,0,1,1,0,0,0,0,1,1,0,0,1,0,1,0,0,0,1,53907599,0.51,1,0,0,0
1264,Bob,1983.0,100%,100%,1,,1.0,1.0,1,1,0,1,0,0,1,1,0,0,0,0,1,1,0,0,1,0,0,0,0,0,1,54002409,2.89,1,0,0,0
1265,Cindy,1982.0,100%,100%,1,Welch Bend,1.0,1.0,1,0,0,0,1,0,0,0,0,0,0,0,0,1,0,0,0,0,0,0,0,0,1,54122551,0.0,1,0,0,0
1266,"Dani, This Is Music City Loft!",1980.0,100%,99%,1,,5.0,5.0,1,1,0,1,0,0,1,1,0,1,0,0,1,1,0,1,1,0,1,0,0,0,1,54294225,13.279999999999998,18,0,0,0
1267,Matt,1979.0,,100%,1,,1.0,1.0,1,1,0,1,0,0,1,1,1,0,0,0,1,1,0,0,1,0,0,0,0,0,0,54483732,2.76,1,0,0,0
1268,Ryan,1979.0,100%,96%,0,East Nashville,0.0,0.0,1,1,0,1,1,0,1,0,1,0,0,0,0,1,0,1,0,0,0,0,0,0,1,54495872,2.0,1,0,0,0
1269,Scott,1978.0,,94%,1,,2.0,2.0,1,0,0,1,1,0,0,0,0,0,0,0,0,1,0,1,0,0,0,0,0,0,0,54595184,4.73,1,0,0,0
1270,Rob,1978.0,100%,25%,0,,3.0,3.0,1,0,0,1,0,0,1,0,0,0,0,0,1,1,0,1,0,0,0,0,1,0,0,54632352,0.43000000000000005,2,0,0,0
1271,Ellen,1978.0,100%,100%,1,,1.0,1.0,1,0,0,1,0,0,1,0,1,0,0,0,1,1,0,0,0,0,0,0,0,0,1,54666206,4.7,1,0,0,0
1272,Gayle,1976.0,100%,96%,1,,2.0,2.0,1,0,0,1,0,0,1,0,1,0,0,0,0,1,0,1,0,0,0,0,0,0,1,54864188,0.47,1,0,0,0
1273,Rachel,1975.0,,,0,,1.0,1.0,1,1,0,1,1,0,1,1,1,0,0,0,1,1,0,1,1,0,0,0,0,0,0,55019374,0.16,1,0,0,0
1274,Hanna,1975.0,,,0,,1.0,1.0,1,1,0,1,0,0,0,0,0,1,0,0,0,1,0,1,0,0,0,0,0,0,0,55042788,0.05,1,0,0,0
1275,Nicole,1975.0,100%,100%,0,,1.0,1.0,1,1,0,1,1,1,0,0,0,1,0,0,0,1,0,0,0,0,0,0,0,0,1,55055577,1.6,0,0,1,0
1276,Tarryn,1975.0,100%,96%,0,,1.0,1.0,1,1,0,1,0,0,1,1,1,0,0,0,1,1,0,1,1,0,0,0,1,0,0,55061997,0.34,1,0,0,0
1277,Julia & Rob,1974.0,99%,21%,0,Downtown Austin,32.0,32.0,1,1,0,1,0,0,1,1,0,1,0,0,1,1,0,0,1,0,0,0,1,0,0,55089786,0.25,6,0,0,0
1278,Jeff,1974.0,100%,97%,1,,2.0,2.0,1,1,0,1,1,0,1,0,0,1,0,0,1,1,0,0,0,0,1,0,0,0,1,55196455,1.09,1,0,1,0
1279,Christy And Andy,1974.0,,88%,1,,2.0,2.0,1,1,0,1,0,0,1,0,0,0,0,0,1,1,0,0,0,0,0,0,0,0,0,55200509,2.1,1,0,0,0
1280,Jan,1973.0,100%,67%,0,,0.0,0.0,1,1,0,1,0,0,1,1,0,0,0,0,1,1,0,0,1,0,0,0,0,1,0,55345346,0.37,0,0,1,0
1281,Ann,1972.0,,100%,1,,1.0,1.0,1,1,0,1,0,0,1,0,0,0,0,0,1,1,0,1,0,0,0,0,0,0,0,55423637,2.55,1,0,0,0
1282,Jeffrey,1971.0,,100%,0,,1.0,1.0,1,1,0,1,0,0,1,0,0,1,0,0,1,1,0,0,0,0,0,0,0,0,0,55550514,0.23,1,0,0,0
1283,Daniel,1971.0,99%,99%,1,Downtown,3.0,3.0,1,1,0,1,0,0,1,0,1,0,0,0,0,1,0,1,0,0,0,0,0,0,1,55585267,11.979999999999999,3,0,0,0
1284,Gary & Christina,1970.0,100%,100%,0,,1.0,1.0,1,0,0,1,0,0,0,0,0,0,0,0,0,1,0,1,0,0,1,0,0,0,1,55618658,1.33,1,0,0,0
1285,Alyssa,1970.0,100%,92%,1,,1.0,1.0,1,1,0,1,0,0,1,0,1,0,0,0,1,1,0,1,0,0,0,0,0,0,1,55705434,1.52,0,0,1,0
1286,Christy,1969.0,100%,99%,1,Hermitage,3.0,3.0,1,1,0,1,0,0,1,0,1,0,0,0,0,1,0,1,0,0,0,0,0,0,1,55749213,0.0,0,0,1,0
1287,Sally,1967.0,100%,96%,1,,6.0,6.0,1,1,0,1,0,0,0,0,0,0,0,0,0,1,0,1,0,0,0,0,0,0,1,56081420,3.01,0,0,4,0
1288,Steven,1966.0,,,0,,1.0,1.0,1,0,0,0,0,0,0,0,0,0,0,0,0,1,0,0,0,0,0,0,0,0,0,56141144,0.0,1,0,0,0
1289,Natalie,1966.0,100%,99%,1,,1.0,1.0,1,1,0,1,1,0,1,1,0,0,0,0,1,1,0,1,1,0,0,0,0,0,1,56225316,5.1,1,0,0,0
1290,Christian,1966.0,100%,90%,1,Talbot's Corner,0.0,0.0,1,1,0,1,0,0,1,0,1,0,0,0,0,1,0,1,0,0,0,0,0,0,1,56283904,1.7300000000000002,0,0,3,0
1291,Donna,1964.0,100%,67%,0,Talbot's Corner,1.0,1.0,1,0,0,1,1,0,0,0,0,1,0,0,0,1,0,1,0,0,0,0,0,0,1,56456767,0.0,1,0,0,0
1292,Rachel,1964.0,100%,95%,1,,1.0,1.0,1,1,0,1,1,0,1,0,0,0,0,0,1,1,0,0,0,0,0,0,0,0,1,56531114,3.3,1,0,0,0
1293,Allie,1963.0,100%,97%,1,Edgehill,8.0,8.0,1,1,0,1,0,0,1,0,0,1,0,0,1,1,0,1,0,0,1,0,0,0,1,56574808,16.240000000000002,7,0,0,0
1294,Terje,1963.0,100%,100%,0,Nashboro Village,1.0,1.0,1,1,0,1,0,0,1,1,1,0,0,0,1,1,0,1,1,0,0,0,0,0,1,56606146,0.8,2,0,0,0
1295,Nate,1962.0,88%,43%,1,East Nashville,1.0,1.0,1,1,0,1,0,0,1,0,0,1,0,0,1,1,0,0,0,0,0,0,0,1,0,56772039,1.38,2,0,0,0
1296,Jill,1961.0,100%,87%,1,,0.0,0.0,1,1,0,1,1,0,1,0,0,1,0,0,1,1,0,0,0,0,0,0,0,0,1,56912435,1.31,1,0,0,0
1297,Morgan,1961.0,100%,100%,0,12 South,0.0,0.0,1,1,0,1,0,0,1,0,1,0,0,0,1,1,0,1,0,0,0,0,0,0,1,56912481,1.0,1,0,0,0
1298,Carlos & Sarah,1960.0,100%,100%,1,,2.0,2.0,1,1,0,1,0,0,1,1,1,0,0,0,1,1,0,1,1,0,0,0,0,0,1,57041585,6.09,1,0,0,0
1299,Eric,1960.0,100%,100%,0,Rosebank,2.0,2.0,1,1,0,1,1,0,1,0,1,0,0,0,1,1,0,0,0,0,0,0,0,0,1,57059716,4.26,2,0,0,0
1300,Lisa,1960.0,100%,100%,1,,1.0,1.0,1,1,0,1,1,0,1,0,1,0,0,0,0,1,0,1,0,0,0,0,0,0,1,57061644,4.98,1,0,0,0
1301,Dana,1959.0,100%,80%,1,,1.0,1.0,1,1,0,1,0,0,1,1,1,0,0,0,1,1,0,1,1,0,0,0,1,0,0,57157351,1.86,1,0,0,0
1302,Erik,1959.0,100%,97%,1,,1.0,1.0,1,1,0,1,0,0,1,0,0,0,0,0,1,1,0,0,0,0,1,0,0,0,1,57195797,2.6,1,0,0,0
1303,Brent,1959.0,100%,84%,1,,2.0,2.0,1,1,0,1,0,0,1,0,1,0,0,0,1,1,0,1,0,0,0,0,0,0,1,57202971,2.22,1,0,0,0
1304,Jaison,1958.0,100%,100%,1,,1.0,1.0,1,1,0,1,0,1,1,0,1,0,0,0,0,1,0,1,0,0,0,0,0,0,1,57207942,2.88,2,0,0,0
1305,Jana,1958.0,100%,98%,1,,1.0,1.0,1,1,0,1,1,1,1,0,0,1,0,0,1,1,0,1,0,0,0,0,0,0,1,57296357,6.1,1,0,0,0
1306,James,1958.0,,100%,1,,1.0,1.0,1,1,0,1,1,0,1,0,1,0,0,0,1,1,0,1,0,0,0,0,0,0,0,57318551,1.92,1,0,0,0
1307,Jason,1958.0,0%,0%,0,Hermitage,4.0,4.0,1,1,0,1,0,0,1,0,1,0,0,0,0,1,0,0,0,0,0,1,0,0,0,57338877,0.15000000000000002,3,0,0,0
1308,Tiffany,1957.0,100%,100%,1,,1.0,1.0,1,1,0,1,0,0,1,0,0,0,0,0,1,1,0,0,0,0,0,0,0,0,1,57363876,1.51,1,0,0,0
1309,Jordan,1957.0,,,0,,1.0,1.0,1,0,0,1,0,0,0,0,0,0,0,0,0,1,0,0,0,0,0,0,0,0,0,57392927,0.26,1,0,0,0
1310,Kaylea,1957.0,83%,96%,0,Eastwood,3.0,3.0,1,1,0,1,1,0,1,0,1,0,0,0,1,1,0,0,0,0,0,0,0,0,1,57440502,2.47,2,0,1,0
1311,Eliza,1957.0,100%,100%,0,,1.0,1.0,1,1,0,1,0,0,1,0,1,0,0,0,0,1,0,1,0,0,0,0,0,0,1,57442593,3.0,1,0,0,0
1312,Stevens,1957.0,100%,97%,0,,5.0,5.0,1,1,0,1,0,0,1,0,1,0,0,0,1,1,0,1,0,0,1,0,0,0,1,57451011,1.12,1,0,0,0
1313,Gharet,1956.0,,,0,Midtown East,39.0,39.0,1,1,0,1,1,0,1,0,1,0,0,0,0,1,0,1,0,0,0,0,0,0,0,57571805,0.0,2,0,0,0
1314,Gayle,1955.0,100%,100%,0,,2.0,2.0,1,0,0,1,0,0,0,0,0,0,0,0,0,1,0,0,0,0,0,0,1,0,0,57645460,0.0,1,0,0,0
1315,Sarah & Ethan,1954.0,100%,78%,1,,1.0,1.0,1,1,0,1,0,0,0,0,0,1,0,0,0,1,0,1,0,0,0,0,0,1,0,57721457,0.36,1,0,0,0
1316,Colin,1953.0,100%,100%,1,,2.0,2.0,1,1,0,1,0,0,1,0,1,0,0,0,0,1,0,1,0,0,0,0,1,0,0,57948375,2.3,1,0,0,0
1317,Dana,1953.0,100%,100%,1,,1.0,1.0,1,1,0,1,1,0,1,1,1,0,0,0,1,1,0,1,1,0,1,0,0,0,1,57954952,2.0,1,0,0,0
1318,Susan,1952.0,,96%,1,,3.0,3.0,1,1,0,1,0,0,1,0,1,0,0,0,1,1,0,1,0,0,1,0,0,0,0,58013734,13.44,0,0,3,0
1319,Denise,1952.0,100%,100%,1,,2.0,2.0,1,1,0,1,0,0,1,0,1,0,0,0,0,1,0,1,0,0,0,0,0,0,1,58032810,4.11,2,0,0,0
1320,Vicki,1952.0,,,0,,1.0,1.0,1,0,0,1,0,0,0,0,0,0,0,0,0,1,0,0,0,0,0,0,0,0,0,58089678,0.0,1,0,0,0
1321,Jarrod,1951.0,,67%,0,,1.0,1.0,1,0,0,1,0,0,0,0,0,0,0,0,0,1,0,1,0,0,1,0,0,0,0,58184348,4.02,1,0,0,0
1322,Andy,1951.0,100%,100%,1,,1.0,1.0,1,1,0,1,0,1,1,0,1,1,0,0,1,1,0,1,0,0,0,0,0,0,1,58223651,1.59,1,0,0,0
1323,Jason,1951.0,100%,98%,1,,0.0,0.0,1,1,0,1,0,0,1,0,1,0,0,0,1,1,0,0,0,0,0,0,0,0,1,58254876,1.29,1,0,0,0
1324,Rose,1951.0,,,0,,1.0,1.0,1,1,0,1,0,0,1,0,0,0,0,0,1,1,0,0,0,0,0,0,0,0,0,58267356,2.68,1,0,0,0
1325,Chris,1950.0,100%,100%,1,,1.0,1.0,1,1,0,1,1,0,1,0,1,0,0,0,0,1,0,1,0,0,0,0,0,0,1,58350817,1.39,1,0,0,0
1326,Kivaan,1950.0,72%,17%,0,Kingsbury,248.0,248.0,1,1,0,1,1,0,1,0,1,1,0,0,1,1,0,1,0,0,1,0,0,1,0,58385754,0.24,2,0,0,0
1327,Wade,1948.0,100%,100%,1,,1.0,1.0,1,1,0,1,0,0,1,1,1,0,0,0,1,1,0,0,1,0,0,0,0,0,1,58574876,0.75,1,0,0,0
1328,Christie,1948.0,100%,81%,0,East Nashville,0.0,0.0,1,1,0,1,0,0,1,1,0,0,0,0,1,1,0,1,1,0,0,0,0,0,1,58600280,0.82,1,0,0,0
1329,Vacasa Tennessee,1948.0,95%,99%,0,Talbot's Corner,164.0,164.0,1,1,0,1,1,0,1,1,0,0,0,0,1,1,0,1,1,0,0,0,0,0,1,58616802,6.17,7,0,0,0
1330,Jeff,1948.0,100%,96%,1,,2.0,2.0,1,1,0,1,1,1,1,1,1,0,0,0,1,1,0,1,1,0,1,0,0,0,1,58648367,3.28,1,0,0,0
1331,Gl,1947.0,,100%,0,,1.0,1.0,1,0,0,0,0,0,0,0,0,0,0,0,0,1,0,0,0,0,0,0,0,0,0,58717192,0.56,1,0,0,0
1332,Carla,1947.0,100%,0%,1,,1.0,1.0,1,1,0,1,0,0,1,0,1,0,0,0,1,1,0,1,0,0,1,0,0,1,0,58786758,1.92,1,0,0,0
1333,Julie,1946.0,100%,100%,1,,1.0,1.0,1,0,0,1,0,0,0,0,0,0,0,0,0,1,0,0,0,0,0,0,0,0,1,58840697,4.11,1,0,0,0
1334,Raymond,1946.0,100%,100%,1,,1.0,1.0,1,1,0,1,1,1,1,0,0,0,0,0,1,1,0,1,0,0,0,0,0,0,1,58852839,4.96,1,0,0,0
1335,Treyleanna,1946.0,91%,97%,1,,1.0,1.0,1,1,0,0,0,0,1,0,0,0,0,0,1,1,0,0,0,0,0,0,0,0,1,58882090,2.53,1,0,0,0
1336,Pete & Sara,1946.0,100%,83%,1,,1.0,1.0,1,1,0,1,0,0,1,0,1,0,0,0,1,1,0,1,0,0,0,0,0,0,1,58890105,2.71,1,0,0,0
1337,William,1946.0,100%,92%,0,,1.0,1.0,1,1,0,1,0,0,1,0,0,0,0,0,1,1,0,0,1,0,0,0,0,0,1,58921205,1.18,0,0,1,0
1338,Diondra,1945.0,100%,0%,0,,1.0,1.0,1,0,0,1,1,0,0,0,0,0,0,0,0,1,0,1,0,0,0,0,0,1,0,58959160,0.45,1,0,0,0
1339,Blake,1945.0,100%,98%,1,,3.0,3.0,1,1,0,1,0,0,1,1,1,0,0,0,1,1,0,1,1,0,1,0,0,0,1,59043656,2.38,1,0,0,0
1340,Chelsea Marie,1945.0,,,0,,1.0,1.0,1,1,0,1,0,0,1,0,1,0,0,0,1,1,0,0,0,0,0,0,0,0,0,59070411,4.91,1,0,0,0
1341,Christopher,1944.0,,100%,0,,1.0,1.0,1,1,0,1,1,0,1,0,1,0,0,0,1,1,0,1,0,0,0,0,0,0,0,59133235,0.1,0,0,1,0
1342,John,1944.0,,100%,1,,1.0,1.0,1,0,0,1,0,0,0,0,0,0,0,0,0,1,0,1,0,0,0,0,0,0,0,59190851,1.36,1,0,0,0
1343,Olga,1944.0,,0%,0,,0.0,0.0,1,1,0,1,1,0,0,0,0,1,0,0,0,1,0,1,0,0,0,0,0,0,0,59248753,0.0,0,0,1,0
1344,John,1943.0,100%,100%,1,,2.0,2.0,1,1,0,1,0,1,1,0,1,0,0,0,0,1,0,1,0,0,0,0,0,0,1,59393197,2.2600000000000002,2,0,0,0
1345,Racheal,1942.0,100%,100%,1,,1.0,1.0,1,1,0,1,1,0,0,0,0,1,0,0,0,1,0,1,0,0,0,0,0,0,1,59495946,1.61,1,0,0,0
1346,Jason,1942.0,100%,100%,1,,3.0,3.0,1,1,0,1,0,0,1,1,0,1,0,0,1,1,0,1,1,0,0,0,0,0,1,59497343,2.0,1,0,0,0
1347,Peiman,1942.0,100%,94%,0,Paragon Mills,0.0,0.0,1,0,0,0,1,0,0,0,0,0,0,0,0,1,0,0,0,0,0,0,0,0,1,59503917,1.58,1,0,0,0
1348,Jordan,1941.0,100%,100%,1,,1.0,1.0,1,1,0,1,0,0,1,1,1,0,0,0,1,1,0,1,1,0,0,0,0,0,1,59615792,2.37,1,0,0,0
1349,Danielle,1940.0,100%,78%,1,,1.0,1.0,1,1,0,1,0,0,1,0,1,0,0,0,1,1,0,1,0,0,0,0,1,0,0,59748650,2.61,1,0,0,0
1350,Marchionees,1940.0,100%,100%,0,,1.0,1.0,1,1,0,1,1,0,1,0,0,0,0,0,1,1,0,0,0,0,0,0,1,0,0,59805862,0.41,1,0,0,0
1351,John,1940.0,,,0,,1.0,1.0,1,1,0,1,0,0,1,0,0,0,0,0,1,1,0,0,0,0,0,0,0,0,0,59806379,0.23,1,0,0,0
1352,Cherylann,1939.0,100%,100%,1,,1.0,1.0,1,1,0,1,1,0,1,0,1,0,0,0,0,1,0,1,0,0,1,0,0,0,1,59902584,3.75,1,0,0,0
1353,Adam,1939.0,100%,100%,1,,1.0,1.0,1,1,0,1,0,0,1,0,0,0,0,0,1,1,0,1,1,0,0,0,0,0,1,59991677,1.03,1,0,0,0
1354,Acacia,1939.0,,,0,,1.0,1.0,1,1,0,1,0,0,1,1,0,1,0,0,1,1,0,1,1,0,1,0,0,0,0,59996783,0.12,1,0,0,0
1355,Vacation Generation,1938.0,98%,71%,1,Central Business District,112.0,112.0,1,1,0,0,0,0,1,1,1,0,0,0,1,1,0,1,1,0,0,0,1,0,0,60085031,0.52,1,0,0,0
1356,Adrienne,1938.0,100%,100%,1,,1.0,1.0,1,1,0,1,1,0,0,0,0,1,0,0,0,1,0,0,0,0,0,0,0,0,1,60113794,2.42,1,0,0,0
1357,Jennifer,1937.0,100%,99%,0,,1.0,1.0,1,1,0,1,0,0,1,0,1,0,0,0,1,1,0,1,0,0,0,0,0,0,1,60204486,2.3,1,0,0,0
1358,Kevin,1935.0,100%,92%,1,,1.0,1.0,1,1,0,1,0,0,1,0,1,1,0,0,1,1,0,1,0,0,1,0,1,0,0,60493366,2.5,0,0,1,0
1359,Brittany,1935.0,100%,100%,1,,1.0,1.0,1,1,0,1,1,0,0,0,0,1,0,0,0,1,0,1,0,0,0,0,0,0,1,60525553,0.77,1,0,0,0
1360,Kate,1934.0,,100%,0,Green Hills,1.0,1.0,1,0,0,0,1,0,0,0,0,0,0,0,0,1,0,0,0,0,0,0,0,0,0,60643668,0.09,0,0,1,0
1361,Ty,1933.0,100%,100%,1,,2.0,2.0,1,1,0,1,0,0,1,1,1,0,0,0,1,1,0,1,1,0,1,0,0,0,1,60759222,13.120000000000001,0,0,2,0
1362,Michael,1932.0,,,0,,2.0,2.0,1,0,0,1,0,0,0,0,0,0,0,0,0,1,0,1,0,0,0,0,0,0,0,60918330,0.04,0,0,2,0
1363,Travers,1932.0,100%,100%,0,East Nashville,43.0,43.0,1,1,0,1,1,0,1,1,1,0,0,0,1,1,0,1,1,0,0,0,0,0,1,60934272,64.56,31,0,0,1
1364,Brittney,1931.0,100%,98%,1,,0.0,0.0,1,1,0,1,1,0,1,1,1,0,0,0,1,1,0,1,1,0,0,0,0,0,1,61082762,2.74,1,0,0,0
1365,Cody,1931.0,,,0,,1.0,1.0,1,0,0,1,0,0,0,0,0,0,0,0,0,1,0,1,0,0,0,0,0,0,0,61107438,0.02,1,0,0,0
1366,Kelly,1931.0,100%,100%,0,,1.0,1.0,1,1,0,1,0,0,1,0,1,0,0,0,1,1,0,1,0,0,0,0,0,1,0,61172147,1.73,1,0,0,0
1367,Casey,1931.0,100%,100%,1,,1.0,1.0,1,1,0,1,1,0,0,0,0,1,0,0,0,1,0,1,0,0,0,0,0,0,1,61175381,2.49,2,0,0,0
1368,Ashley,1930.0,100%,100%,1,,1.0,1.0,1,1,0,1,0,0,1,0,1,0,0,0,1,1,0,1,0,0,0,0,0,0,1,61289087,1.54,1,0,0,0
1369,Jennifer,1929.0,100%,93%,1,,1.0,1.0,1,1,0,1,0,0,1,0,1,0,0,0,0,1,0,1,0,0,0,0,0,0,1,61357852,1.77,1,0,0,0
1370,Raj,1929.0,,100%,1,,1.0,1.0,1,0,0,1,0,1,0,0,0,1,0,0,0,1,0,0,0,0,0,0,0,0,0,61412242,2.01,1,0,0,0
1371,Joe,1929.0,83%,100%,1,,1.0,1.0,1,0,0,1,0,0,0,0,0,0,0,0,0,1,0,0,0,0,0,0,0,0,1,61424583,0.82,1,0,0,0
1372,Amanda,1929.0,100%,100%,1,,1.0,1.0,1,1,0,1,1,0,1,1,1,0,0,0,1,1,0,1,1,0,1,0,0,0,1,61428350,1.19,1,0,0,0
1373,Ben,1928.0,100%,0%,0,,0.0,0.0,1,1,0,1,0,0,1,0,0,0,0,0,1,1,0,0,0,0,0,0,0,1,0,61532981,0.0,0,0,1,0
1374,Lesley,1927.0,100%,99%,1,,3.0,3.0,1,1,0,1,0,0,1,0,0,0,0,0,1,1,0,1,0,0,0,0,0,0,1,61651494,8.19,3,0,0,0
1375,Corrie,1927.0,,,0,,1.0,1.0,1,0,0,1,1,0,1,0,1,0,0,0,1,1,0,1,0,0,0,0,0,0,0,61655696,0.19,0,0,1,0
1376,Jesse,1927.0,100%,100%,1,,1.0,1.0,1,1,0,1,0,0,0,0,0,1,0,0,0,1,0,1,0,0,0,0,0,0,1,61710598,7.31,1,0,0,0
1377,Rick & Tiffany,1927.0,100%,100%,1,,2.0,2.0,1,1,0,1,1,0,1,0,1,0,0,0,1,1,0,0,0,0,0,0,0,0,1,61721089,12.18,2,0,0,0
1378,Allison,1926.0,100%,100%,0,,0.0,0.0,1,1,0,1,1,0,1,0,1,0,0,0,0,1,0,0,0,0,0,0,0,0,1,61806305,0.0,1,0,0,0
1379,Steve,1925.0,100%,96%,1,,2.0,2.0,1,1,0,1,0,0,1,0,1,0,0,0,0,1,0,1,0,0,0,0,1,0,0,61975998,4.3,1,0,1,0
1380,Rachel,1925.0,,100%,0,,1.0,1.0,1,1,0,1,0,0,1,0,1,0,0,0,1,1,0,1,0,0,1,0,0,0,0,62014027,1.02,0,0,1,0
1381,Susan,1925.0,100%,100%,1,Edgehill,1.0,1.0,1,1,0,1,0,0,1,0,0,0,0,0,1,1,0,0,0,0,0,0,0,0,1,62021647,1.99,2,0,0,0
1382,Chris,1924.0,,,0,,1.0,1.0,1,1,0,1,0,0,0,0,0,1,0,0,0,1,0,1,0,0,1,0,0,0,0,62049211,0.67,1,0,0,0
1383,Jim,1924.0,,100%,0,Bellevue,0.0,0.0,1,1,0,1,1,0,1,0,1,0,0,0,0,1,0,0,0,0,0,0,0,0,0,62094277,0.1,1,0,0,0
1384,Laura,1924.0,100%,82%,1,Hillsboro West End,2.0,2.0,1,1,0,1,0,0,1,0,1,1,0,0,1,1,0,1,0,0,1,0,0,0,1,62186746,1.72,2,0,0,0
1385,Jennifer,1923.0,100%,97%,1,Hillsboro-Belmont,1.0,1.0,1,1,0,1,1,0,1,1,1,0,0,0,0,1,0,0,1,0,0,0,0,0,1,62256861,3.76,1,0,0,0
1386,Chase,1922.0,100%,100%,0,Pennington Bend,0.0,0.0,1,1,0,1,0,0,1,0,1,0,0,0,1,1,0,1,0,0,0,0,0,0,1,62429442,1.27,1,0,0,0
1387,Lindsey,1922.0,,,0,,1.0,1.0,1,0,0,0,1,0,0,0,0,0,0,0,0,1,0,1,0,0,0,0,0,0,0,62464954,0.29,1,0,0,0
1388,DeQuinn,1921.0,,100%,0,Downtown,0.0,0.0,1,0,0,1,0,0,0,0,0,0,0,0,0,1,0,1,0,0,0,0,0,0,0,62566800,0.0,1,0,0,0
1389,Kait,1920.0,,,0,,1.0,1.0,1,1,0,1,1,0,1,0,1,0,0,0,0,1,0,1,0,0,0,0,0,0,0,62595372,0.04,1,0,0,0
1390,ResortShare3,1918.0,92%,100%,0,Downtown,95.0,95.0,1,1,0,1,0,0,0,0,0,1,0,0,0,1,0,1,0,0,0,0,0,0,1,62926650,0.38,3,0,0,0
1391,Justin,1918.0,,,0,,1.0,1.0,1,1,0,1,0,0,0,0,0,1,0,0,0,1,0,1,0,0,0,0,0,0,0,62952401,0.07,1,0,0,0
1392,Matthew,1918.0,100%,100%,0,South First,3.0,3.0,1,1,0,1,0,0,1,0,0,1,0,0,1,1,0,1,0,0,1,0,0,0,1,62958386,8.83,1,0,0,0
1393,Alexanderia,1918.0,100%,100%,1,,1.0,1.0,1,0,0,1,0,0,0,0,0,1,0,0,0,1,0,0,0,0,1,0,0,0,1,62990324,2.19,1,0,0,0
1394,Matt & Deb,1918.0,88%,46%,0,,2.0,2.0,1,1,0,1,0,0,0,0,0,1,0,0,0,1,0,1,0,0,0,0,1,0,0,63006343,0.22,1,0,0,0
1395,Aisha,1916.0,,,0,,1.0,1.0,1,1,0,1,1,0,1,0,1,0,0,0,1,1,0,1,0,0,1,0,0,0,0,63298682,0.06,0,0,0,1
1396,Miranda,1915.0,100%,100%,1,,1.0,1.0,1,1,0,1,1,0,1,1,1,0,0,0,1,1,0,1,1,0,0,0,0,0,1,63393783,1.39,1,0,0,0
1397,Blake,1914.0,100%,97%,1,,4.0,4.0,1,1,0,1,0,1,1,0,1,0,0,0,1,1,0,1,0,0,1,0,0,0,1,63474720,11.05,4,0,0,0
1398,Grace/Kelly,1914.0,100%,98%,1,Jones/Buena Vista,3.0,3.0,1,1,0,1,0,0,0,0,0,1,0,0,0,1,0,1,0,0,1,0,1,0,0,63507171,0.3,0,0,1,0
1399,Rick,1914.0,100%,100%,1,,1.0,1.0,1,1,0,1,0,0,1,0,1,0,0,0,0,1,0,1,0,0,0,0,0,0,1,63529159,3.3,1,0,0,0
1400,Todd & Jill,1914.0,100%,92%,1,,1.0,1.0,1,1,0,1,0,0,1,0,0,0,0,0,1,1,0,0,0,0,1,0,0,0,1,63548165,3.25,1,0,0,0
1401,Rick,1912.0,100%,81%,1,,1.0,1.0,1,0,0,1,0,0,0,0,0,0,0,0,0,1,0,1,0,0,0,0,1,0,0,63674460,2.32,1,0,0,0
1402,Caleb,1912.0,100%,98%,1,,2.0,2.0,1,1,0,1,0,0,1,1,1,0,0,0,1,1,0,1,1,0,0,0,0,0,1,63771256,6.329999999999999,0,0,2,0
1403,LaShawnda,1912.0,100%,100%,1,,1.0,1.0,1,1,0,1,1,0,1,0,1,0,0,0,1,1,0,0,0,0,0,0,0,0,1,63806794,1.38,1,0,0,0
1404,HERricane,1910.0,100%,94%,1,,2.0,2.0,1,1,0,1,1,0,1,0,1,0,0,0,0,1,0,1,0,0,1,0,1,0,0,64022034,3.52,1,0,0,0
1405,Colleen,1910.0,100%,100%,1,,1.0,1.0,1,1,0,1,0,0,1,0,1,0,0,0,0,1,0,1,0,0,0,0,0,0,1,64031938,1.7,1,0,0,0
1406,Tina,1910.0,100%,97%,1,,1.0,1.0,1,1,0,1,0,0,1,1,1,0,0,0,1,1,0,1,1,0,0,0,0,0,1,64102361,5.78,1,0,0,0
1407,Mary,1909.0,100%,95%,1,,1.0,1.0,1,1,0,1,0,0,1,0,0,0,0,0,1,1,0,0,0,0,0,0,0,0,1,64181221,4.95,1,0,0,0
1408,Lawrence,1908.0,100%,100%,1,,1.0,1.0,1,1,0,1,0,0,1,1,1,1,0,0,1,1,0,1,1,0,0,0,1,0,0,64311418,0.52,0,0,1,0
1409,Tiffany,1907.0,100%,100%,1,,5.0,5.0,1,1,0,1,1,0,1,0,1,0,0,0,0,1,0,1,0,0,1,0,0,0,1,64373321,5.369999999999999,2,0,0,0
1410,Beverly,1907.0,,100%,0,,1.0,1.0,1,0,0,1,1,0,0,0,0,0,0,0,0,1,0,1,1,0,0,0,0,0,0,64440415,1.29,1,0,0,0
1411,Kat,1907.0,100%,79%,1,,1.0,1.0,1,0,0,1,0,0,1,0,1,0,0,0,0,1,0,1,0,0,0,0,0,0,1,64463691,1.83,1,0,0,0
1412,Dawn,1906.0,,100%,1,,1.0,1.0,1,1,0,1,0,0,1,0,0,0,0,0,1,1,0,1,0,0,0,0,0,0,0,64561141,1.66,1,0,0,0
1413,Bonita,1905.0,100%,100%,1,,1.0,1.0,1,0,0,1,1,0,0,0,0,0,0,0,0,1,0,1,0,0,0,0,0,0,1,64669969,2.89,1,0,0,0
1414,Carl,1904.0,,97%,1,,2.0,2.0,1,1,0,1,0,0,1,1,1,0,0,0,1,1,0,1,1,0,0,0,0,0,0,64828780,3.66,1,0,0,0
1415,Linda,1902.0,,,0,,1.0,1.0,1,1,0,1,0,1,0,0,0,1,0,0,0,1,0,1,0,0,0,0,0,0,0,65052321,0.33,1,0,0,0
1416,Antonisha,1901.0,100%,100%,1,,1.0,1.0,1,1,0,1,0,0,1,1,1,0,0,0,1,1,0,1,1,0,0,0,0,0,1,65154917,1.95,0,0,1,0
1417,Sarah,1901.0,100%,100%,1,,1.0,1.0,1,1,0,1,0,0,1,0,0,0,0,0,1,1,0,0,0,0,0,0,0,0,1,65212380,1.35,1,0,0,0
1418,Michelle,1901.0,,100%,1,,1.0,1.0,1,1,0,1,1,0,1,1,1,0,0,0,1,1,0,1,1,0,1,0,0,0,0,65279142,1.93,1,0,0,0
1419,Allie,1900.0,,69%,1,,2.0,2.0,1,1,0,1,0,0,1,0,1,0,0,0,0,1,0,1,0,0,0,0,0,0,0,65307202,2.1100000000000003,1,0,1,0
1420,Eva,1899.0,100%,100%,1,,1.0,1.0,1,0,0,1,0,0,0,0,0,0,0,0,0,1,0,1,0,0,1,0,0,1,0,65479494,1.37,1,0,0,0
1421,Shawn,1899.0,100%,92%,1,,3.0,3.0,1,1,0,1,0,0,1,0,0,0,0,0,1,1,0,0,0,0,1,0,0,0,1,65528795,1.47,3,0,0,0
1422,Guy,1899.0,100%,93%,0,,1.0,1.0,1,1,0,1,1,0,1,0,0,0,0,0,1,1,0,1,0,0,0,0,0,0,1,65532217,1.51,1,0,0,0
1423,Maria,1898.0,,,0,,1.0,1.0,1,1,0,1,1,0,1,0,1,0,0,0,0,1,0,1,0,0,0,0,0,0,0,65677465,0.12,1,0,0,0
1424,Music City,1897.0,67%,100%,0,,1.0,1.0,1,1,0,1,0,0,1,0,1,0,0,0,0,1,0,1,0,0,0,0,0,1,0,65683912,0.79,1,0,0,0
1425,Premiere,1897.0,100%,99%,1,French Quarter,2.0,2.0,1,1,0,1,0,0,1,0,1,1,0,0,1,1,0,0,0,0,0,0,0,0,1,65740100,1.08,1,0,0,0
1426,Shelby,1897.0,100%,100%,1,,2.0,2.0,1,1,0,1,0,0,1,0,0,0,0,0,1,1,0,1,0,0,0,0,0,0,1,65804206,4.29,1,0,1,0
1427,Jon,1897.0,,75%,1,,2.0,2.0,1,1,0,1,0,0,1,0,1,0,0,0,0,1,0,1,0,0,0,0,0,0,0,65810733,0.52,1,0,0,0
1428,Jaan,1897.0,100%,,1,,1.0,1.0,1,1,0,1,0,0,1,1,1,0,0,0,1,1,0,1,1,0,1,0,0,1,0,65814161,0.41,1,0,0,0
1429,Vindy,1897.0,100%,100%,1,,3.0,3.0,1,1,0,1,0,1,1,0,1,0,0,0,0,1,0,1,0,0,0,0,0,0,1,65816165,2.8200000000000003,0,0,2,0
1430,Ceci,1896.0,,100%,0,,1.0,1.0,1,0,0,1,0,0,0,0,0,0,0,0,0,1,0,1,0,0,0,0,0,0,0,65942393,0.02,1,0,0,0
1431,Cory,1896.0,,,0,,1.0,1.0,1,1,0,1,0,0,1,0,1,0,0,0,1,1,0,1,0,0,0,0,0,0,0,65965201,0.23,1,0,0,0
1432,Cassandra,1896.0,,100%,0,,1.0,1.0,1,1,0,1,0,0,1,1,1,1,0,0,1,1,0,1,1,0,1,0,0,0,0,65973979,1.2,1,0,0,0
1433,Paul,1895.0,100%,100%,1,,1.0,1.0,1,0,0,1,0,0,0,0,0,0,0,0,0,1,0,1,0,0,0,0,0,0,1,66040498,3.34,1,0,0,0
1434,George & Caroline,1894.0,100%,100%,1,,1.0,1.0,1,0,0,1,0,0,0,0,0,0,0,0,0,1,0,1,0,0,0,0,0,0,1,66244413,4.67,1,0,0,0
1435,Kristin,1894.0,100%,98%,0,,1.0,1.0,1,1,0,1,1,0,1,0,0,1,0,0,1,1,0,1,0,0,1,0,0,0,1,66250563,1.52,1,0,0,0
1436,Betsy,1893.0,100%,100%,0,Jones/Buena Vista,0.0,0.0,1,1,0,1,1,0,1,1,1,1,0,0,1,1,0,1,1,0,0,0,0,0,1,66369506,4.71,1,0,0,0
1437,David,1893.0,,,0,,1.0,1.0,1,0,0,1,1,0,0,0,0,0,0,0,0,1,0,0,0,0,0,0,0,0,0,66382498,0.0,0,0,1,0
1438,Mary,1892.0,100%,100%,1,,1.0,1.0,1,0,0,1,0,0,0,0,0,0,0,0,0,1,0,1,0,0,0,0,0,0,1,66515338,9.21,1,0,0,0
1439,Jacob,1892.0,100%,96%,1,,1.0,1.0,1,1,0,1,0,0,1,0,1,1,0,0,0,1,0,1,0,0,0,0,0,0,1,66516293,4.63,1,0,0,0
1440,Mark,1892.0,100%,94%,0,Hermitage,2.0,2.0,1,0,0,1,0,0,0,0,0,0,0,0,0,1,0,1,0,0,0,0,0,0,1,66517475,0.0,1,0,0,0
1441,Zareh,1891.0,100%,100%,0,,0.0,0.0,1,1,0,1,0,0,1,0,0,1,0,0,1,1,0,1,0,0,0,0,0,0,1,66639862,0.29,1,0,0,0
1442,Michael,1891.0,100%,94%,1,,1.0,1.0,1,1,0,1,0,0,0,0,0,1,0,0,0,1,0,1,0,0,0,0,0,0,1,66669083,1.87,1,0,0,0
1443,Beverly,1890.0,100%,57%,1,,1.0,1.0,1,1,0,1,0,0,0,0,0,1,0,0,0,1,0,1,0,0,0,0,0,1,0,66676800,3.81,1,0,0,0
1444,Mandi,1889.0,,83%,1,,3.0,3.0,1,1,0,1,1,0,1,1,1,0,0,0,1,1,0,1,1,0,0,0,0,0,0,66918795,4.029999999999999,3,0,0,0
1445,Austin,1888.0,100%,100%,1,,1.0,1.0,1,1,0,1,0,0,1,0,0,0,0,0,1,1,0,1,0,0,0,0,0,0,1,67059258,3.39,1,0,0,0
1446,Katie & Ben,1887.0,100%,99%,1,,1.0,1.0,1,1,0,1,0,0,1,0,1,1,0,0,1,1,0,1,0,0,0,0,0,0,1,67263024,6.76,1,0,0,0
1447,Carol,1887.0,100%,100%,1,,2.0,2.0,1,1,0,1,0,0,1,1,1,1,0,0,1,1,0,1,1,0,0,0,0,0,1,67271370,2.63,1,0,0,0
1448,1043,1886.0,100%,100%,1,,0.0,0.0,1,1,0,1,0,0,1,0,0,0,0,0,1,1,0,0,0,0,1,0,0,0,1,67280137,0.99,1,0,0,0
1449,Charles,1885.0,,,0,,1.0,1.0,1,1,0,1,0,0,1,0,1,0,0,0,0,1,0,1,0,0,1,0,0,0,0,67467170,0.82,1,0,0,0
1450,Colton,1885.0,,,0,,1.0,1.0,1,1,0,1,0,0,1,0,0,0,0,0,1,1,0,1,0,0,0,0,0,0,0,67503620,0.0,1,0,0,0
1451,Cynthia,1885.0,,,0,,1.0,1.0,1,1,0,1,0,0,0,0,0,1,0,0,0,1,0,1,0,0,0,0,0,0,0,67506738,0.97,1,0,0,0
1452,Jared,1884.0,33%,0%,0,,1.0,1.0,1,1,0,1,0,0,1,1,1,0,0,0,1,1,0,1,1,0,1,1,0,0,0,67520520,0.53,1,0,0,0
1453,Jane And Ed,1884.0,,,0,,1.0,1.0,1,1,0,1,0,0,1,1,0,0,0,0,1,1,0,1,1,0,0,0,0,0,0,67583614,0.04,0,0,1,0
1454,Joey,1884.0,90%,88%,1,,0.0,0.0,1,1,0,1,1,0,0,0,0,1,0,0,0,1,0,1,0,0,0,0,0,0,1,67611468,4.11,1,0,0,0
1455,Emily,1883.0,,,0,,1.0,1.0,1,0,0,0,0,0,0,0,0,0,0,0,0,1,0,0,0,0,0,0,0,0,0,67746846,0.0,1,0,0,0
1456,Trisha,1883.0,,,0,,1.0,1.0,1,1,0,1,0,1,0,0,0,1,0,0,0,1,0,0,0,0,0,0,0,0,0,67809024,0.0,0,0,1,0
1457,Miss,1882.0,,,0,,2.0,2.0,1,1,0,1,1,0,0,0,0,1,0,0,0,1,0,1,0,0,0,0,0,0,0,67874596,0.0,0,0,1,0
1458,Monique,1882.0,100%,100%,0,Antioch,2.0,2.0,1,1,0,1,0,0,1,1,1,0,0,0,0,1,0,1,1,0,0,0,0,0,1,67950198,17.060000000000002,2,0,0,0
1459,Music City Magnolia,1882.0,100%,98%,1,Talbot's Corner,8.0,8.0,1,1,0,1,1,0,1,0,1,0,0,0,1,1,0,1,0,0,1,0,0,0,1,67994775,10.989999999999998,5,0,0,0
1460,Courtrina,1881.0,,,0,,1.0,1.0,1,1,0,1,0,0,1,0,1,0,0,0,0,1,0,1,0,0,0,0,0,0,0,68006231,0.81,0,0,1,0
1461,Maggie,1881.0,100%,100%,1,Historic Waverly,0.0,0.0,1,1,0,1,0,0,0,0,0,1,0,0,0,1,0,1,0,0,0,0,0,0,1,68119700,0.14,1,0,0,0
1462,Elissa,1881.0,,100%,1,,1.0,1.0,1,0,0,1,0,0,1,0,1,0,0,0,0,1,0,1,0,0,0,0,0,0,0,68131917,2.82,1,0,0,0
1463,Alison,1880.0,100%,100%,1,,1.0,1.0,1,0,0,1,1,0,0,0,0,0,0,0,0,1,0,1,0,0,0,0,0,0,1,68251217,2.25,1,0,0,0
1464,Katey,1880.0,,,0,,2.0,2.0,1,0,0,1,0,0,0,0,0,0,0,0,0,1,0,1,0,0,0,0,0,0,0,68316823,0.46,1,0,1,0
1465,Eric,1879.0,0%,100%,0,,0.0,0.0,1,0,0,1,1,0,0,0,0,0,0,0,0,1,0,0,0,0,0,1,0,0,0,68330960,0.0,1,0,0,0
1466,Alan,1879.0,,100%,1,,2.0,2.0,1,1,0,1,0,0,1,0,1,0,0,0,0,1,0,1,0,0,0,0,0,0,0,68399601,2.66,1,0,1,0
1467,Martha,1878.0,,100%,1,,1.0,1.0,1,0,0,1,0,0,0,0,0,0,0,0,0,1,0,1,0,0,1,0,0,0,0,68510138,2.55,1,0,0,0
1468,Tosha & Richard,1877.0,100%,97%,1,,1.0,1.0,1,1,0,1,0,0,0,0,0,1,0,0,0,1,0,1,0,0,0,0,0,0,1,68666998,2.3,1,0,0,0
1469,Marida,1877.0,100%,99%,1,Rosebank,9.0,9.0,1,1,0,1,0,0,1,0,1,1,0,0,0,1,0,1,0,0,0,0,0,0,1,68700037,0.0,1,0,0,0
1470,Lisa,1876.0,98%,98%,0,Downtown,0.0,0.0,1,0,0,1,0,0,0,0,0,0,0,0,0,1,0,0,0,0,0,0,0,0,1,68886130,7.14,1,0,0,0
1471,Brandon,1876.0,100%,100%,1,East Nashville,0.0,0.0,1,1,0,1,1,0,1,0,1,1,0,0,0,1,0,1,0,0,0,0,0,0,1,68945090,1.55,1,0,0,0
1472,Jess,1875.0,,,0,,1.0,1.0,1,0,0,1,0,0,0,0,0,0,0,0,0,1,0,0,0,0,0,0,0,0,0,69057434,0.0,1,0,0,0
1473,David,1875.0,100%,99%,0,,1.0,1.0,1,0,0,1,0,0,0,0,0,1,0,0,0,1,0,1,0,0,0,0,0,0,1,69068164,4.53,1,0,0,0
1474,Joan,1875.0,100%,100%,1,,1.0,1.0,1,1,0,1,0,0,1,0,1,0,0,0,1,1,0,1,0,0,0,0,0,0,1,69115035,3.5,1,0,0,0
1475,Tommy,1874.0,100%,82%,0,,2.0,2.0,1,1,0,1,0,0,0,0,0,1,0,0,0,1,0,1,0,0,0,0,0,0,1,69141260,3.55,2,0,0,0
1476,Jeff,1874.0,,100%,1,Midtown,2.0,2.0,1,0,0,0,0,0,0,0,0,0,0,0,0,1,0,0,0,0,0,0,0,0,0,69229614,0.0,1,0,0,0
1477,Evan,1874.0,,,0,,1.0,1.0,1,1,0,1,1,0,0,0,0,1,0,0,0,1,0,1,0,0,0,0,0,0,0,69243507,0.66,1,0,0,0
1478,Josh And Katie,1874.0,100%,89%,1,,1.0,1.0,1,0,0,1,0,0,0,0,0,0,0,0,0,1,0,1,0,0,0,0,1,0,0,69292888,0.37,1,0,0,0
1479,Alphonso,1873.0,100%,92%,1,,4.0,4.0,1,1,0,1,1,0,1,0,1,0,0,0,0,1,0,1,0,0,0,0,0,0,1,69338665,0.29,1,0,0,0
1480,Mickenzie,1873.0,100%,87%,1,,0.0,0.0,1,1,0,1,1,0,1,0,1,0,0,0,1,1,0,1,0,0,0,0,0,0,1,69430542,1.37,0,0,1,0
1481,Scot,1872.0,100%,99%,1,Downtown,2.0,2.0,1,1,0,1,0,0,1,0,0,0,0,0,1,1,0,1,0,0,0,0,0,0,1,69562152,27.56,5,0,0,0
1482,Ryan,1872.0,100%,100%,0,Hermitage,1.0,1.0,1,0,0,1,1,0,0,0,0,0,0,0,0,1,0,1,0,0,0,0,1,0,0,69568571,1.0,1,0,0,0
1483,Tracee And The Team,1870.0,100%,78%,1,,3.0,3.0,1,1,0,1,0,0,1,0,1,0,0,0,1,1,0,1,0,0,1,0,1,0,0,69803195,0.1,0,0,1,0
1484,Ludo & Laura,1870.0,100%,98%,1,South Nashville,13.0,13.0,1,1,0,1,0,0,1,1,0,0,0,0,1,1,0,1,1,0,0,0,0,0,1,69852847,15.759999999999998,13,0,0,0
1485,Richard,1870.0,,100%,0,,2.0,2.0,1,1,0,1,0,0,1,1,1,0,0,0,1,1,0,1,1,0,0,0,0,0,0,69876251,0.24,1,0,0,0
1486,Kyle & Lindsey,1869.0,92%,100%,0,,1.0,1.0,1,0,0,1,0,0,0,0,0,1,0,0,0,1,0,1,0,0,0,0,1,0,0,69957483,2.42,1,0,0,0
1487,Casey,1869.0,,,1,,2.0,2.0,1,1,0,1,0,0,1,1,1,0,0,0,1,1,0,0,1,0,0,0,0,0,0,70009563,0.42000000000000004,1,0,1,0
1488,Nicole,1868.0,80%,100%,0,North Nashville,0.0,0.0,1,1,0,1,0,0,1,1,1,0,0,0,1,1,0,0,1,0,0,0,0,0,1,70168109,1.67,1,0,0,0
1489,Conner,1868.0,100%,100%,1,,4.0,4.0,1,1,0,1,0,1,1,0,1,0,0,0,0,1,0,1,0,0,0,0,0,0,1,70202703,17.86,3,0,0,0
1490,Jamison,1868.0,100%,,0,,2.0,2.0,1,1,0,1,0,0,1,1,1,0,0,0,1,1,0,1,1,0,1,0,1,0,0,70213252,0.04,2,0,0,0
1491,Renay,1868.0,100%,90%,1,Talbot's Corner,0.0,0.0,1,0,0,1,1,0,0,0,0,0,0,0,0,1,0,0,0,0,0,0,0,1,0,70224493,0.87,1,0,0,0
1492,Kyle,1868.0,100%,100%,0,Urbandale Nations,0.0,0.0,1,1,0,1,1,0,1,1,1,0,0,0,1,1,0,1,1,0,0,0,0,0,1,70248042,3.91,1,0,0,0
1493,Brian,1868.0,57%,100%,1,Montgomery Place,2.0,2.0,1,1,0,1,0,0,0,0,0,1,0,0,0,1,0,1,0,0,0,0,0,1,0,70256049,1.96,3,0,0,0
1494,Cuiren,1867.0,100%,100%,1,,2.0,2.0,1,1,0,1,0,0,1,0,1,0,0,0,1,1,0,1,0,0,0,0,0,0,1,70321088,1.02,1,0,0,0
1495,Bobby & Alana,1867.0,100%,93%,1,,1.0,1.0,1,1,0,1,0,0,1,0,1,0,0,0,1,1,0,0,0,0,0,0,0,1,0,70383458,2.58,1,0,0,0
1496,Tobee,1866.0,100%,100%,0,South Nashville,1.0,1.0,1,0,0,0,0,0,0,0,0,0,0,0,0,1,0,0,0,0,0,0,0,0,1,70504976,1.0,1,0,0,0
1497,Jeff,1865.0,100%,100%,1,,0.0,0.0,1,1,0,0,0,0,1,0,1,0,0,0,1,1,0,0,0,0,0,0,0,0,1,70643266,1.7599999999999998,2,0,0,0
1498,James,1865.0,100%,100%,1,,0.0,0.0,1,0,0,1,0,0,0,0,0,1,0,0,0,1,0,1,0,0,1,0,0,0,1,70664893,2.25,1,0,0,0
1499,Ronnie Lee,1865.0,100%,100%,1,,0.0,0.0,1,1,0,1,1,0,0,0,0,1,0,0,0,1,0,1,0,0,1,0,0,0,1,70706732,1.9,1,0,0,0
1500,Harley,1864.0,100%,100%,1,Edgehill,1.0,1.0,1,1,0,0,0,0,1,1,0,1,0,0,1,1,0,1,1,0,0,0,0,0,1,70801117,6.58,2,0,0,0
1501,Guy,1864.0,100%,80%,1,Chestnut Hill,20.0,20.0,1,1,0,1,1,0,1,0,0,1,0,0,1,1,0,1,0,0,0,0,0,0,1,70837879,2.71,2,0,0,0
1502,Steven,1864.0,,86%,1,,1.0,1.0,1,1,0,1,0,0,0,0,0,1,0,0,0,1,0,1,0,0,1,0,0,0,0,70853265,1.72,1,0,0,0
1503,Tyler,1863.0,100%,94%,1,Donelson Hills,0.0,0.0,1,1,0,1,1,0,1,0,0,1,0,0,1,1,0,0,0,0,0,0,0,0,1,70876563,3.13,1,0,0,0
1504,David,1862.0,100%,100%,1,,1.0,1.0,1,0,0,1,0,0,1,0,1,0,0,0,1,1,0,1,0,0,0,0,0,0,1,71093560,2.2,1,0,0,0
1505,Jeanelle,1862.0,100%,99%,1,,2.0,2.0,1,1,0,1,0,1,1,0,1,1,0,0,1,1,0,1,0,0,0,0,1,0,0,71112010,4.8,2,0,0,0
1506,Chuck & Susan,1862.0,,100%,1,,1.0,1.0,1,1,0,1,0,1,0,0,0,1,0,0,0,1,0,1,0,0,0,0,0,0,0,71121672,2.14,1,0,0,0
1507,Elizabeth,1862.0,100%,100%,1,,1.0,1.0,1,1,0,1,1,0,0,0,0,1,0,0,0,1,0,1,0,0,0,0,0,1,0,71155589,1.0,1,0,0,0
1508,Nancy,1862.0,,,0,,1.0,1.0,1,0,0,1,0,0,0,0,0,0,0,0,0,1,0,1,0,0,0,0,0,0,0,71156246,0.43,1,0,0,0
1509,Eva Angelina,1862.0,100%,96%,1,,1.0,1.0,1,1,0,1,0,1,1,0,1,0,0,0,0,1,0,1,1,0,1,0,0,0,1,71199932,1.81,1,0,0,0
1510,John,1861.0,100%,100%,1,,8.0,8.0,1,0,0,1,0,0,0,0,0,0,0,0,0,1,0,1,0,0,0,0,0,0,1,71301768,17.91,8,0,0,0
1511,James,1861.0,,,0,,1.0,1.0,1,0,0,1,0,0,0,0,0,0,0,0,0,1,0,0,0,0,0,0,0,0,0,71370074,0.0,0,0,1,0
1512,Karen,1860.0,100%,67%,1,,1.0,1.0,1,1,0,1,0,0,1,0,1,0,0,0,1,1,0,1,0,0,1,0,0,0,1,71572989,2.63,0,0,1,0
1513,Jackie,1859.0,100%,100%,1,,2.0,2.0,1,1,0,1,1,0,1,0,1,0,0,0,1,1,0,1,0,0,0,0,0,0,1,71630755,1.94,1,0,0,0
1514,Rebecca,1859.0,,,0,,1.0,1.0,1,1,0,0,0,0,1,0,0,0,0,0,1,1,0,0,0,0,1,0,0,0,0,71634574,0.2,1,0,0,0
1515,Ninoska,1858.0,100%,96%,0,,9.0,9.0,1,1,0,1,1,0,1,1,1,0,0,0,0,1,0,1,1,0,0,0,0,0,1,71819994,0.39,1,0,0,0
1516,Angie,1858.0,100%,100%,1,,1.0,1.0,1,1,0,1,0,0,1,1,1,0,0,0,1,1,0,1,1,0,0,0,0,0,1,71850546,12.85,0,0,1,0
1517,Aj,1858.0,71%,100%,1,,2.0,2.0,1,1,0,1,1,0,1,1,1,0,0,0,1,1,0,1,1,0,0,0,0,1,0,71879937,1.95,1,0,0,0
1518,Ambra,1857.0,100%,98%,1,,0.0,0.0,1,1,0,1,0,0,1,1,1,0,0,0,1,1,0,1,1,0,0,0,0,0,1,71967512,2.17,1,0,0,0
1519,Ward,1856.0,,,0,,1.0,1.0,1,1,0,1,0,0,1,1,1,0,0,0,1,1,0,1,1,0,0,0,0,0,0,72178111,0.45,1,0,0,0
1520,Robert,1856.0,100%,83%,0,,1.0,1.0,1,1,0,1,1,0,1,0,0,0,0,0,1,1,0,0,0,0,0,0,0,1,0,72182970,2.79,1,0,0,0
1521,Brent,1856.0,100%,100%,0,Midtown,0.0,0.0,1,0,0,0,0,0,0,0,0,0,0,0,0,1,0,0,0,0,0,0,1,0,0,72184145,0.0,1,0,0,0
1522,Jenny,1855.0,100%,86%,1,,1.0,1.0,1,0,0,1,1,0,0,0,0,0,0,0,0,1,0,1,0,0,0,0,0,0,1,72213650,8.73,1,0,0,0
1523,Ann,1855.0,100%,99%,1,,2.0,2.0,1,1,0,1,0,0,1,0,1,0,0,0,0,1,0,1,0,0,1,0,0,0,1,72255337,10.43,1,0,0,0
1524,Alan,1855.0,,,0,,1.0,1.0,1,0,0,1,1,0,0,0,0,0,0,0,0,1,0,1,0,0,1,0,0,0,0,72361714,0.0,1,0,0,0
1525,Alex & Wes,1854.0,100%,100%,0,North Capitol,2.0,2.0,1,0,0,1,1,0,0,0,0,0,0,0,0,1,0,1,0,0,0,0,0,0,1,72485541,6.48,2,0,0,0
1526,Dana,1854.0,100%,100%,1,Talbot's Corner,1.0,1.0,1,0,0,0,0,0,0,0,0,0,0,0,0,1,0,0,0,0,0,0,0,0,1,72490926,3.3,1,0,0,0
1527,Tina,1854.0,100%,98%,0,Hadley/Washington,2.0,2.0,1,1,0,1,1,0,1,0,1,0,0,0,1,1,0,0,0,0,0,0,0,0,1,72584035,2.58,1,0,0,0
1528,Kate,1853.0,100%,100%,1,,1.0,1.0,1,1,0,1,0,0,1,0,1,1,0,0,0,1,0,1,0,0,0,0,0,0,1,72735613,2.06,1,0,0,0
1529,Rebecca,1853.0,,85%,0,,1.0,1.0,1,1,0,1,0,0,1,0,0,0,0,0,1,1,0,1,0,0,0,0,0,0,0,72760470,3.22,1,0,0,0
1530,Bob,1853.0,,94%,1,,1.0,1.0,1,1,0,1,0,1,1,0,1,1,0,0,1,1,0,1,0,0,0,0,0,0,0,72780233,4.24,1,0,0,0
1531,Justin,1853.0,,100%,0,,1.0,1.0,1,1,0,1,0,0,1,0,0,0,0,0,1,1,0,0,0,0,0,0,0,0,0,72789245,0.94,1,0,0,0
1532,Taylor,1852.0,100%,100%,1,,2.0,2.0,1,1,0,1,0,1,1,0,1,0,0,0,1,1,0,1,0,0,0,0,0,0,1,72962740,1.8,1,0,0,0
1533,Adam,1851.0,,100%,0,,1.0,1.0,1,1,0,1,1,0,1,0,1,0,0,0,0,1,0,1,0,0,0,0,0,0,0,72969482,1.57,1,0,0,0
1534,Timothy,1851.0,100%,100%,1,,2.0,2.0,1,1,0,0,0,0,1,0,0,0,0,0,1,1,0,1,0,0,0,0,0,0,1,73044501,2.24,1,0,0,0
1535,Sydney,1851.0,,,1,,1.0,1.0,1,0,0,1,0,0,0,0,0,0,0,0,0,1,0,0,0,0,0,0,0,0,0,73106946,1.55,1,0,0,0
1536,Karen,1851.0,100%,100%,1,,9.0,9.0,1,1,0,1,0,0,1,0,0,0,0,0,1,1,0,1,0,0,1,0,0,0,1,73110875,5.38,1,0,0,0
1537,Derek & Steph,1850.0,90%,93%,1,,1.0,1.0,1,1,0,1,0,0,0,0,0,0,0,0,0,1,0,1,0,0,0,0,0,0,1,73124118,2.49,1,0,0,0
1538,Michael,1850.0,100%,100%,1,,0.0,0.0,1,1,0,1,0,0,1,0,0,0,0,0,1,1,0,0,0,0,0,0,0,0,1,73161329,1.68,1,0,0,0
1539,Lauren,1850.0,100%,97%,1,Edgehill,3.0,3.0,1,1,0,1,1,0,1,1,1,0,0,0,1,1,0,1,1,0,1,0,0,0,1,73195192,16.89,5,0,0,0
1540,Megan,1850.0,100%,100%,1,,1.0,1.0,1,1,0,1,0,0,1,1,1,0,0,0,1,1,0,1,1,0,0,0,0,0,1,73216727,1.37,1,0,0,0
1541,Kirk,1850.0,100%,92%,1,,2.0,2.0,1,1,0,1,1,0,1,0,0,1,0,0,1,1,0,1,0,0,0,0,0,0,1,73222963,5.66,0,0,2,0
1542,Alex,1850.0,100%,100%,1,,0.0,0.0,1,1,0,1,1,0,1,0,0,0,0,0,1,1,0,0,0,0,1,0,0,0,1,73243297,5.23,1,0,0,0
1543,Faye,1849.0,100%,95%,1,,1.0,1.0,1,1,0,1,0,1,1,0,1,0,0,0,0,1,0,1,0,0,0,0,0,0,1,73401538,3.35,1,0,0,0
1544,Michael,1849.0,100%,100%,0,Downtown,0.0,0.0,1,1,0,0,0,0,0,0,0,1,0,0,0,1,0,1,0,0,0,0,0,0,1,73406332,0.55,1,0,0,0
1545,Carolyn,1849.0,100%,100%,1,,1.0,1.0,1,0,0,1,1,0,0,0,0,1,0,0,0,1,0,1,0,0,0,0,1,0,0,73432656,0.45,1,0,0,0
1546,Simon,1848.0,,,0,,1.0,1.0,1,1,0,1,1,0,1,0,0,1,0,0,1,1,0,1,0,0,1,0,0,0,0,73509766,0.12,1,0,0,0
1547,Donna,1848.0,100%,100%,1,Edgehill,2.0,2.0,1,1,0,1,0,1,0,0,0,1,0,0,0,1,0,1,0,0,0,0,0,0,1,73602055,2.0,2,0,0,0
1548,Jerry,1847.0,100%,100%,1,,1.0,1.0,1,1,0,1,1,0,1,0,1,0,0,0,1,1,0,1,0,0,1,0,0,0,1,73670150,3.19,1,0,0,0
1549,Amy,1847.0,100%,100%,1,,1.0,1.0,1,1,0,1,0,0,1,1,1,0,0,0,1,1,0,1,1,0,1,0,0,0,1,73817084,6.45,1,0,0,0
1550,Kathelein,1846.0,100%,100%,0,South Nashville,1.0,1.0,1,1,0,1,0,0,1,1,0,0,0,0,1,1,0,1,1,0,0,0,0,0,1,74029417,0.95,0,0,1,0
1551,Faye,1846.0,,,0,,1.0,1.0,1,1,0,1,0,0,1,1,1,0,0,0,1,1,0,1,1,0,0,0,0,0,0,74037752,0.23,0,0,1,0
1552,Catherine,1845.0,100%,99%,1,,1.0,1.0,1,1,0,1,1,1,1,1,0,0,0,0,1,1,0,1,1,0,1,0,0,0,1,74176068,4.89,1,0,0,0
1553,Chloe & Joey,1844.0,,85%,1,,1.0,1.0,1,0,0,1,1,0,0,0,0,1,0,0,0,1,0,1,0,0,0,0,0,0,0,74325125,5.52,1,0,0,0
1554,Sharon,1843.0,100%,100%,1,,1.0,1.0,1,1,0,1,0,1,1,0,1,1,0,0,1,1,0,1,0,0,1,0,0,0,1,74508062,3.78,1,0,0,0
1555,Grace & Michael,1842.0,100%,100%,1,Green Hills,2.0,2.0,1,1,0,1,0,1,1,0,0,1,0,0,1,1,0,1,0,0,0,0,0,0,1,74537105,2.94,2,0,0,0
1556,Steve,1841.0,100%,64%,0,,1.0,1.0,1,0,0,1,0,0,0,0,0,0,0,0,0,1,0,1,0,0,0,0,0,1,0,74856447,0.39,1,0,0,0
1557,Patrick,1841.0,,,0,,1.0,1.0,1,1,0,1,0,0,1,1,1,0,0,0,1,1,0,1,1,0,0,0,0,0,0,74857134,0.0,1,0,0,0
1558,Jena,1841.0,100%,100%,0,,1.0,1.0,1,1,0,1,0,0,1,1,0,0,0,0,1,1,0,1,1,0,0,0,0,0,1,74905087,1.13,1,0,0,0
1559,Megan,1841.0,100%,88%,0,,2.0,2.0,1,1,0,1,1,0,0,0,0,1,0,0,0,1,0,1,0,0,0,0,0,0,1,74908412,0.44000000000000006,2,0,0,0
1560,Kirk,1840.0,,100%,0,,1.0,1.0,1,1,0,1,1,1,1,1,1,0,0,0,1,1,0,1,1,0,0,0,0,0,0,75046104,0.82,1,0,0,0
1561,Staria,1839.0,,85%,1,,1.0,1.0,1,1,0,1,1,0,1,1,1,0,0,0,1,1,0,1,1,0,1,0,0,0,0,75271132,1.87,1,0,0,0
1562,Larry,1837.0,,,0,,1.0,1.0,1,0,0,1,1,0,0,0,0,0,0,0,0,1,0,1,0,0,0,0,0,0,0,75594167,0.77,1,0,0,0
1563,Lindsey,1837.0,,,0,,1.0,1.0,1,1,0,1,1,0,0,0,0,1,0,0,0,1,0,1,0,0,0,0,0,0,0,75640531,0.55,1,0,0,0
1564,J.Paul,1836.0,,100%,1,,2.0,2.0,1,1,0,1,1,0,0,0,0,1,0,0,0,1,0,1,0,0,0,0,0,0,0,75818531,3.85,1,0,1,0
1565,Michele,1835.0,,,0,,1.0,1.0,1,1,0,1,0,0,1,1,1,0,0,0,1,1,0,1,1,0,1,0,0,0,0,75865992,0.0,0,0,1,0
1566,Nick,1835.0,100%,99%,1,Sylvan Heights,1.0,1.0,1,1,0,1,0,0,1,0,0,1,0,0,1,1,0,1,0,0,1,0,0,0,1,75907823,20.0,2,0,0,0
1567,Daniel,1834.0,100%,100%,1,,1.0,1.0,1,0,0,1,1,0,0,0,0,0,0,0,0,1,0,1,0,0,0,0,1,0,0,76043551,3.85,1,0,0,0
1568,Mari,1834.0,100%,88%,1,,2.0,2.0,1,0,0,1,1,1,0,0,0,1,0,0,0,1,0,1,0,0,0,0,1,0,0,76046195,3.29,1,0,1,0
1569,Christina,1834.0,100%,60%,1,Downtown,2.0,2.0,1,1,0,1,0,0,1,0,1,0,0,0,1,1,0,1,0,0,0,0,1,0,0,76163847,0.0,1,0,0,0
1570,Jordan,1834.0,,,0,,1.0,1.0,1,1,0,1,1,0,1,0,0,1,0,0,1,1,0,0,0,0,0,0,0,0,0,76192250,0.11,0,0,1,0
1571,Imaan,1834.0,100%,97%,0,,1.0,1.0,1,1,0,1,0,0,1,0,1,0,0,0,0,1,0,1,0,0,0,0,0,0,1,76251222,5.05,1,0,0,0
1572,Sarah,1833.0,100%,100%,1,,3.0,3.0,1,1,0,1,0,1,1,0,1,0,0,0,1,1,0,0,0,0,0,0,1,0,0,76266709,0.0,0,0,1,0
1573,Jeremy And Cassie,1833.0,100%,100%,1,South Nashville,0.0,0.0,1,1,0,1,0,0,1,0,0,0,0,0,1,1,0,1,0,0,0,0,0,0,1,76343776,0.68,1,0,0,0
1574,Amy,1833.0,100%,,0,East Nashville,0.0,0.0,1,1,0,1,1,0,1,0,1,0,0,0,0,1,0,0,0,0,0,0,1,0,0,76386235,0.0,1,0,0,0
1575,Darwin,1833.0,,100%,0,North Nashville,1.0,1.0,1,1,0,1,0,1,0,0,0,1,0,0,0,1,0,0,0,0,0,0,0,0,0,76430844,0.29,1,0,0,0
1576,Ashley,1832.0,100%,100%,1,,2.0,2.0,1,1,0,1,1,0,0,0,0,1,0,0,0,1,0,1,0,0,0,0,0,0,1,76573092,6.5,2,0,0,0
1577,Denise,1832.0,100%,96%,1,,1.0,1.0,1,0,0,1,0,0,0,0,0,0,0,0,0,1,0,1,0,0,0,0,0,0,1,76613293,3.53,1,0,0,0
1578,Barbara,1831.0,,,0,,1.0,1.0,1,0,0,1,0,0,0,0,0,0,0,0,0,1,0,1,0,0,0,0,0,0,0,76743426,0.73,1,0,0,0
1579,Kelcy,1831.0,100%,98%,1,Perry Heights,1.0,1.0,1,1,0,1,0,0,1,0,1,0,0,0,1,1,0,1,0,0,0,0,0,0,1,76830288,2.89,1,0,0,0
1580,Jeremy,1830.0,100%,100%,1,,1.0,1.0,1,1,0,1,0,0,1,0,0,0,0,0,1,1,0,1,0,0,0,0,0,0,1,76916171,1.56,1,0,0,0
1581,Imani,1828.0,,,0,,1.0,1.0,1,1,0,1,1,0,1,0,0,0,0,0,1,1,0,0,0,0,1,0,0,0,0,77320453,0.0,1,0,0,0
1582,Joe,1828.0,100%,75%,0,,1.0,1.0,1,1,0,1,0,0,1,1,1,0,0,0,1,1,0,1,1,0,1,0,1,0,0,77328853,0.49,1,0,0,0
1583,Daniel,1828.0,100%,0%,0,,1.0,1.0,1,1,0,1,1,0,1,0,0,0,0,0,1,1,0,1,0,0,0,0,0,0,1,77349115,0.64,1,0,0,0
1584,Courtney,1827.0,,,0,,1.0,1.0,1,1,0,1,0,0,0,0,0,1,0,0,0,1,0,1,0,0,0,0,0,0,0,77401122,0.02,1,0,0,0
1585,Brianna,1827.0,100%,99%,1,Midtown,0.0,0.0,1,1,0,1,1,0,1,0,1,0,0,0,0,1,0,0,0,0,0,0,0,0,1,77518245,4.57,2,0,0,0
1586,Bawer,1826.0,100%,69%,0,,1.0,1.0,1,0,0,1,0,1,0,0,0,0,0,0,0,1,0,1,0,0,0,0,0,0,1,77787262,0.99,1,0,0,0
1587,Gretchen,1825.0,100%,100%,1,East Nashville,5.0,5.0,1,1,0,1,1,0,1,1,1,0,0,0,1,1,0,1,1,0,0,0,0,0,1,77930747,3.4000000000000004,2,0,0,0
1588,Sarah Beth,1825.0,100%,100%,1,East Nashville,0.0,0.0,1,1,0,1,1,0,0,0,0,1,0,0,0,1,0,1,0,0,0,0,0,0,1,77979480,3.33,1,0,0,0
1589,Nick,1825.0,100%,97%,0,,2.0,2.0,1,1,0,1,0,0,1,1,1,0,0,0,0,1,0,1,1,0,1,0,0,0,1,78006359,3.76,2,0,0,0
1590,Jessica,1824.0,100%,97%,1,,1.0,1.0,1,1,0,1,0,0,1,0,1,0,0,0,1,1,0,1,0,0,0,0,0,0,1,78020775,3.33,1,0,0,0
1591,Nicole,1824.0,100%,99%,1,,0.0,0.0,1,1,0,1,0,0,1,0,1,0,0,0,1,1,0,0,0,0,0,0,0,0,1,78082595,4.640000000000001,2,0,0,0
1592,Dave,1824.0,100%,100%,1,,1.0,1.0,1,1,0,1,0,0,1,0,1,0,0,0,0,1,0,1,0,0,0,0,0,0,1,78135385,4.47,1,0,0,0
1593,FlashStay (Antoine),1824.0,33%,43%,0,Downtown,40.0,40.0,1,1,0,1,1,0,1,1,0,0,0,0,1,1,0,1,1,0,0,1,0,0,0,78193468,0.0,0,0,1,0
1594,Brian,1823.0,93%,95%,1,,2.0,2.0,1,1,0,1,1,0,1,1,1,0,0,0,1,1,0,1,1,0,1,0,0,0,1,78337857,2.51,1,0,0,0
1595,Lee,1820.0,100%,96%,1,,3.0,3.0,1,1,0,1,0,0,1,1,1,0,0,0,1,1,0,1,1,0,0,0,0,0,1,78820219,0.13,1,0,0,0
1596,Montrelle,1820.0,,,0,,1.0,1.0,1,1,0,1,1,0,1,1,1,0,0,0,1,1,0,1,1,0,0,0,0,0,0,78839843,0.0,0,0,1,0
1597,Barry,1820.0,,94%,1,,1.0,1.0,1,0,0,1,1,0,0,0,0,0,0,0,0,1,0,1,0,0,0,0,0,0,0,78910419,2.22,1,0,0,0
1598,Chris & Brittany,1819.0,100%,95%,0,,0.0,0.0,1,0,0,1,0,0,0,0,0,0,0,0,0,1,0,0,0,0,1,0,0,0,1,79068833,1.43,1,0,0,0
1599,Lorena,1819.0,,,0,,2.0,2.0,1,1,0,1,0,0,1,0,1,0,0,0,1,1,0,1,0,0,0,0,0,0,0,79094970,7.52,2,0,0,0
1600,Heather,1819.0,100%,83%,0,Green Hills,0.0,0.0,1,1,0,1,1,0,1,1,1,0,0,0,1,1,0,1,1,0,1,0,0,0,1,79140236,1.0,1,0,0,0
1601,Ryan & Rebekah,1819.0,100%,70%,1,,1.0,1.0,1,1,0,1,0,1,1,0,1,0,0,0,0,1,0,1,0,0,0,0,1,0,0,79167541,0.94,1,0,0,0
1602,Schree,1818.0,100%,100%,0,Downtown,1.0,1.0,1,1,0,1,0,0,1,1,1,0,0,0,1,1,0,0,1,0,0,0,0,0,1,79306080,3.06,1,0,0,0
1603,Claudia,1817.0,100%,,0,Hadley/Washington,2.0,2.0,1,0,0,1,0,0,0,0,0,0,0,0,0,1,0,0,0,0,0,0,0,0,1,79395795,0.6000000000000001,2,0,0,0
1604,Blake,1817.0,,100%,1,,1.0,1.0,1,0,0,1,1,0,0,0,0,0,0,0,0,1,0,0,0,0,0,0,0,0,0,79556192,0.85,1,0,0,0
1605,Lacey,1816.0,,100%,0,,0.0,0.0,1,1,0,0,0,0,1,1,0,0,0,0,1,1,0,0,1,0,0,0,0,0,0,79660133,0.22,1,0,0,0
1606,Rebecca,1816.0,100%,100%,1,,2.0,2.0,1,0,0,1,0,0,0,0,0,0,0,0,0,1,0,0,0,0,0,0,0,0,1,79666960,0.86,1,0,0,0
1607,Melanie,1815.0,100%,100%,1,,1.0,1.0,1,0,0,1,0,0,0,0,0,0,0,0,0,1,0,1,0,0,0,0,0,0,1,79921559,1.91,1,0,0,0
1608,Katie,1814.0,100%,100%,1,College Heights/Clifton,1.0,1.0,1,1,0,1,1,1,0,0,0,1,0,0,0,1,0,1,0,0,1,0,0,0,1,80048257,1.9,1,0,0,0
1609,Alex,1813.0,100%,90%,1,Talbot's Corner,0.0,0.0,1,1,0,1,1,0,1,0,0,0,0,0,1,1,0,0,0,0,0,0,0,0,1,80241081,4.51,1,0,0,0
1610,Lauren And Joe,1813.0,100%,98%,1,,1.0,1.0,1,1,0,1,0,1,1,0,0,1,0,0,1,1,0,1,0,0,0,0,0,0,1,80290403,7.52,1,0,0,0
1611,Christine,1813.0,100%,74%,0,Pennington Bend,10.0,10.0,1,1,0,1,0,0,1,0,0,0,0,0,1,1,0,1,0,0,0,0,0,0,1,80321697,0.23,1,0,0,0
1612,Carol,1813.0,100%,75%,0,,4.0,4.0,1,1,0,1,0,0,1,0,0,0,0,0,1,1,0,0,0,0,0,0,1,0,0,80372333,0.13,1,0,0,0
1613,Danika,1812.0,100%,100%,1,,1.0,1.0,1,1,0,1,0,0,1,0,1,0,0,0,1,1,0,1,1,0,0,0,0,0,1,80439982,3.08,1,0,0,0
1614,William,1812.0,100%,99%,1,,1.0,1.0,1,1,0,1,1,0,1,0,1,0,0,0,1,1,0,1,0,0,0,0,0,0,1,80450912,2.06,1,0,0,0
1615,Tyler,1812.0,,,0,,1.0,1.0,1,1,0,1,1,0,1,1,1,0,0,0,1,1,0,1,1,0,1,0,0,0,0,80506535,0.59,0,0,1,0
1616,Kaley,1812.0,100%,75%,1,,2.0,2.0,1,0,0,1,1,0,0,0,0,0,0,0,0,1,0,1,0,0,0,0,0,1,0,80511042,1.2,1,0,1,0
1617,Lane,1812.0,100%,100%,0,,1.0,1.0,1,1,0,1,0,0,1,0,1,0,0,0,0,1,0,1,0,0,1,0,0,1,0,80535470,1.12,1,0,0,0
1618,Ellen,1812.0,96%,100%,0,Downtown,2.0,2.0,1,1,0,1,0,0,1,1,0,0,0,0,1,1,0,0,1,0,0,0,0,0,1,80540435,4.74,1,0,0,0
1619,Frances,1812.0,100%,100%,1,,1.0,1.0,1,0,0,1,1,0,0,0,0,0,0,0,0,1,0,0,0,0,0,0,1,0,0,80557350,7.72,1,0,0,0
1620,Lottie,1812.0,100%,99%,1,,3.0,3.0,1,1,0,1,0,0,1,0,1,0,0,0,1,1,0,1,0,0,0,0,0,0,1,80602532,8.77,3,0,0,0
1621,Lisa,1811.0,100%,94%,0,Hillsboro-Belmont,0.0,0.0,1,1,0,1,1,0,0,0,0,1,0,0,0,1,0,1,0,0,0,0,0,0,1,80694830,5.36,1,0,0,0
1622,Noelle,1811.0,100%,100%,0,Downtown,1.0,1.0,1,1,0,0,1,0,1,0,0,0,0,0,1,1,0,0,0,0,0,0,0,0,1,80801026,2.54,1,0,0,0
1623,Rachel & Jack,1810.0,96%,99%,1,,1.0,1.0,1,1,0,1,1,0,1,1,1,0,0,0,1,1,0,1,1,0,0,0,0,0,1,80820055,5.07,1,0,0,0
1624,Kelley,1810.0,100%,100%,0,Clifton/Southwest,0.0,0.0,1,1,0,1,0,1,0,0,0,1,0,0,0,1,0,1,0,0,0,0,0,0,1,80892273,3.67,1,0,0,0
1625,Joe,1809.0,100%,100%,1,,0.0,0.0,1,0,0,1,0,0,0,0,0,0,0,0,0,1,0,0,0,0,0,0,1,0,0,81114895,0.55,1,0,0,0
1626,Tyler,1809.0,100%,95%,1,,1.0,1.0,1,1,0,1,0,1,1,1,1,1,0,0,1,1,0,1,1,0,1,0,0,0,1,81154349,2.38,1,0,0,0
1627,Robert,1808.0,,100%,1,,1.0,1.0,1,1,0,1,0,0,1,0,1,0,0,0,1,1,0,1,0,0,0,0,0,0,0,81249761,3.58,1,0,0,0
1628,Doug & Darolyn,1808.0,100%,100%,1,,2.0,2.0,1,1,0,1,1,1,1,0,1,0,0,0,0,1,0,1,0,0,1,0,0,0,1,81344424,4.69,2,0,0,0
1629,Amber,1806.0,100%,100%,1,,0.0,0.0,1,0,0,1,0,0,0,0,0,0,0,0,0,1,0,0,0,0,0,0,0,0,1,81668893,3.75,1,0,0,0
1630,Kathryn,1806.0,100%,98%,1,,1.0,1.0,1,0,0,1,0,0,1,0,1,0,0,0,1,1,0,1,0,0,0,0,0,0,1,81688294,5.13,1,0,0,0
1631,William,1806.0,93%,78%,0,,1.0,1.0,1,1,0,1,0,0,1,1,0,0,0,0,1,1,0,0,1,0,0,0,1,0,0,81714261,2.51,1,0,0,0
1632,Linda,1805.0,,,0,,1.0,1.0,1,0,0,1,0,0,0,0,0,0,0,0,0,1,0,1,0,0,0,0,0,0,0,81971366,0.0,1,0,0,0
1633,John,1804.0,100%,100%,1,,1.0,1.0,1,1,0,1,1,0,1,0,1,0,0,0,0,1,0,1,0,0,0,0,0,0,1,82190278,2.06,1,0,0,0
1634,Rikkilynn,1804.0,100%,100%,1,,1.0,1.0,1,1,0,1,0,0,1,0,0,0,0,0,1,1,0,0,0,0,0,0,0,0,1,82196699,0.85,1,0,0,0
1635,Jason,1803.0,,,0,,1.0,1.0,1,1,0,1,0,1,1,1,1,0,0,0,1,1,0,1,1,0,1,0,0,0,0,82309694,0.75,1,0,0,0
1636,Seth,1803.0,100%,100%,1,,2.0,2.0,1,1,0,1,0,0,1,1,1,0,0,0,0,1,0,0,1,0,0,0,0,0,1,82349956,5.760000000000001,1,0,1,0
1637,Brandon,1802.0,,,0,,1.0,1.0,1,1,0,1,1,0,0,0,0,1,0,0,0,1,0,1,0,0,0,0,0,0,0,82497582,0.65,0,0,1,0
1638,Dot,1802.0,100%,100%,1,,1.0,1.0,1,1,0,1,0,1,1,1,1,0,0,0,0,1,0,1,0,0,0,0,0,0,1,82565146,1.86,1,0,0,0
1639,Cindy,1801.0,100%,86%,0,,1.0,1.0,1,1,0,1,1,1,1,0,1,0,0,0,0,1,0,1,0,0,0,0,1,0,0,82643271,0.7,1,0,0,0
1640,Kayla,1801.0,,100%,0,,1.0,1.0,1,1,0,1,0,1,1,1,1,0,0,0,1,1,0,1,1,0,0,0,0,0,0,82678471,0.62,1,0,0,0
1641,Dave,1800.0,,,0,,1.0,1.0,1,1,0,1,1,0,1,1,1,0,0,0,1,1,0,1,1,0,0,0,0,0,0,82941725,0.26,1,0,0,0
1642,Anna,1799.0,,,0,,1.0,1.0,1,0,0,1,1,0,0,0,0,0,0,0,0,1,0,0,0,0,0,0,0,0,0,83100551,0.77,1,0,0,0
1643,Christopher,1799.0,,0%,0,Edgehill,2.0,2.0,1,0,0,1,1,0,0,0,0,0,0,0,0,1,0,0,0,0,0,0,0,0,0,83120446,0.0,0,0,1,0
1644,Kevin,1799.0,100%,96%,1,,0.0,0.0,1,1,0,1,0,0,1,0,0,0,0,0,1,1,0,0,0,0,0,0,0,0,1,83188750,1.74,1,0,0,0
1645,Eric,1798.0,,100%,0,,1.0,1.0,1,1,0,1,0,0,1,0,1,0,0,0,1,1,0,1,0,0,0,0,0,0,0,83214230,0.54,1,0,0,0
1646,Ary,1798.0,100%,100%,1,,0.0,0.0,1,1,0,1,0,0,1,1,0,0,0,0,1,1,0,0,1,0,0,0,0,0,1,83307209,3.25,1,0,0,0
1647,Rebecca,1798.0,100%,100%,0,,2.0,2.0,1,0,0,1,0,0,0,0,0,0,0,0,0,1,0,1,0,0,1,0,1,0,0,83323910,2.39,2,0,0,0
1648,Bob,1797.0,100%,100%,1,,9.0,9.0,1,1,0,1,0,0,1,0,0,0,0,0,1,1,0,1,0,0,0,0,0,0,1,83475309,1.08,1,0,0,0
1649,Erin,1797.0,100%,100%,1,,1.0,1.0,1,0,0,1,1,0,0,0,0,0,0,0,0,1,0,0,0,0,0,0,0,0,1,83621335,1.86,1,0,0,0
1650,Mark,1796.0,100%,98%,1,,1.0,1.0,1,1,0,1,1,0,1,0,0,0,0,0,1,1,0,0,0,0,0,0,0,0,1,83718845,2.54,1,0,0,0
1651,Emily,1795.0,50%,,0,,1.0,1.0,1,0,0,0,0,0,0,0,0,0,0,0,0,1,0,1,0,0,0,0,0,1,0,83907444,0.09,1,0,0,0
1652,Samuel,1795.0,90%,100%,1,,1.0,1.0,1,1,0,1,1,0,1,0,0,1,0,0,1,1,0,1,0,0,1,0,0,0,1,83939501,3.26,1,0,0,0
1653,Ken,1793.0,100%,67%,0,Clearwater Beach,3.0,3.0,1,1,0,1,0,0,1,0,1,0,0,0,1,1,0,0,0,0,0,0,0,0,1,84343417,0.17,4,0,0,0
1654,Jay,1793.0,100%,100%,0,,1.0,1.0,1,0,0,1,0,0,0,0,0,0,0,0,0,1,0,0,0,0,0,0,0,0,1,84370800,0.37,1,0,0,0
1655,Elizabeth,1791.0,100%,100%,0,Urbandale Nations,0.0,0.0,1,1,0,1,0,0,0,0,0,0,0,0,0,1,0,0,0,0,0,0,1,0,0,84698147,0.0,0,0,1,0
1656,Caity & Will,1790.0,100%,100%,1,,2.0,2.0,1,1,0,1,0,0,1,0,1,0,0,0,0,1,0,1,0,0,1,0,0,0,1,84895710,1.62,2,0,0,0
1657,Shavkat,1790.0,50%,95%,0,,2.0,2.0,1,1,0,1,0,0,1,0,0,0,0,0,1,1,0,1,0,0,0,0,0,1,0,84918036,1.8599999999999999,2,0,0,0
1658,Craig,1789.0,100%,100%,1,Linda Vista,1.0,1.0,1,1,0,1,1,1,1,0,0,0,0,0,1,1,0,0,0,0,1,0,0,0,1,85106924,15.969999999999999,2,0,0,0
1659,StayLocal,1788.0,96%,90%,0,12 South,77.0,77.0,1,1,0,1,0,0,1,1,1,0,0,0,1,1,0,1,1,0,0,0,0,0,1,85360355,84.35999999999996,72,1,2,0
1660,Alexis,1786.0,100%,98%,1,Urbandale Nations,10.0,10.0,1,1,0,1,0,0,1,0,0,0,0,0,1,1,0,0,0,0,1,0,0,0,1,85631229,36.92,10,0,0,0
1661,Pedro,1786.0,100%,96%,1,,3.0,3.0,1,1,0,1,1,0,1,1,1,0,0,0,0,1,0,1,1,0,0,0,0,0,1,85689123,14.66,2,0,0,0
1662,Vanessa,1786.0,100%,100%,1,,0.0,0.0,1,1,0,1,0,0,1,0,1,0,0,0,1,1,0,1,0,0,0,0,0,0,1,85761471,3.57,0,0,1,0
1663,Jody,1784.0,,100%,1,,1.0,1.0,1,1,0,1,0,0,1,1,0,0,0,0,1,1,0,0,1,0,1,0,0,0,0,86193609,1.68,1,0,0,0
1664,Holly,1782.0,100%,98%,1,,0.0,0.0,1,1,0,1,1,0,1,0,1,0,0,0,0,1,0,0,0,0,0,0,0,0,1,86599973,2.48,1,0,0,0
1665,Dom,1779.0,,,0,,1.0,1.0,1,1,0,1,1,0,1,0,1,0,0,0,0,1,0,1,0,0,0,0,0,0,0,87038403,0.0,0,0,1,0
1666,Tom And Anne,1779.0,,67%,1,,1.0,1.0,1,1,0,1,1,0,0,0,0,1,0,0,0,1,0,1,0,0,0,0,0,0,0,87064351,1.18,1,0,0,0
1667,Diane,1779.0,,,0,,1.0,1.0,1,1,0,1,0,0,1,1,1,0,0,0,1,1,0,0,1,0,0,0,0,0,0,87104131,0.03,0,0,1,0
1668,Karen,1776.0,100%,92%,0,,1.0,1.0,1,1,0,1,1,0,0,0,0,1,0,0,0,1,0,1,0,0,0,0,0,0,1,87763514,1.42,1,0,0,0
1669,Chase,1776.0,100%,100%,1,,1.0,1.0,1,1,0,1,1,0,1,0,0,0,0,0,1,1,0,0,0,0,0,0,0,0,1,87794629,5.33,1,0,0,0
1670,Barry,1773.0,100%,97%,1,,1.0,1.0,1,1,0,1,0,1,1,0,0,1,0,0,1,1,0,1,0,0,0,0,0,0,1,88298790,3.82,0,0,1,0
1671,Lindsey,1772.0,100%,,1,,1.0,1.0,1,1,0,1,0,0,1,0,1,0,0,0,0,1,0,1,1,0,0,0,0,0,1,88401662,0.17,1,0,0,0
1672,Sarah With SOHO,1772.0,100%,100%,1,,2.0,2.0,1,1,0,1,0,0,1,1,1,0,0,0,1,1,0,1,1,0,1,0,0,0,1,88588850,15.100000000000001,4,0,0,0
1673,Brittany,1771.0,33%,100%,0,,0.0,0.0,0,0,0,1,0,0,0,0,0,0,0,0,0,1,0,1,0,0,0,1,0,0,0,88726322,0.2,1,0,0,0
1674,Clark,1771.0,100%,100%,1,,1.0,1.0,1,0,0,1,1,0,0,0,0,0,0,0,0,1,0,1,0,0,0,0,0,0,1,88761042,1.98,1,0,0,0
1675,Issac,1771.0,100%,98%,1,,1.0,1.0,1,0,0,1,1,0,0,0,0,0,0,0,0,1,0,1,0,0,0,0,0,0,1,88791366,1.51,1,0,0,0
1676,Dave,1771.0,,,0,,1.0,1.0,1,1,0,1,1,0,0,0,0,1,0,0,0,1,0,1,0,0,1,0,0,0,0,88809125,0.1,1,0,0,0
1677,Julian,1770.0,100%,96%,1,,9.0,9.0,1,1,0,1,1,0,1,0,1,0,0,0,0,1,0,1,0,0,1,0,0,0,1,88959664,34.72,9,0,0,0
1678,Karen,1769.0,100%,84%,1,,1.0,1.0,1,1,0,1,1,0,1,1,1,0,0,0,1,1,0,0,1,0,0,0,0,0,1,89186789,1.86,1,0,0,0
1679,Jamie,1768.0,100%,100%,1,,0.0,0.0,1,1,0,1,0,0,1,0,0,0,0,0,1,1,0,0,0,0,0,0,1,0,0,89366408,1.38,1,0,0,0
1680,Rolanda,1768.0,,,0,,1.0,1.0,1,1,0,1,1,0,1,0,0,0,0,0,1,1,0,0,0,0,0,0,0,0,0,89367974,0.42,1,0,0,0
1681,Jessica,1767.0,100%,100%,1,Acklen Westgrove,0.0,0.0,1,1,0,1,1,0,1,0,0,1,0,0,1,1,0,1,0,0,0,0,0,0,1,89549164,1.22,1,0,0,0
1682,Angela,1767.0,93%,94%,0,,0.0,0.0,1,1,0,1,1,0,1,0,1,0,0,0,0,1,0,0,0,0,1,0,0,0,1,89553662,1.13,1,0,0,0
1683,Marsha,1767.0,,0%,0,,1.0,1.0,1,1,0,1,0,0,1,0,0,1,0,0,1,1,0,1,1,0,1,0,0,0,0,89568138,0.08,1,0,0,0
1684,Emily,1766.0,100%,99%,1,,2.0,2.0,1,1,0,1,0,0,1,0,0,0,0,0,1,1,0,0,0,0,0,0,0,0,1,89731969,18.27,2,0,0,0
1685,Emma,1766.0,100%,82%,0,,0.0,0.0,1,1,0,1,1,0,1,0,1,0,0,0,1,1,0,0,0,0,1,0,0,0,1,89742077,0.37,1,0,0,0
1686,Nicole,1765.0,100%,80%,1,,1.0,1.0,1,0,0,1,0,0,0,0,0,0,0,0,0,1,0,1,0,0,1,0,1,0,0,89842614,7.34,1,0,0,0
1687,Molly,1765.0,100%,96%,1,,2.0,2.0,1,1,0,1,0,1,1,0,1,0,0,0,0,1,0,1,0,0,0,0,0,0,1,89846619,11.13,2,0,0,0
1688,Graciela,1765.0,100%,100%,0,,1.0,1.0,1,1,0,1,0,1,0,0,0,1,0,0,0,1,0,1,0,0,1,0,0,0,1,89895046,1.56,1,0,0,0
1689,Chris & Chelsea,1765.0,100%,99%,1,,1.0,1.0,1,1,0,1,0,0,1,0,1,0,0,0,1,1,0,0,0,0,1,0,0,0,1,89938490,3.93,1,0,0,0
1690,Shelly,1763.0,,,0,,0.0,0.0,1,0,0,1,0,0,0,0,0,0,0,0,0,1,0,1,0,0,1,0,0,0,0,90220579,0.27,1,0,0,0
1691,Lindsey,1763.0,100%,98%,1,,1.0,1.0,1,1,0,1,1,0,1,0,1,1,0,0,1,1,0,1,0,0,1,0,0,0,1,90228364,4.54,1,0,0,0
1692,Jen,1763.0,100%,100%,1,,1.0,1.0,1,0,0,1,1,0,0,0,0,0,0,0,0,1,0,1,0,0,0,0,1,0,0,90240194,0.36,0,0,1,0
1693,Teonqua,1763.0,100%,86%,1,,1.0,1.0,1,1,0,1,1,0,1,0,0,0,0,0,1,1,0,0,0,0,1,0,0,0,1,90269811,0.23,1,0,0,0
1694,Sarah Grace,1763.0,,,0,,1.0,1.0,1,1,0,1,0,1,1,1,1,0,0,0,0,1,0,1,1,0,0,0,0,0,0,90276530,0.9,1,0,0,0
1695,Ezekiel,1762.0,100%,100%,0,East Nashville,1.0,1.0,1,1,0,1,0,0,1,0,0,0,0,0,1,1,0,0,0,0,0,0,0,0,1,90351046,1.0,1,0,0,0
1696,Alex,1762.0,100%,100%,1,Downtown,1.0,1.0,1,1,0,1,1,0,1,0,0,0,0,0,1,1,0,0,0,0,1,0,0,0,1,90432391,2.14,1,0,0,0
1697,Jennie,1761.0,100%,99%,1,Downtown,1.0,1.0,1,1,0,1,0,0,1,0,1,1,0,0,1,1,0,1,0,0,0,0,0,0,1,90600007,7.6899999999999995,3,0,0,0
1698,Donald,1760.0,100%,100%,0,,2.0,2.0,1,0,0,1,0,0,0,0,0,0,0,0,0,1,0,1,0,0,1,0,1,0,0,90836294,3.39,1,0,0,0
1699,Terrance,1758.0,100%,100%,1,,1.0,1.0,1,1,0,1,0,0,1,0,1,0,0,0,1,1,0,1,0,0,0,0,0,0,1,91176595,3.22,1,0,0,0
1700,Adam,1758.0,100%,33%,0,,1.0,1.0,1,1,0,1,0,0,1,1,1,0,0,0,1,1,0,1,1,0,0,0,0,0,1,91178828,0.11,1,0,0,0
1701,Robin,1758.0,100%,91%,1,,1.0,1.0,1,0,0,1,1,0,0,0,0,0,0,0,0,1,0,0,0,0,0,0,0,0,1,91180382,4.65,0,0,1,0
1702,David,1757.0,,100%,1,,2.0,2.0,1,1,0,1,0,0,0,0,0,1,0,0,0,1,0,1,0,0,0,0,0,0,0,91390810,2.65,2,0,0,0
1703,Tony. &  Wilma,1754.0,100%,100%,1,,1.0,1.0,1,1,0,1,0,1,1,0,1,0,0,0,0,1,0,1,0,0,0,0,0,0,1,91875095,5.0,0,0,1,0
1704,Courtney,1753.0,,,0,,1.0,1.0,1,1,0,1,1,0,1,0,1,0,0,0,0,1,0,1,0,0,0,0,0,0,0,91923358,1.61,0,0,1,0
1705,Chad,1753.0,100%,100%,1,,2.0,2.0,1,0,0,0,1,0,0,0,0,0,0,0,0,1,0,1,0,0,0,0,0,1,0,92048148,4.82,2,0,0,0
1706,Emily,1752.0,67%,,0,,1.0,1.0,1,1,0,1,1,0,1,1,0,0,0,0,1,1,0,0,1,0,0,0,1,0,0,92192776,0.0,1,0,0,0
1707,Grant,1751.0,100%,94%,1,,1.0,1.0,1,1,0,1,0,0,1,0,1,0,0,0,0,1,0,0,0,0,1,0,1,0,0,92361878,0.72,1,0,0,0
1708,Jenny,1750.0,,,0,,1.0,1.0,1,1,0,1,0,1,0,0,0,1,0,0,0,1,0,1,0,0,0,0,0,0,0,92543283,0.41,1,0,0,0
1709,Suki,1749.0,100%,100%,1,,1.0,1.0,1,0,0,1,1,0,0,0,0,0,0,0,0,1,0,0,0,0,0,0,0,0,1,92612552,1.99,1,0,0,0
1710,Patty,1749.0,100%,92%,1,,1.0,1.0,1,1,0,1,0,0,1,1,1,0,0,0,1,1,0,0,1,0,1,0,0,0,1,92657250,2.29,2,0,0,0
1711,Sarah,1749.0,,100%,1,,3.0,3.0,1,1,0,1,0,0,1,1,1,0,0,0,1,1,0,1,1,0,0,0,0,0,0,92670344,1.31,0,0,1,0
1712,Christy,1749.0,100%,93%,1,,1.0,1.0,1,0,0,1,1,0,0,0,0,0,0,0,0,1,0,1,0,0,1,0,0,0,1,92720148,2.06,1,0,0,0
1713,Barbara Lee,1748.0,,,0,,1.0,1.0,1,1,0,1,0,0,1,1,1,0,0,0,1,1,0,1,1,0,0,0,0,0,0,92789804,0.0,0,0,0,1
1714,Toya,1746.0,,,0,,1.0,1.0,1,1,0,1,0,0,1,1,0,0,0,0,1,1,0,0,1,0,1,0,0,0,0,93208727,0.0,1,0,0,0
1715,Amanda,1745.0,,,0,,7.0,7.0,1,1,0,1,0,0,1,1,0,0,0,0,1,1,0,0,1,0,1,0,0,0,0,93347817,1.94,1,0,0,0
1716,Pedro,1743.0,,100%,1,,1.0,1.0,1,1,0,1,1,0,1,0,1,0,0,0,0,1,0,1,0,0,0,0,0,0,0,93679505,3.25,0,0,1,0
1717,Laurel,1741.0,,,1,,2.0,2.0,1,1,0,1,0,0,1,1,0,0,0,0,1,1,0,0,1,0,0,0,0,0,0,94086951,0.52,1,0,0,0
1718,Cody,1740.0,100%,100%,1,,3.0,3.0,1,1,0,1,0,0,1,0,0,0,0,0,1,1,0,1,0,0,0,0,0,0,1,94194379,7.5,3,0,0,0
1719,Abdulaziz,1739.0,100%,33%,0,Bellevue,0.0,0.0,1,1,0,1,0,1,1,0,1,0,0,0,0,1,0,1,0,0,0,0,1,0,0,94413212,0.0,0,0,1,0
1720,San,1733.0,100%,75%,0,,0.0,0.0,1,1,0,1,0,0,1,0,0,0,0,0,1,1,0,0,0,0,0,0,0,0,1,95327981,0.52,1,0,0,0
1721,Chris,1731.0,100%,100%,1,,3.0,3.0,1,1,0,1,1,0,1,1,1,0,0,0,1,1,0,1,1,0,1,0,0,0,1,95596096,1.95,1,0,0,0
1722,Ashley,1731.0,100%,100%,0,,1.0,1.0,1,0,0,1,0,0,0,0,0,0,0,0,0,1,0,1,0,0,1,0,0,0,1,95622667,6.97,1,0,0,0
1723,Candace & Kelly,1730.0,100%,100%,0,,1.0,1.0,1,0,0,1,0,0,0,0,0,0,0,0,0,1,0,0,0,0,0,0,0,0,1,95756594,3.82,1,0,0,0
1724,David,1728.0,100%,99%,1,,2.0,2.0,1,1,0,1,1,0,0,0,0,1,0,0,0,1,0,1,0,0,0,0,0,0,1,96028937,15.73,1,0,1,0
1725,Latoya,1728.0,86%,96%,1,,1.0,1.0,1,1,0,1,1,0,1,1,0,0,0,0,1,1,0,0,1,0,0,0,0,0,1,96060036,1.67,1,0,0,0
1726,Michael & Mary Beth,1728.0,100%,92%,1,,1.0,1.0,1,1,0,1,0,0,1,0,1,0,0,0,1,1,0,1,0,0,0,0,0,0,1,96083098,3.16,1,0,0,0
1727,Hannah,1727.0,,,0,,1.0,1.0,1,0,0,1,0,0,0,0,0,0,0,0,0,1,0,1,0,0,0,0,0,0,0,96215878,0.15,1,0,0,0
1728,Courtney And David,1726.0,100%,86%,0,,1.0,1.0,1,1,0,1,1,0,1,0,1,0,0,0,0,1,0,1,0,0,1,0,0,0,1,96320848,1.97,1,0,0,0
1729,Zac,1726.0,100%,100%,1,,1.0,1.0,1,1,0,1,1,0,0,0,0,1,0,0,0,1,0,1,0,0,0,0,0,0,1,96364155,1.25,1,0,0,0
1730,David And Mary Sue,1725.0,100%,100%,1,,1.0,1.0,1,1,0,1,0,0,1,1,1,0,0,0,1,1,0,1,1,0,0,0,0,0,1,96454758,3.06,0,0,1,0
1731,Milena,1724.0,100%,97%,1,,0.0,0.0,1,0,0,1,0,0,0,0,0,0,0,0,0,1,0,0,0,0,0,0,0,0,1,96574073,1.23,1,0,0,0
1732,Aidan,1724.0,100%,100%,1,,1.0,1.0,1,1,0,1,0,0,1,0,0,0,0,0,1,1,0,0,0,0,0,0,0,0,1,96578972,4.05,1,0,0,0
1733,Chandler,1723.0,100%,100%,1,Historic Waverly,6.0,6.0,1,1,0,1,0,1,1,1,1,1,0,0,1,1,0,1,1,0,1,0,0,0,1,96739684,9.44,5,0,1,0
1734,Jenna And Davis,1720.0,,100%,0,,1.0,1.0,1,1,0,1,0,0,1,1,1,0,0,0,1,1,0,0,1,0,0,0,0,0,0,97049445,1.54,1,0,0,0
1735,Stuart,1719.0,100%,100%,0,,3.0,3.0,1,1,0,1,0,0,1,0,1,0,0,0,1,1,0,1,0,0,0,0,0,0,1,97248303,12.39,3,0,0,0
1736,Lisa,1719.0,100%,100%,1,,1.0,1.0,1,1,0,1,0,0,1,1,0,0,0,0,1,1,0,1,1,0,0,0,0,0,1,97256816,2.08,1,0,0,0
1737,Garrett,1719.0,100%,100%,0,North Nashville,1.0,1.0,1,1,0,1,1,0,1,1,1,0,0,0,1,1,0,0,1,0,0,0,0,0,1,97261444,0.0,1,0,0,0
1738,Charlene,1715.0,,100%,0,,1.0,1.0,1,1,0,1,1,0,0,0,0,1,0,0,0,1,0,1,0,0,0,0,0,0,0,97760390,0.76,1,0,0,0
1739,Bob & Anita,1715.0,100%,100%,1,,1.0,1.0,1,1,0,1,0,0,1,1,0,0,0,0,1,1,0,1,1,0,0,0,0,0,1,97837533,2.22,1,0,0,0
1740,Connie,1714.0,0%,,0,,1.0,1.0,1,1,0,1,0,0,1,0,0,0,0,0,1,1,0,0,1,0,0,1,0,0,0,97948142,0.0,1,0,0,0
1741,Alex & Wes,1713.0,100%,100%,1,,5.0,5.0,1,1,0,1,0,0,1,0,0,0,0,0,1,1,0,1,0,0,0,0,0,0,1,98212855,3.7399999999999998,2,0,0,0
1742,Autumn,1712.0,100%,78%,1,,1.0,1.0,1,1,0,1,1,0,1,0,1,0,0,0,1,1,0,1,0,0,0,0,0,0,1,98470823,1.08,1,0,0,0
1743,Neal,1711.0,100%,100%,1,,1.0,1.0,1,1,0,1,1,0,1,0,1,0,0,0,1,1,0,1,0,0,0,0,0,0,1,98703964,1.81,1,0,0,0
1744,Zeke,1711.0,,100%,1,,1.0,1.0,1,1,0,1,0,1,0,0,0,1,0,0,0,1,0,1,0,0,0,0,0,0,0,98735373,2.06,1,0,0,0
1745,Kim,1710.0,100%,100%,1,,2.0,2.0,1,1,0,1,0,0,1,0,0,0,0,0,1,1,0,1,0,0,0,0,0,0,1,98860317,0.05,1,0,0,0
1746,Schuyler,1709.0,100%,100%,1,,1.0,1.0,1,1,0,1,1,0,1,0,0,0,0,0,1,1,0,0,0,0,0,0,0,0,1,98913104,2.94,1,0,0,0
1747,Elisha,1709.0,100%,92%,1,,0.0,0.0,1,1,0,1,0,0,1,0,0,0,0,0,1,1,0,1,0,0,0,0,0,0,1,98995022,3.19,1,0,0,0
1748,Lavon,1707.0,,,0,,1.0,1.0,1,0,0,1,1,0,0,0,0,0,0,0,0,1,0,0,0,0,0,0,0,0,0,99199331,0.0,1,0,0,0
1749,Debbie,1707.0,100%,100%,1,,1.0,1.0,1,1,0,1,0,0,1,1,0,0,0,0,1,1,0,1,1,0,0,0,0,0,1,99276981,2.54,1,0,0,0
1750,Jay,1705.0,100%,100%,0,Downtown,3.0,3.0,1,1,0,1,0,0,1,0,1,0,0,0,1,1,0,1,0,0,0,0,0,0,1,99533680,16.580000000000002,3,0,0,0
1751,Randy,1705.0,100%,94%,0,,5.0,5.0,1,0,0,1,0,0,0,0,0,1,0,0,0,1,0,1,0,0,0,0,0,0,1,99547311,2.29,3,0,0,0
1752,Moe,1705.0,100%,99%,1,,1.0,1.0,1,1,0,1,1,1,1,1,0,1,0,0,1,1,0,1,1,0,1,0,0,0,1,99547647,7.58,1,0,0,0
1753,Doc,1704.0,100%,100%,1,,0.0,0.0,1,0,0,1,1,0,0,0,0,0,0,0,0,1,0,0,0,0,1,0,0,0,1,99660730,0.75,1,0,0,0
1754,Stephan,1701.0,,,1,,1.0,1.0,1,0,0,1,0,1,0,0,0,1,0,0,0,1,0,0,0,0,0,0,0,0,0,100052622,0.55,1,0,0,0
1755,Kaitlyn,1700.0,,,0,,1.0,1.0,1,1,0,1,1,0,1,1,1,0,0,0,0,1,0,0,1,0,0,0,0,0,0,100130904,0.17,0,0,1,0
1756,Karen,1700.0,,,1,,1.0,1.0,1,1,0,1,0,0,1,1,1,0,0,0,1,1,0,1,1,0,0,0,0,0,0,100174383,1.92,1,0,0,0
1757,Kyle,1700.0,100%,100%,1,,1.0,1.0,1,1,0,1,1,0,1,0,0,0,0,0,1,1,0,0,0,0,0,0,0,0,1,100216408,0.45,1,0,0,0
1758,Michael,1700.0,100%,99%,1,Kailua/Kona,221.0,221.0,1,1,0,1,0,0,0,0,0,0,0,0,0,1,0,1,0,0,0,0,0,0,1,100238132,10.0,9,0,0,2
1759,Nick And Cathey,1698.0,,100%,1,,1.0,1.0,1,1,0,1,0,0,1,0,1,0,0,0,1,1,0,1,0,0,0,0,0,0,0,100491934,2.15,1,0,0,0
1760,Becky,1698.0,100%,88%,0,,3.0,3.0,1,1,0,1,1,0,0,0,0,1,0,0,0,1,0,1,0,0,0,0,0,0,1,100549272,2.85,2,0,0,0
1761,Lucy,1697.0,92%,89%,1,,3.0,3.0,1,1,0,1,0,0,1,0,0,0,0,0,1,1,0,1,1,0,0,0,0,0,1,100661948,1.13,2,0,0,0
1762,Michelle And Michael,1695.0,100%,97%,1,,1.0,1.0,1,1,0,1,0,0,1,0,1,0,0,0,0,1,0,1,0,0,0,0,0,0,1,100892095,2.49,1,0,0,0
1763,Jennifer,1695.0,100%,100%,0,North Capitol,0.0,0.0,1,0,0,1,0,0,0,0,0,0,0,0,0,1,0,0,0,0,0,0,0,0,1,100953777,1.0,1,0,0,0
1764,Meriul And Bill,1693.0,,100%,1,,1.0,1.0,1,1,0,1,0,0,1,0,0,0,0,0,1,1,0,0,0,0,0,0,0,0,0,101159170,3.53,0,0,1,0
1765,Host Extraordinaires,1692.0,100%,97%,1,North Nashville,151.0,151.0,1,1,0,1,0,0,1,1,1,0,0,0,1,1,0,1,1,0,0,0,0,0,1,101426897,201.96999999999994,150,0,0,0
1766,Sally,1691.0,100%,100%,1,,1.0,1.0,1,0,0,1,1,0,0,0,0,0,0,0,0,1,0,1,0,0,0,0,0,1,0,101553583,0.5,1,0,0,0
1767,Lee,1690.0,100%,100%,1,,1.0,1.0,1,1,0,1,1,0,0,0,0,1,0,0,0,1,0,1,0,0,0,0,0,0,1,101670548,2.14,1,0,0,0
1768,Jenny & Henry,1689.0,100%,100%,1,,3.0,3.0,1,1,0,1,0,0,0,0,0,1,0,0,0,1,0,1,0,0,0,0,0,0,1,101769523,3.44,2,0,0,0
1769,John,1688.0,,100%,1,,1.0,1.0,1,1,0,1,0,0,1,0,1,0,0,0,1,1,0,1,0,0,0,0,0,0,0,101865447,1.91,0,0,1,0
1770,Jenny-Faye,1688.0,100%,100%,0,,1.0,1.0,1,1,0,1,0,0,1,0,0,0,0,0,1,1,0,0,0,0,0,0,0,0,1,101865677,2.03,1,0,0,0
1771,TurnKey Vacation Rentals,1685.0,100%,100%,0,,6.0,6.0,1,1,0,1,0,0,0,0,0,0,0,0,0,1,0,1,0,0,0,0,0,0,1,102202510,2.77,7,0,0,0
1772,Nikhil,1685.0,100%,100%,1,,1.0,1.0,1,1,0,1,1,0,1,0,1,0,0,0,1,1,0,0,0,0,0,0,0,0,1,102239858,2.21,1,0,0,0
1773,Erin,1685.0,,100%,1,,1.0,1.0,1,1,0,1,0,0,0,0,0,1,0,0,0,1,0,1,0,0,0,0,0,0,0,102292470,2.71,1,0,0,0
1774,Amber,1684.0,100%,97%,0,,4.0,4.0,1,1,0,1,1,0,1,0,0,1,0,0,1,1,0,1,0,0,0,0,0,0,1,102302778,7.73,3,0,0,0
1775,Stephen,1684.0,40%,70%,0,Shelby Hills,0.0,0.0,1,1,0,1,0,0,1,1,1,0,0,0,1,1,0,1,1,0,0,1,0,0,0,102325081,0.91,1,0,0,0
1776,Anna,1682.0,100%,80%,1,,1.0,1.0,1,0,0,1,1,0,1,0,1,0,0,0,1,1,0,1,0,0,1,0,1,0,0,102650345,2.0,1,0,0,0
1777,Harold & Judy,1680.0,100%,100%,1,Hillsboro West End,2.0,2.0,1,1,0,1,0,0,1,1,1,0,0,0,0,1,0,1,1,0,1,0,0,0,1,102885096,1.86,2,0,0,0
1778,John,1677.0,100%,98%,0,Radnor,1.0,1.0,1,1,0,1,1,0,1,1,1,0,0,0,1,1,0,0,1,0,0,0,0,0,1,103175464,1.2,1,0,0,0
1779,Amy & Jarrod,1677.0,100%,100%,0,,2.0,2.0,1,0,0,1,0,0,0,0,0,1,0,0,0,1,0,1,0,0,0,0,0,0,1,103264980,6.67,2,0,0,0
1780,James,1676.0,100%,94%,1,East Nashville,0.0,0.0,1,1,0,1,0,0,1,0,0,0,0,0,1,1,0,0,0,0,0,0,0,0,1,103365506,3.43,1,0,0,0
1781,Amanda,1676.0,100%,100%,1,Arts District,51.0,51.0,1,1,0,1,0,0,1,1,1,1,0,0,1,1,0,1,1,0,1,0,0,0,1,103365676,206.01999999999998,51,0,0,0
1782,,1786.0,,,2,,3.0,3.0,2,2,1,0,0,0,0,0,0,0,0,0,0,0,0,0,0,0,0,0,0,0,0,103457933,0.08,0,0,1,0
1783,Will,1674.0,100%,100%,1,,1.0,1.0,1,0,0,0,0,0,0,0,0,0,0,0,0,1,0,1,0,0,0,0,0,0,1,103498825,6.63,1,0,0,0
1784,Melva,1674.0,100%,100%,1,,1.0,1.0,1,0,0,1,0,0,0,0,0,0,0,0,0,1,0,1,0,0,0,0,0,0,1,103588751,2.57,1,0,0,0
1785,Emily,1674.0,100%,100%,1,,1.0,1.0,1,1,0,1,1,1,1,0,1,1,0,0,1,1,0,1,0,0,0,0,0,0,1,103596867,3.04,1,0,0,0
1786,Joe & Sarah,1673.0,,100%,1,,1.0,1.0,1,0,0,1,0,0,0,0,0,0,0,0,0,1,0,1,0,0,0,0,0,0,0,103628248,2.02,1,0,0,0
1787,Arrin,1673.0,,,1,,1.0,1.0,1,1,0,1,0,0,1,0,0,0,0,0,1,1,0,0,0,0,0,0,0,0,0,103771972,0.37,1,0,0,0
1788,Brandon,1670.0,100%,97%,1,,1.0,1.0,1,1,0,0,1,0,1,1,1,1,0,0,1,1,0,1,1,0,0,0,0,0,1,104178001,3.12,1,0,0,0
1789,Eric,1669.0,80%,76%,0,,8.0,8.0,1,1,0,1,1,0,1,1,1,0,0,0,1,1,0,1,1,0,1,0,0,0,1,104232191,5.22,7,0,0,0
1790,Joseph,1669.0,,,0,,1.0,1.0,1,0,0,1,0,0,1,0,1,0,0,0,0,1,0,1,0,0,0,0,0,0,0,104241605,0.07,0,0,1,0
1791,Jeremy,1669.0,100%,97%,0,Nashboro Village,0.0,0.0,1,0,0,1,1,0,0,0,0,0,0,0,0,1,0,0,0,0,0,0,0,0,1,104279609,2.57,1,0,0,0
1792,Tim,1669.0,100%,64%,0,Woodbine,0.0,0.0,1,0,0,1,0,1,0,0,0,1,0,0,0,1,0,1,0,0,0,0,1,0,0,104292073,0.5,2,0,0,0
1793,Maxx,1668.0,96%,15%,0,French Quarter,2.0,2.0,1,1,0,1,0,0,1,1,1,0,0,0,1,1,0,0,1,0,0,0,1,0,0,104401000,0.0,5,0,0,0
1794,Ben,1667.0,100%,100%,1,,1.0,1.0,1,0,0,1,0,0,0,0,0,0,0,0,0,1,0,1,0,0,0,0,0,0,1,104534800,1.63,1,0,0,0
1795,Ashley,1667.0,94%,99%,1,,1.0,1.0,1,1,0,1,1,0,1,0,0,0,0,0,1,1,0,0,0,0,0,0,0,0,1,104549623,5.7,1,0,0,0
1796,Aubrey,1666.0,,,0,,1.0,1.0,1,1,0,1,1,0,1,1,1,0,0,0,1,1,0,1,1,0,0,0,0,0,0,104664116,0.04,1,0,0,0
1797,Tiffany,1666.0,100%,94%,1,North Capitol,0.0,0.0,1,0,0,1,0,0,0,0,0,0,0,0,0,1,0,0,0,0,0,0,0,0,1,104686795,2.99,2,0,0,0
1798,Khalid,1666.0,,100%,1,,2.0,2.0,1,1,0,1,0,0,1,1,1,0,0,0,1,1,0,0,1,0,0,0,0,0,0,104695232,2.04,0,0,2,0
1799,Lauren,1666.0,,100%,0,,2.0,2.0,1,1,0,1,0,0,1,0,1,0,0,0,1,1,0,1,0,0,1,0,0,0,0,104703688,7.1899999999999995,2,0,0,0
1800,Mark,1666.0,100%,90%,1,Downtown,0.0,0.0,1,0,0,0,0,0,0,0,0,0,0,0,0,1,0,0,0,0,0,0,0,0,1,104708162,2.43,1,0,0,0
1801,,1786.0,,,2,,3.0,3.0,2,2,1,0,0,0,0,0,0,0,0,0,0,0,0,0,0,0,0,0,0,0,0,104782927,11.46,5,0,0,0
1802,Nick,1665.0,,,0,,1.0,1.0,1,1,0,1,0,1,1,0,1,0,0,0,1,1,0,1,0,0,0,0,0,0,0,104826752,0.02,0,0,1,0
1803,"DC Capital, LLC",1665.0,100%,100%,1,East Nashville,19.0,19.0,1,1,0,1,0,1,1,0,1,0,0,0,1,1,0,1,0,0,1,0,0,0,1,104850762,22.180000000000003,18,0,0,0
1804,Shane And Katie,1664.0,100%,100%,1,,1.0,1.0,1,0,0,1,0,0,0,0,0,0,0,0,0,1,0,1,0,0,0,0,0,0,1,104946914,4.82,1,0,0,0
1805,Genaro,1660.0,,,0,,1.0,1.0,1,0,0,1,1,0,0,0,0,0,0,0,0,1,0,1,0,0,0,0,0,0,0,105336072,1.5,0,0,1,0
1806,Alexa,1659.0,100%,100%,1,,1.0,1.0,1,1,0,1,1,0,1,1,0,0,0,0,1,1,0,1,1,0,0,0,1,0,0,105480267,7.16,1,0,0,0
1807,Sandy,1658.0,100%,75%,0,,1.0,1.0,1,0,0,1,0,0,0,0,0,0,0,0,0,1,0,1,0,0,0,0,1,0,0,105612162,0.36,1,0,0,0
1808,Maria,1657.0,100%,89%,1,,1.0,1.0,1,1,0,1,1,0,1,0,1,0,0,0,1,1,0,1,0,0,0,0,0,0,1,105706926,1.92,1,0,0,0
1809,Clint,1657.0,100%,90%,1,,1.0,1.0,1,0,0,1,0,0,1,0,1,0,0,0,1,1,0,1,0,0,1,0,0,1,0,105747992,2.3,0,0,1,0
1810,Andrew,1656.0,,,0,,1.0,1.0,1,1,0,1,0,0,1,0,0,0,0,0,1,1,0,0,0,0,0,0,0,0,0,105875322,0.0,1,0,0,0
1811,Ann,1655.0,100%,100%,1,,1.0,1.0,1,1,0,1,0,0,1,0,0,0,0,0,1,1,0,0,0,0,0,0,1,0,0,105920090,0.79,1,0,0,0
1812,Brian,1654.0,,100%,1,,1.0,1.0,1,1,0,1,1,0,1,0,1,0,0,0,1,1,0,1,0,0,0,0,0,0,0,106054076,2.55,1,0,0,0
1813,Shivan,1653.0,,,0,,1.0,1.0,1,1,0,1,0,0,1,0,1,0,0,0,1,1,0,0,0,0,1,0,0,0,0,106203373,0.06,0,0,1,0
1814,Joel,1651.0,100%,100%,1,,2.0,2.0,1,0,0,1,0,0,0,0,0,0,0,0,0,1,0,1,0,0,0,0,0,0,1,106367383,1.75,1,0,0,0
1815,Jordan,1651.0,100%,95%,1,,2.0,2.0,1,1,0,1,1,1,1,0,1,0,0,0,1,1,0,1,0,0,1,0,0,0,1,106421559,4.88,2,0,0,0
1816,TurnKey Vacation Rentals,1650.0,100%,99%,0,Edgehill,136.0,136.0,1,1,0,1,0,0,0,0,0,0,0,0,0,1,0,1,0,0,0,0,0,0,1,106505883,63.649999999999984,121,0,0,0
1817,Melissa,1649.0,,,0,,1.0,1.0,1,0,0,1,0,0,0,0,0,0,0,0,0,1,0,1,0,0,0,0,0,0,0,106650750,0.0,0,0,1,0
1818,Tyler And Wes,1649.0,100%,100%,1,,1.0,1.0,1,1,0,1,0,1,1,0,1,0,0,0,1,1,0,1,0,0,1,0,0,0,1,106666990,3.55,1,0,0,0
1819,Kelley,1648.0,0%,100%,1,,2.0,2.0,1,1,0,1,0,0,1,0,0,0,0,0,1,1,0,1,0,0,0,1,0,0,0,106744711,2.41,1,0,0,0
1820,Sheeva,1645.0,100%,100%,1,,1.0,1.0,1,0,0,1,0,0,0,0,0,0,0,0,0,1,0,1,0,0,0,0,0,0,1,107024058,1.53,1,0,0,0
1821,12th,1642.0,100%,100%,1,,5.0,5.0,1,1,0,1,0,0,1,0,0,0,0,0,1,1,0,1,0,0,0,0,0,0,1,107373505,1.26,1,0,0,0
1822,Mike,1642.0,100%,100%,1,,1.0,1.0,1,0,0,1,1,0,0,0,0,0,0,0,0,1,0,1,0,0,0,0,0,0,1,107388774,1.04,1,0,0,0
1823,Dan,1642.0,100%,100%,1,,2.0,2.0,1,1,0,1,0,0,1,0,0,0,0,0,1,1,0,0,0,0,0,0,0,0,1,107403968,3.41,2,0,0,0
1824,Tiwana,1641.0,100%,99%,1,Downtown,2.0,2.0,1,1,0,1,1,0,1,0,0,0,0,0,1,1,0,0,0,0,0,0,0,0,1,107470774,5.359999999999999,2,0,0,0
1825,Theresia,1640.0,100%,100%,0,Villages of Larchwood,1.0,1.0,1,1,0,1,0,0,1,1,1,0,0,0,1,1,0,1,1,0,0,0,0,0,1,107527268,1.0,1,0,0,0
1826,Shae,1639.0,,100%,1,,1.0,1.0,1,1,0,1,0,1,1,1,0,0,0,0,1,1,0,1,1,0,0,0,0,0,0,107694356,1.19,1,0,0,0
1827,Haynes,1635.0,,100%,0,,1.0,1.0,1,1,0,1,0,0,1,0,1,0,0,0,1,1,0,1,0,0,1,0,0,0,0,108159207,1.39,1,0,0,0
1828,Nicole,1634.0,,100%,1,,1.0,1.0,1,1,0,1,0,0,0,0,0,1,0,0,0,1,0,1,0,0,0,0,0,0,0,108256332,1.78,1,0,0,0
1829,Mike And Aleja,1634.0,67%,100%,1,,1.0,1.0,1,1,0,1,1,0,1,0,1,0,0,0,1,1,0,1,0,0,0,0,0,0,1,108287272,0.39,1,0,0,0
1830,Evon,1632.0,100%,94%,0,,2.0,2.0,1,1,0,1,0,0,1,1,0,0,0,0,1,1,0,0,1,0,0,0,0,0,1,108416153,0.42,0,0,1,0
1831,Eric,1631.0,,,0,,1.0,1.0,1,0,0,1,1,0,0,0,0,0,0,0,0,1,0,0,0,0,0,0,0,0,0,108612413,0.0,0,0,0,1
1832,Jessica,1630.0,100%,96%,0,East Nashville,0.0,0.0,1,0,0,1,0,0,0,0,0,0,0,0,0,1,0,0,0,0,0,0,0,0,1,108728804,4.55,1,0,0,0
1833,Alexxis,1626.0,,100%,1,,1.0,1.0,1,1,0,1,0,0,1,1,1,0,0,0,1,1,0,0,1,0,0,0,0,0,0,109240641,2.48,1,0,0,0
1834,Ryan,1626.0,,,0,,1.0,1.0,1,0,0,1,1,0,0,0,0,0,0,0,0,1,0,0,0,0,0,0,0,0,0,109261562,0.0,0,0,1,0
1835,Far Out,1625.0,100%,96%,0,Downtown,4.0,4.0,1,1,0,1,0,1,1,0,0,1,0,0,1,1,0,1,0,0,0,0,0,0,1,109338728,2.61,4,0,0,0
1836,Trevor,1624.0,100%,100%,0,Downtown,0.0,0.0,1,1,0,1,0,0,1,0,1,0,0,0,1,1,0,0,0,0,0,0,0,0,1,109522370,3.0,1,0,0,0
1837,Natalie,1623.0,100%,100%,1,Downtown,0.0,0.0,1,1,0,1,0,0,1,0,0,0,0,0,1,1,0,0,0,0,1,0,0,0,1,109567763,3.31,1,0,0,0
1838,Sharon,1623.0,100%,100%,0,,2.0,2.0,1,1,0,1,1,0,0,0,0,1,0,0,0,1,0,1,0,0,0,0,0,0,1,109654692,4.18,1,0,0,0
1839,Kristin,1623.0,100%,100%,0,,1.0,1.0,1,1,0,1,0,1,1,1,0,1,0,0,1,1,0,1,1,0,0,0,0,0,1,109712828,3.65,2,0,0,0
1840,Mary,1622.0,100%,88%,0,,1.0,1.0,1,1,0,0,0,0,1,1,1,0,0,0,1,1,0,1,1,0,0,0,0,1,0,109895093,2.25,1,0,0,0
1841,Colleen,1622.0,94%,53%,0,South Lake Tahoe,299.0,299.0,1,1,0,1,0,0,1,1,1,0,0,0,1,1,0,1,1,0,0,0,1,0,0,109904033,0.61,4,0,1,0
1842,Ben,1621.0,100%,100%,0,,1.0,1.0,1,0,0,1,0,0,0,0,0,0,0,0,0,1,0,1,0,0,1,0,0,0,1,109982801,2.61,1,0,0,0
1843,Tim,1621.0,,0%,1,,0.0,0.0,1,0,0,1,0,0,0,0,0,0,0,0,0,1,0,0,0,0,0,0,0,0,0,110001973,0.81,0,0,1,0
1844,Brian,1618.0,100%,100%,1,,1.0,1.0,1,0,0,1,0,0,0,0,0,0,0,0,0,1,0,1,0,0,0,0,1,0,0,110440726,0.95,1,0,0,0
1845,Drew,1618.0,100%,59%,0,,1.0,1.0,1,1,0,1,0,0,0,0,0,1,0,0,0,1,0,1,0,0,0,0,0,0,1,110507609,2.14,0,0,1,0
1846,Ethan,1618.0,100%,100%,1,,1.0,1.0,1,1,0,1,0,1,1,0,0,1,0,0,1,1,0,0,0,0,0,0,0,0,1,110522281,1.13,1,0,0,0
1847,Laura,1617.0,100%,65%,0,,0.0,0.0,1,1,0,1,1,0,1,0,0,0,0,0,1,1,0,0,0,0,0,0,1,0,0,110681064,0.58,1,0,0,0
1848,Omar,1613.0,100%,96%,1,,1.0,1.0,1,0,0,1,0,0,0,0,0,0,0,0,0,1,0,0,0,0,0,0,0,0,1,111228362,7.24,0,0,1,0
1849,Don,1611.0,100%,67%,1,,2.0,2.0,1,0,0,1,0,0,0,0,0,0,0,0,0,1,0,0,0,0,0,0,0,0,1,111636952,0.8400000000000001,2,0,0,0
1850,Laura,1610.0,100%,100%,1,,1.0,1.0,1,0,0,1,0,0,0,0,0,0,0,0,0,1,0,1,0,0,0,0,0,0,1,111846665,1.08,1,0,0,0
1851,Tony,1609.0,73%,85%,0,Hermitage,0.0,0.0,1,0,0,1,1,0,0,0,0,0,0,0,0,1,0,0,0,0,0,0,0,1,0,112003596,2.14,0,0,1,0
1852,Debbie,1607.0,100%,91%,1,,1.0,1.0,1,1,0,1,0,0,1,0,0,0,0,0,1,1,0,0,0,0,0,0,0,0,1,112306052,0.51,1,0,0,0
1853,Zack,1603.0,100%,96%,1,,1.0,1.0,1,1,0,1,0,0,1,1,1,0,0,0,1,1,0,1,1,0,0,0,0,0,1,112843877,2.3,1,0,0,0
1854,Brandon,1603.0,,,0,,1.0,1.0,1,0,0,1,1,0,0,0,0,0,0,0,0,1,0,0,0,0,0,0,0,0,0,112945119,0.3,0,0,1,0
1855,Keith,1602.0,100%,84%,0,,1.0,1.0,1,1,0,1,1,1,1,0,0,0,0,0,1,1,0,0,0,0,0,0,1,0,0,113030717,1.09,1,0,0,0
1856,Christal,1602.0,,83%,1,,1.0,1.0,1,1,0,1,0,0,1,1,0,1,0,0,1,1,0,1,1,0,0,0,0,0,0,113051551,0.86,1,0,0,0
1857,Gary,1602.0,100%,,0,Eastwood,0.0,0.0,1,0,0,1,0,0,0,0,0,0,0,0,0,1,0,1,0,0,0,0,0,0,1,113115903,0.0,1,0,0,0
1858,Toktam,1601.0,100%,98%,1,Eastwood,0.0,0.0,1,1,0,1,1,0,1,0,1,0,0,0,1,1,0,1,0,0,1,0,0,0,1,113262277,4.67,1,0,0,0
1859,Lisa And Anne,1601.0,100%,92%,1,,1.0,1.0,1,1,0,1,0,0,1,0,1,0,0,0,1,1,0,1,0,0,0,0,0,0,1,113269350,2.6,1,0,0,0
1860,Tracey,1600.0,100%,100%,1,,1.0,1.0,1,1,0,1,1,0,1,0,0,0,0,0,1,1,0,0,0,0,0,0,0,0,1,113421017,3.55,1,0,0,0
1861,Cole,1600.0,100%,98%,1,Downtown,3.0,3.0,1,1,0,1,0,1,1,0,0,0,0,0,1,1,0,1,0,0,0,0,0,0,1,113435910,6.540000000000001,3,0,0,0
1862,Angela,1599.0,,100%,0,Haynes Area,0.0,0.0,1,1,0,1,0,0,1,1,1,0,0,0,1,1,0,1,1,0,0,0,0,0,0,113522135,0.0,1,0,0,0
1863,Sherry,1598.0,100%,100%,1,,1.0,1.0,1,0,0,1,0,1,1,0,1,1,0,0,1,1,0,1,0,0,0,0,0,0,1,113715833,2.11,1,0,0,0
1864,Alexa,1596.0,100%,85%,1,,3.0,3.0,1,1,0,1,1,0,1,1,0,0,0,0,1,1,0,1,1,0,0,0,1,0,0,114031678,4.82,1,0,2,0
1865,Alan,1595.0,100%,97%,1,,1.0,1.0,1,1,0,1,1,0,0,0,0,1,0,0,0,1,0,1,0,0,0,0,0,0,1,114159236,2.26,1,0,0,0
1866,Crill,1594.0,100%,,0,,1.0,1.0,1,1,0,1,1,0,1,0,0,0,0,0,1,1,0,1,0,0,0,0,0,1,0,114391960,0.3,0,0,1,0
1867,William,1593.0,100%,89%,0,,3.0,3.0,1,1,0,1,0,0,1,0,1,0,0,0,1,1,0,1,0,0,0,0,0,1,0,114506552,7.72,0,0,3,0
1868,Kelsey,1593.0,,,0,,1.0,1.0,1,1,0,1,1,1,1,0,0,1,0,0,1,1,0,1,1,0,0,0,0,0,0,114574279,0.18,1,0,0,0
1869,Tray,1592.0,,,0,,1.0,1.0,1,1,0,1,0,0,1,0,0,0,0,0,1,1,0,0,0,0,0,0,0,0,0,114739821,0.91,0,0,1,0
1870,LuxorProperties,1590.0,100%,92%,0,Downtown,0.0,0.0,1,1,0,1,1,0,1,0,1,0,0,0,1,1,0,1,0,0,0,0,0,0,1,115067035,0.71,1,0,0,0
1871,Itay,1589.0,100%,96%,1,Talbot's Corner,25.0,25.0,1,1,0,1,1,0,1,1,1,0,0,0,1,1,0,1,1,0,1,0,0,0,1,115173292,5.800000000000001,7,0,0,0
1872,Anchor Rentals,1589.0,100%,99%,1,Historic Edgefield,29.0,29.0,1,1,0,1,0,0,1,0,0,0,0,0,1,1,0,1,0,0,1,0,0,0,1,115218273,31.839999999999996,6,22,1,0
1873,Chris,1587.0,100%,98%,1,North Nashville,56.0,56.0,1,1,0,1,0,0,1,1,1,0,0,0,1,1,0,1,1,0,0,0,0,0,1,115505661,93.93999999999998,54,0,0,0
1874,Frederick,1587.0,100%,100%,0,Downtown,0.0,0.0,1,1,0,0,0,0,1,0,0,0,0,0,1,1,0,0,0,0,0,0,0,0,1,115555590,4.71,1,0,0,0
1875,Cole & Paul,1586.0,,100%,1,,1.0,1.0,1,1,0,1,0,0,1,0,1,0,0,0,1,1,0,1,0,0,0,0,0,0,0,115727277,3.3,1,0,0,0
1876,Susan,1586.0,,,1,,1.0,1.0,1,1,0,1,1,0,1,0,0,0,0,0,1,1,0,0,0,0,1,0,0,0,0,115740291,0.43,1,0,0,0
1877,Susan,1585.0,100%,98%,1,Greenwood,0.0,0.0,1,0,0,0,0,0,0,0,0,0,0,0,0,1,0,1,0,0,1,0,0,0,1,115863325,2.04,1,0,0,0
1878,Libby,1584.0,,67%,1,,1.0,1.0,1,1,0,1,0,0,1,1,1,0,0,0,1,1,0,1,1,0,0,0,0,0,0,115976729,1.31,0,0,1,0
1879,Jordyn,1583.0,,,0,,1.0,1.0,1,1,0,1,1,0,1,0,1,0,0,0,1,1,0,1,0,0,0,0,0,0,0,116103344,0.5,1,0,0,0
1880,Dave,1583.0,,0%,0,,1.0,1.0,1,1,0,0,0,0,1,1,0,0,0,0,1,1,0,0,1,0,0,0,0,0,0,116127270,0.16,1,0,0,0
1881,Michael And Jessica,1582.0,100%,94%,1,,1.0,1.0,1,1,0,1,0,0,1,0,0,0,0,0,1,1,0,1,0,0,0,0,0,0,1,116281277,1.69,1,0,0,0
1882,Stephenie & Michael,1582.0,100%,100%,1,,2.0,2.0,1,1,0,1,0,1,1,0,1,0,0,0,1,1,0,1,0,0,0,0,0,0,1,116294524,2.01,1,0,0,0
1883,Leslie,1581.0,,100%,0,,1.0,1.0,1,1,0,0,0,0,1,0,0,0,0,0,1,1,0,1,1,0,1,0,0,0,0,116366213,1.71,1,0,0,0
1884,Laurie,1577.0,100%,100%,1,,4.0,4.0,1,1,0,1,0,1,1,0,1,0,0,0,1,1,0,1,0,0,0,0,1,0,0,117050297,5.63,1,0,0,0
1885,Anthony,1576.0,,,0,,2.0,2.0,1,1,0,1,1,0,1,0,1,0,0,0,1,1,0,1,0,0,1,0,0,0,0,117163524,0.0,0,0,1,0
1886,Steph,1574.0,100%,91%,1,,1.0,1.0,1,1,0,1,0,0,0,0,0,0,0,0,0,1,0,1,0,0,0,0,0,0,1,117466378,2.56,1,0,0,0
1887,Alejandra,1573.0,,100%,1,East Nashville,0.0,0.0,1,0,0,1,0,0,0,0,0,0,0,0,0,1,0,0,0,0,0,0,0,0,0,117592688,2.44,1,0,0,0
1888,Mark,1573.0,100%,92%,1,East Nashville,1.0,1.0,1,1,0,1,0,0,1,1,0,0,0,0,1,1,0,1,1,0,1,0,0,0,1,117695129,3.87,2,0,0,0
1889,Charlie & Steph,1572.0,100%,100%,1,,1.0,1.0,1,1,0,1,0,0,1,1,0,0,0,0,1,1,0,1,1,0,0,0,0,0,1,117799821,1.6,1,0,0,0
1890,Nonie,1572.0,,,0,,1.0,1.0,1,0,0,1,0,0,0,0,0,0,0,0,0,1,0,1,0,0,0,0,0,0,0,117837147,0.1,0,0,1,0
1891,Clare,1572.0,,,0,,1.0,1.0,1,0,0,1,0,0,0,0,0,0,0,0,0,1,0,1,0,0,0,0,0,0,0,117860081,0.36,1,0,0,0
1892,Hannah,1571.0,100%,100%,0,Talbot's Corner,1.0,1.0,1,1,0,1,0,0,1,1,1,0,0,0,1,1,0,1,1,0,0,0,0,0,1,117994311,0.0,0,0,1,0
1893,Liz & Dave,1568.0,100%,98%,1,Central LA,3.0,3.0,1,1,0,1,0,1,1,0,1,0,0,0,1,1,0,1,0,0,0,0,0,0,1,118416428,9.42,2,0,0,0
1894,Kyle,1567.0,,100%,1,,1.0,1.0,1,1,0,1,1,0,1,0,1,0,0,0,1,1,0,1,0,0,0,0,0,0,0,118544974,2.01,1,0,0,0
1895,Dennis,1566.0,100%,98%,1,Salemtown,8.0,8.0,1,0,0,1,0,0,0,0,0,0,0,0,0,1,0,1,0,0,0,0,0,0,1,118711378,2.79,2,0,0,0
1896,John,1565.0,100%,100%,1,,1.0,1.0,1,0,0,1,0,0,0,0,0,0,0,0,0,1,0,1,0,0,0,0,0,0,1,118818722,2.64,1,0,0,0
1897,Dale,1564.0,100%,100%,1,,1.0,1.0,1,0,0,0,1,0,0,0,0,0,0,0,0,1,0,1,0,0,0,0,1,0,0,119011556,1.31,0,0,1,0
1898,Angela,1562.0,100%,67%,1,Harborview,1.0,1.0,1,0,0,1,0,0,0,0,0,0,0,0,0,1,0,1,0,0,0,0,0,0,1,119293882,1.91,1,0,1,0
1899,Lashonda,1562.0,,,0,,1.0,1.0,1,1,0,1,0,0,1,0,1,0,0,0,1,1,0,0,0,0,0,0,0,0,0,119365192,0.2,1,0,0,0
1900,James,1559.0,100%,99%,1,,6.0,6.0,1,0,0,1,1,0,0,0,0,1,0,0,0,1,0,1,0,0,0,0,0,0,1,119811037,10.36,4,0,0,0
1901,Taylor,1559.0,0%,25%,0,,1.0,1.0,1,0,0,1,1,0,0,0,0,0,0,0,0,1,0,0,0,0,1,1,0,0,0,119835347,0.17,1,0,0,0
1902,Marc,1558.0,100%,100%,1,,0.0,0.0,1,1,0,1,0,0,1,0,1,0,0,0,1,1,0,0,0,0,0,0,0,0,1,119925844,2.15,1,0,0,0
1903,Naweed,1558.0,100%,0%,0,,1.0,1.0,1,1,0,1,0,0,1,1,1,0,0,0,1,1,0,1,1,0,1,0,0,0,1,120016252,0.87,0,0,1,0
1904,Jordan,1557.0,,,0,,1.0,1.0,1,1,0,1,0,0,1,0,1,0,0,0,1,1,0,0,0,0,0,0,0,0,0,120118171,0.53,1,0,0,0
1905,Jeff,1557.0,100%,99%,1,,4.0,4.0,1,1,0,1,0,0,1,1,1,0,0,0,1,1,0,1,1,0,0,0,0,0,1,120122936,17.97,4,0,0,0
1906,C.J.,1554.0,100%,100%,1,,2.0,2.0,1,1,0,1,0,0,1,0,0,0,0,0,1,1,0,1,0,0,0,0,0,0,1,120559964,2.53,3,0,0,0
1907,Kristen,1553.0,100%,100%,1,,0.0,0.0,1,0,0,1,0,0,0,0,0,0,0,0,0,1,0,1,0,0,1,0,0,0,1,120703286,1.38,0,0,1,0
1908,Andrew,1553.0,,,0,,1.0,1.0,1,1,0,1,0,1,1,1,1,0,0,0,1,1,0,1,1,0,0,0,0,0,0,120726061,0.29,1,0,0,0
1909,Mario,1552.0,100%,91%,1,,1.0,1.0,1,0,0,1,0,0,0,0,0,0,0,0,0,1,0,1,0,0,0,0,0,0,1,120893790,1.93,1,0,0,0
1910,Kristen,1552.0,,100%,1,,0.0,0.0,1,1,0,1,1,0,1,0,1,0,0,0,1,1,0,1,0,0,0,0,0,0,0,120916927,1.19,1,0,0,0
1911,Ron,1552.0,100%,100%,0,,1.0,1.0,1,0,0,1,0,0,0,0,0,0,0,0,0,1,0,0,0,0,0,0,1,0,0,120925748,0.23,0,0,1,0
1912,Evolve Vacation Rental,1550.0,100%,99%,0,Villages of Larchwood,447.0,447.0,1,0,0,1,0,0,0,0,0,0,0,0,0,1,0,1,0,0,0,0,0,0,1,121235121,7.279999999999999,14,0,0,0
1913,Ashley,1550.0,100%,100%,1,,1.0,1.0,1,1,0,1,1,0,1,0,1,0,0,0,1,1,0,1,0,0,0,0,0,0,1,121258172,8.5,1,0,0,0
1914,Steven,1549.0,100%,98%,1,Talbot's Corner,14.0,14.0,1,1,0,1,0,1,1,0,1,0,0,0,1,1,0,0,0,0,0,0,0,0,1,121348031,8.41,4,0,2,0
1915,James,1548.0,100%,95%,1,,0.0,0.0,1,1,0,1,1,0,1,1,1,0,0,0,1,1,0,0,1,0,1,0,1,0,0,121527174,0.95,1,0,0,0
1916,Andrew,1548.0,99%,100%,1,North Nashville,20.0,20.0,1,1,0,1,0,0,1,0,1,0,0,0,1,1,0,1,0,0,0,0,0,0,1,121534901,52.650000000000006,24,0,0,0
1917,Alex,1547.0,100%,98%,0,East Nashville,0.0,0.0,1,1,0,1,1,0,1,1,1,0,0,0,1,1,0,1,1,0,0,0,0,0,1,121721677,2.08,1,0,0,0
1918,Greg,1544.0,100%,99%,1,,1.0,1.0,1,1,0,1,1,1,1,0,1,0,0,0,1,1,0,1,0,0,1,0,0,0,1,122278348,5.98,1,0,0,0
1919,Music City Vacation Homes,1540.0,100%,94%,1,,13.0,13.0,1,1,0,1,0,1,1,0,0,1,0,0,1,1,0,1,1,0,1,0,1,0,0,122897400,7.220000000000001,12,0,0,0
1920,Peyton,1538.0,,,0,,1.0,1.0,1,0,0,1,0,0,0,0,0,0,0,0,0,1,0,0,0,0,0,0,0,0,0,123336421,0.0,1,0,0,0
1921,Aaron,1536.0,100%,97%,1,,4.0,4.0,1,1,0,1,1,0,1,0,0,0,0,0,1,1,0,1,0,0,1,0,0,0,1,123662791,5.5,3,0,0,0
1922,Trevor,1534.0,,100%,0,,0.0,0.0,1,1,0,1,0,0,1,1,1,0,0,0,1,1,0,0,1,0,0,0,0,0,0,123953668,0.75,0,0,1,0
1923,Mark,1533.0,100%,96%,1,,0.0,0.0,1,1,0,1,0,1,1,1,0,1,0,0,1,1,0,1,1,0,0,0,0,0,1,124044124,4.13,1,0,0,0
1924,Emily,1533.0,100%,100%,1,,1.0,1.0,1,1,0,1,0,0,1,1,0,0,0,0,1,1,0,0,1,0,0,0,0,0,1,124082043,4.35,1,0,0,0
1925,Lindsey,1532.0,,,1,,1.0,1.0,1,1,0,1,0,1,1,0,1,0,0,0,1,1,0,1,0,0,1,0,0,0,0,124247396,3.07,1,0,0,0
1926,Alexa,1532.0,,,0,,15.0,15.0,1,1,0,1,0,0,1,1,1,0,0,0,1,1,0,1,1,0,0,0,0,0,0,124275854,7.99,3,0,0,0
1927,Scott,1532.0,,100%,1,,1.0,1.0,1,1,0,1,0,0,1,0,1,0,0,0,1,1,0,1,0,0,0,0,0,0,0,124304149,1.69,1,0,0,0
1928,Josh,1532.0,,,0,,1.0,1.0,1,1,0,1,1,0,1,1,1,0,0,0,1,1,0,0,1,0,0,0,0,0,0,124325493,0.0,0,0,1,0
1929,Violet,1531.0,100%,100%,1,,1.0,1.0,1,0,0,1,0,0,0,0,0,0,0,0,0,1,0,0,0,0,0,0,0,0,1,124392866,2.37,1,0,0,0
1930,Cherie Amour,1531.0,100%,100%,0,,0.0,0.0,1,0,0,1,0,0,0,0,0,0,0,0,0,1,0,1,0,0,0,0,0,0,1,124485766,1.37,1,0,0,0
1931,Ronald,1530.0,,100%,0,,1.0,1.0,1,0,0,1,0,0,0,0,0,0,0,0,0,1,0,1,0,0,1,0,0,0,0,124606085,4.37,1,0,0,0
1932,Marion,1530.0,100%,100%,1,,2.0,2.0,1,1,0,1,0,1,1,0,0,1,0,0,1,1,0,0,0,0,0,0,1,0,0,124630307,0.65,1,0,0,0
1933,Lisa,1529.0,100%,95%,1,Watkins Park,1.0,1.0,1,1,0,1,1,0,1,0,0,0,0,0,1,1,0,0,0,0,0,0,0,0,1,124780110,2.55,1,0,0,0
1934,Julio,1528.0,,,0,,1.0,1.0,1,0,0,1,0,0,0,0,0,0,0,0,0,1,0,0,0,0,0,0,0,0,0,124870704,0.52,0,0,1,0
1935,Justin,1526.0,100%,100%,1,,1.0,1.0,1,1,0,1,1,1,1,0,1,0,0,0,1,1,0,1,0,0,1,0,0,0,1,125092436,7.11,1,0,0,0
1936,Josh,1526.0,100%,100%,0,,1.0,1.0,1,0,0,1,0,0,0,0,0,0,0,0,0,1,0,0,0,0,0,0,0,0,1,125250577,0.48,1,0,0,0
1937,Samuel,1526.0,100%,,0,,1.0,1.0,1,1,0,1,0,0,1,1,0,0,0,0,1,1,0,1,1,0,0,0,0,1,0,125251705,0.17,0,0,1,0
1938,Clarence,1525.0,,,0,,1.0,1.0,1,1,0,0,0,0,1,0,0,0,0,0,1,1,0,0,0,0,0,0,0,0,0,125397739,0.0,1,0,0,0
1939,Clinton,1524.0,,,0,,1.0,1.0,1,1,0,1,0,0,1,1,1,0,0,0,1,1,0,1,1,0,0,0,0,0,0,125525622,0.64,1,0,0,0
1940,Taylor,1522.0,100%,91%,1,,1.0,1.0,1,1,0,1,1,1,1,0,0,0,0,0,1,1,0,1,0,0,0,0,0,0,1,125813700,1.86,1,0,0,0
1941,Jeff And Amanda,1521.0,100%,98%,1,,1.0,1.0,1,0,0,1,0,0,0,0,0,0,0,0,0,1,0,1,0,0,0,0,0,0,1,125972905,2.55,1,0,0,0
1942,Jason,1518.0,,,0,,1.0,1.0,1,0,0,1,0,0,0,0,0,0,0,0,0,1,0,0,0,0,0,0,0,0,0,126519812,0.0,0,0,1,0
1943,Marty & Crystal,1517.0,100%,100%,1,,0.0,0.0,1,1,0,1,0,1,1,1,1,1,0,0,1,1,0,1,1,0,0,0,0,0,1,126659109,1.08,1,0,0,0
1944,Jacquie,1516.0,100%,100%,1,,2.0,2.0,1,1,0,1,0,0,0,0,0,1,0,0,0,1,0,1,0,0,0,0,0,0,1,126802906,2.19,1,0,1,0
1945,Mindy,1515.0,100%,100%,1,,0.0,0.0,1,1,0,1,0,0,1,0,1,0,0,0,1,1,0,1,0,0,0,0,0,0,1,126850237,2.13,1,0,0,0
1946,Luxury Rental Management,1515.0,100%,99%,0,Drake Park,3.0,3.0,1,1,0,1,0,0,1,0,1,0,0,0,1,1,0,0,0,0,0,0,0,0,1,126958751,2.88,1,0,0,0
1947,Black,1514.0,93%,100%,0,Northwest Washington,28.0,28.0,1,1,0,1,0,1,1,1,1,0,0,0,1,1,0,1,1,0,0,0,0,0,1,127034950,8.57,13,0,0,0
1948,Jessica,1513.0,,100%,1,,3.0,3.0,1,1,0,1,0,0,1,0,1,0,0,0,1,1,0,1,0,0,0,0,0,0,0,127253435,4.66,1,0,2,0
1949,Ashley,1512.0,,,0,,1.0,1.0,1,0,0,1,1,0,0,0,0,0,0,0,0,1,0,1,0,0,0,0,0,0,0,127323890,0.02,0,0,1,0
1950,Liz,1512.0,100%,98%,1,North Capitol,8.0,8.0,1,1,0,1,0,0,1,1,0,0,0,0,1,1,0,1,1,0,0,0,0,0,1,127444298,2.56,4,0,0,0
1951,LuxuryNash,1511.0,99%,99%,1,McKissack Park,19.0,19.0,1,1,0,0,0,0,1,1,1,0,0,0,1,1,0,1,1,0,0,0,0,0,1,127541576,12.15,11,0,0,0
1952,Kim,1510.0,100%,95%,1,,1.0,1.0,1,0,0,1,0,0,0,0,0,0,0,0,0,1,0,0,0,0,0,0,0,0,1,127681719,2.67,1,0,0,0
1953,Jeff,1505.0,100%,100%,1,,1.0,1.0,1,1,0,1,1,0,1,0,1,0,0,0,1,1,0,1,0,0,0,0,0,0,1,128345752,2.63,1,0,0,0
1954,Crystal,1505.0,100%,100%,1,,0.0,0.0,1,1,0,1,0,0,1,1,1,0,0,0,1,1,0,1,1,0,0,0,0,0,1,128387636,2.01,1,0,0,0
1955,Laura,1503.0,100%,100%,1,,1.0,1.0,1,0,0,1,0,0,0,0,0,0,0,0,0,1,0,1,0,0,0,0,0,0,1,128714159,1.56,1,0,0,0
1956,Propono Asset Management,1503.0,93%,91%,1,Watkins Park,4.0,4.0,1,1,0,1,0,0,1,0,0,0,0,0,1,1,0,0,0,0,1,0,0,0,1,128723613,2.85,1,0,0,0
1957,Jennifer,1502.0,100%,97%,1,,1.0,1.0,1,1,0,1,0,1,1,1,1,0,0,0,1,1,0,1,1,0,0,0,0,1,0,128877227,1.89,1,0,0,0
1958,Abdullatif,1500.0,,,0,,1.0,1.0,1,1,0,1,0,0,1,1,1,0,0,0,1,1,0,1,1,0,0,0,0,0,0,129065976,0.1,0,0,1,0
1959,Brandon,1500.0,100%,100%,1,McKissack Park,2.0,2.0,1,1,0,1,0,0,1,1,1,0,0,0,1,1,0,1,1,0,1,0,0,0,1,129162041,2.56,2,0,0,0
1960,Matt,1498.0,100%,100%,1,,1.0,1.0,1,1,0,1,1,0,1,0,1,0,0,0,1,1,0,1,0,0,0,0,0,0,1,129451634,7.17,1,0,0,0
1961,Tee,1498.0,100%,99%,0,,7.0,7.0,1,1,0,1,1,0,1,0,1,0,0,0,1,1,0,1,0,0,0,0,0,0,1,129481465,17.09,4,0,0,0
1962,Tom,1496.0,100%,97%,1,,3.0,3.0,1,1,0,1,1,0,1,0,1,0,0,0,1,1,0,0,0,0,0,0,0,0,1,129663177,5.2,1,0,0,0
1963,Leslie,1496.0,,80%,0,,1.0,1.0,1,0,0,1,1,0,0,0,0,0,0,0,0,1,0,0,0,0,1,0,0,0,0,129737825,0.37,1,0,0,0
1964,Ryan & Sarah,1495.0,100%,88%,1,Rosebank,0.0,0.0,1,1,0,1,0,0,1,0,0,0,0,0,1,1,0,0,0,0,1,0,0,0,1,129902341,4.68,2,0,0,0
1965,Crissy,1493.0,100%,100%,1,,2.0,2.0,1,0,0,1,1,0,0,0,0,0,0,0,0,1,0,1,0,0,0,0,0,0,1,130144630,1.1,0,0,2,0
1966,AvantStay,1488.0,95%,98%,0,Pacific Beach,296.0,296.0,1,1,0,1,0,0,1,1,0,0,0,0,1,1,0,1,1,0,0,0,0,0,1,130904349,10.66,24,0,0,0
1967,David,1487.0,90%,100%,1,,1.0,1.0,1,0,0,1,1,1,0,0,0,0,0,0,0,1,0,1,0,0,1,0,0,0,1,130999406,6.25,1,0,0,0
1968,Sara,1487.0,100%,68%,1,Santa Fe,4.0,4.0,1,1,0,1,0,0,1,1,1,0,0,0,1,1,0,1,1,0,0,0,0,1,0,131077665,0.57,1,0,0,0
1969,Lamine,1486.0,,,0,,1.0,1.0,1,1,0,1,1,0,1,0,1,0,0,0,1,1,0,0,0,0,0,0,0,0,0,131232751,1.16,0,0,1,0
1970,Stephanie,1484.0,100%,100%,0,,4.0,4.0,1,1,0,1,0,0,1,0,0,0,0,0,1,1,0,1,0,0,0,0,0,0,1,131442061,0.37,1,0,0,0
1971,Alexa,1484.0,100%,89%,0,,1.0,1.0,1,1,0,1,0,0,1,1,0,0,0,0,1,1,0,1,1,0,0,0,0,0,1,131468900,3.65,1,0,0,0
1972,Andrew,1480.0,,88%,0,,0.0,0.0,1,1,0,1,0,0,1,0,0,0,0,0,1,1,0,1,0,0,0,0,0,0,0,132101501,2.44,1,0,0,0
1973,Lindsay,1479.0,,,0,,1.0,1.0,1,0,0,1,0,0,0,0,0,0,0,0,0,1,0,0,0,0,0,0,0,0,0,132245132,0.0,1,0,0,0
1974,Chad,1477.0,,100%,1,,1.0,1.0,1,1,0,1,0,0,0,0,0,0,0,0,0,1,0,1,0,0,0,0,0,0,0,132501134,3.04,1,0,0,0
1975,Tyler,1476.0,100%,100%,1,Edgehill,29.0,29.0,1,1,0,1,0,0,1,1,1,0,0,0,1,1,0,1,1,0,0,0,0,0,1,132613025,66.71000000000001,43,0,0,0
1976,Alexa,1476.0,100%,98%,1,,1.0,1.0,1,1,0,1,0,0,1,1,0,0,0,0,1,1,0,1,1,0,0,0,0,0,1,132661077,5.97,1,0,0,0
1977,James,1476.0,100%,100%,0,Marrowbone,1.0,1.0,1,1,0,1,0,0,1,0,1,0,0,0,1,1,0,1,0,0,0,0,0,0,1,132680156,0.79,0,0,1,0
1978,Haley,1476.0,,90%,0,,16.0,16.0,1,1,0,1,0,0,1,1,1,0,0,0,1,1,0,1,1,0,0,0,0,0,0,132689786,17.2,4,0,0,0
1979,Debbie,1475.0,100%,99%,1,,4.0,4.0,1,1,0,1,1,0,1,0,1,0,0,0,1,1,0,1,0,0,0,0,0,0,1,132765119,13.489999999999998,3,0,0,0
1980,Vanessa,1475.0,97%,100%,0,Keeling Avenue,0.0,0.0,1,1,0,1,0,0,1,1,0,0,0,0,1,1,0,0,1,0,0,0,0,0,1,132808012,0.0,1,0,0,0
1981,Michael & Vickie,1475.0,100%,100%,1,,2.0,2.0,1,1,0,1,0,0,1,1,1,0,0,0,1,1,0,1,1,0,1,0,0,0,1,132857231,4.59,2,0,0,0
1982,Tad,1475.0,100%,83%,0,,2.0,2.0,1,1,0,1,0,0,1,1,0,0,0,0,1,1,0,1,1,0,0,0,0,0,1,132863118,0.6,2,0,0,0
1983,Krista,1474.0,100%,92%,1,,1.0,1.0,1,1,0,0,0,0,1,1,1,0,0,0,1,1,0,0,1,0,0,0,0,0,1,132980732,0.89,1,0,0,0
1984,Tiffany And Osman,1474.0,100%,92%,1,,1.0,1.0,1,1,0,1,0,0,1,0,0,0,0,0,1,1,0,1,1,0,0,0,0,0,1,132993764,3.48,1,0,0,0
1985,Alice & Joe,1472.0,100%,100%,1,,1.0,1.0,1,1,0,1,0,0,1,0,1,0,0,0,1,1,0,1,0,0,0,0,0,1,0,133283324,1.72,1,0,0,0
1986,Cherie,1472.0,,100%,1,Midtown East,7.0,7.0,1,1,0,1,1,0,1,0,1,0,0,0,1,1,0,0,0,0,0,0,0,0,0,133288905,0.05,0,0,3,0
1987,Brittany,1471.0,100%,100%,1,,1.0,1.0,1,0,0,1,0,0,0,0,0,0,0,0,0,1,0,1,0,0,0,0,0,0,1,133434549,3.58,1,0,0,0
1988,Regis & Christi,1470.0,100%,100%,1,,1.0,1.0,1,0,0,0,0,1,1,0,1,0,0,0,1,1,0,1,0,0,0,0,0,0,1,133589484,3.76,2,0,0,0
1989,Ryan + Lauren,1469.0,100%,99%,1,Downtown,0.0,0.0,1,0,0,1,1,0,0,0,0,0,0,0,0,1,0,0,0,0,0,0,0,0,1,133671647,21.39,3,0,0,0
1990,Eddy,1469.0,,,0,,1.0,1.0,1,1,0,1,1,0,1,1,1,0,0,0,1,1,0,1,1,0,0,0,0,0,0,133709475,0.03,1,0,0,0
1991,Molly,1469.0,,100%,1,,1.0,1.0,1,0,0,1,1,0,0,0,0,0,0,0,0,1,0,1,0,0,0,0,0,0,0,133736842,1.22,0,0,1,0
1992,Zac,1469.0,99%,100%,1,Watkins Park,8.0,8.0,1,1,0,1,0,0,1,1,1,0,0,0,1,1,0,1,1,0,0,0,0,0,1,133757060,39.05,6,0,0,0
1993,Emily,1469.0,100%,99%,1,,2.0,2.0,1,0,0,1,1,0,0,0,0,0,0,0,0,1,0,1,0,0,0,0,0,0,1,133778519,6.62,1,0,0,0
1994,Lisa,1468.0,,100%,0,,1.0,1.0,1,1,0,1,0,0,0,0,0,1,0,0,0,1,0,1,0,0,0,0,0,0,0,133924254,3.21,1,0,0,0
1995,Emma,1466.0,100%,100%,1,,1.0,1.0,1,1,0,1,0,1,1,1,0,0,0,0,1,1,0,0,1,0,1,0,0,0,1,134249758,4.06,1,0,0,0
1996,Matthew,1466.0,,,0,,2.0,2.0,1,1,0,1,0,0,1,0,1,0,0,0,1,1,0,0,0,0,0,0,0,0,0,134307851,0.22,0,0,1,0
1997,Dean,1465.0,,,0,,1.0,1.0,1,0,0,1,0,0,0,0,0,1,0,0,0,1,0,1,0,0,0,0,0,0,0,134400384,0.0,1,0,0,0
1998,John,1464.0,,,1,,1.0,1.0,1,0,0,1,0,0,0,0,0,0,0,0,0,1,0,0,0,0,0,0,0,0,0,134534891,1.03,1,0,0,0
1999,Jejaw,1463.0,100%,100%,0,,1.0,1.0,1,0,0,1,0,0,0,0,0,0,0,0,0,1,0,0,0,0,0,0,0,0,1,134712676,1.58,1,0,0,0
2000,Frank,1463.0,,93%,1,,1.0,1.0,1,0,0,1,1,0,0,0,0,0,0,0,0,1,0,0,0,0,0,0,0,0,0,134780538,3.86,1,0,0,0
2001,Jasmin,1459.0,100%,99%,1,,2.0,2.0,1,1,0,1,0,0,1,1,1,0,0,0,1,1,0,0,1,0,0,0,0,0,1,135405189,0.0,1,0,0,0
2002,David,1453.0,100%,99%,1,,2.0,2.0,1,0,0,1,0,0,1,0,1,0,0,0,1,1,0,1,0,0,0,0,0,0,1,136384131,4.51,0,0,2,0
2003,Karla,1452.0,,,0,Midtown,0.0,0.0,1,0,0,1,0,0,0,0,0,0,0,0,0,1,0,1,0,0,0,0,0,0,0,136636353,0.0,1,0,0,0
2004,Karl,1452.0,100%,94%,1,Zephyr Cove,113.0,113.0,1,0,0,1,0,0,0,0,0,0,0,0,0,1,0,1,0,0,0,0,0,0,1,136676366,0.0,0,0,1,0
2005,Mohamed,1451.0,100%,100%,1,,1.0,1.0,1,1,0,1,0,0,1,1,1,0,0,0,1,1,0,1,1,0,0,0,0,0,1,136704665,1.73,1,0,0,0
2006,Aaron,1451.0,100%,100%,0,,1.0,1.0,1,1,0,1,0,0,1,1,1,0,0,0,1,1,0,1,1,0,0,0,0,0,1,136827819,1.01,1,0,0,0
2007,Anna,1450.0,100%,100%,1,,1.0,1.0,1,0,0,1,1,0,0,0,0,0,0,0,0,1,0,1,0,0,0,0,0,0,1,136909703,5.7,1,0,0,0
2008,Tara,1449.0,,67%,0,,1.0,1.0,1,1,0,1,0,0,1,1,1,0,0,0,1,1,0,1,1,0,0,0,0,0,0,137102937,0.0,1,0,0,0
2009,Michael,1449.0,100%,100%,1,Historic Waverly,0.0,0.0,1,0,0,1,0,0,0,0,0,0,0,0,0,1,0,0,0,0,0,0,0,0,1,137159385,10.97,1,0,0,0
2010,Uzi,1449.0,100%,80%,1,,1.0,1.0,1,1,0,1,1,0,1,0,1,0,0,0,1,1,0,1,0,0,0,0,1,0,0,137171892,0.61,1,0,0,0
2011,Chandra & Russ,1447.0,100%,100%,1,,1.0,1.0,1,1,0,0,0,0,1,0,1,0,0,0,1,1,0,0,0,0,1,0,0,0,1,137482919,4.54,1,0,0,0
2012,Jennifer,1447.0,100%,100%,1,,11.0,11.0,1,0,0,1,0,0,0,0,0,0,0,0,0,1,0,1,0,0,0,0,0,0,1,137485517,0.94,2,0,0,0
2013,Cathy,1446.0,100%,100%,1,,1.0,1.0,1,0,0,1,0,0,0,0,0,0,0,0,0,1,0,1,0,0,1,0,0,0,1,137677279,4.01,1,0,0,0
2014,John,1445.0,100%,,0,,1.0,1.0,1,1,0,1,1,0,1,0,0,0,0,0,1,1,0,1,0,0,0,0,0,1,0,137896839,0.54,1,0,0,0
2015,Jaime,1444.0,,100%,1,,1.0,1.0,1,1,0,1,0,0,1,1,1,0,0,0,1,1,0,1,1,0,0,0,0,0,0,138032860,2.58,1,0,0,0
2016,Jordan,1444.0,100%,98%,0,Downtown,4.0,4.0,1,1,0,1,0,0,1,0,1,0,0,0,1,1,0,0,0,0,0,0,0,0,1,138050033,15.54,3,0,0,0
2017,Scott,1441.0,100%,95%,1,,1.0,1.0,1,1,0,1,0,0,1,0,1,0,0,0,1,1,0,1,0,0,1,0,0,0,1,138522147,3.96,1,0,0,0
2018,MaryBeth,1440.0,100%,100%,0,,1.0,1.0,1,0,0,1,0,1,0,0,0,0,0,0,0,1,0,1,0,0,0,0,1,0,0,138714870,0.24,1,0,0,0
2019,Tim,1440.0,100%,100%,1,,2.0,2.0,1,1,0,1,0,0,1,0,1,0,0,0,1,1,0,0,0,0,0,0,0,0,1,138740269,1.6099999999999999,2,0,0,0
2020,Nicholas,1440.0,100%,83%,0,,1.0,1.0,1,1,0,1,0,0,1,0,1,0,0,0,1,1,0,1,0,0,0,0,1,0,0,138807703,0.95,1,0,0,0
2021,Cindy,1438.0,100%,,0,,1.0,1.0,1,0,0,1,0,0,1,0,1,0,0,0,1,1,0,1,0,0,0,0,0,0,1,139135769,0.26,1,0,0,0
2022,Paige,1435.0,100%,67%,1,,1.0,1.0,1,1,0,1,0,0,1,0,0,0,0,0,1,1,0,1,1,0,0,0,0,0,1,139731214,2.35,1,0,0,0
2023,Bobby & Joy,1434.0,100%,98%,1,,1.0,1.0,1,1,0,1,0,0,1,1,1,0,0,0,1,1,0,1,1,0,1,0,0,0,1,139862027,3.02,1,0,0,0
2024,Patricia    (Tricia),1434.0,100%,100%,1,,1.0,1.0,1,1,0,1,1,0,1,1,1,0,0,0,1,1,0,1,1,0,0,0,0,0,1,139951737,3.58,0,0,1,0
2025,Chukwuemeka,1430.0,,,0,,1.0,1.0,1,1,0,1,0,0,1,0,0,0,0,0,1,1,0,0,0,0,0,0,0,0,0,140583886,0.0,1,0,0,0
2026,Joe,1429.0,,,0,,1.0,1.0,1,1,0,1,0,0,1,1,1,0,0,0,1,1,0,1,1,0,0,0,0,0,0,140785658,2.36,1,0,0,0
2027,Lauren,1429.0,,,0,,1.0,1.0,1,1,0,1,0,0,1,0,1,0,0,0,1,1,0,1,0,0,0,0,0,0,0,140826424,0.5,1,0,0,0
2028,Judy And Mike,1428.0,100%,97%,1,,1.0,1.0,1,1,0,1,0,0,1,0,0,0,0,0,1,1,0,1,0,0,0,0,0,0,1,140971402,4.18,1,0,0,0
2029,Lorie,1428.0,100%,100%,1,,2.0,2.0,1,1,0,1,0,0,1,1,1,0,0,0,1,1,0,1,1,0,0,0,0,0,1,141032353,2.76,0,0,2,0
2030,Kebreab,1426.0,100%,100%,1,,1.0,1.0,1,0,0,1,0,0,0,0,0,0,0,0,0,1,0,0,0,0,0,0,1,0,0,141354370,0.22,1,0,0,0
2031,Tiffany,1425.0,100%,94%,1,Woodland Hills,0.0,0.0,1,1,0,1,0,0,1,0,0,0,0,0,1,1,0,1,0,0,0,0,0,0,1,141571767,1.3,1,0,0,0
2032,Kara,1423.0,100%,91%,1,,1.0,1.0,1,0,0,0,0,0,0,0,0,0,0,0,0,1,0,0,0,0,0,0,0,0,1,141933299,1.17,1,0,0,0
2033,Linda,1417.0,100%,71%,0,,2.0,2.0,1,0,0,0,0,0,0,0,0,0,0,0,0,1,0,0,0,0,0,0,0,1,0,143024971,1.8,2,0,0,0
2034,Brian,1416.0,100%,98%,0,,0.0,0.0,1,1,0,1,0,1,1,0,1,0,0,0,1,1,0,1,0,0,1,0,0,0,1,143142635,4.79,1,0,0,0
2035,Chelsea,1416.0,100%,100%,1,,1.0,1.0,1,0,0,1,0,0,0,0,0,0,0,0,0,1,0,0,0,0,1,0,0,0,1,143160692,5.28,1,0,0,0
2036,Christopher,1415.0,100%,67%,1,,1.0,1.0,1,1,0,1,0,0,1,1,0,0,0,0,1,1,0,0,1,0,0,0,0,0,1,143329904,2.6,1,0,0,0
2037,TurnKey Vacation Rentals,1414.0,100%,100%,0,,57.0,57.0,1,1,0,1,0,0,0,0,0,0,0,0,0,1,0,1,0,0,0,0,0,0,1,143516774,0.96,2,0,0,0
2038,TurnKey Vacation Rentals,1414.0,100%,99%,0,,88.0,88.0,1,1,0,1,0,0,0,0,0,0,0,0,0,1,0,1,0,0,0,0,0,0,1,143519492,0.26,1,0,0,0
2039,Theresa,1414.0,100%,100%,0,Haynes Area,0.0,0.0,1,0,0,1,1,0,0,0,0,0,0,0,0,1,0,0,0,0,0,0,0,0,1,143603814,3.0,1,0,0,0
2040,Alianna & Kenneth,1413.0,,67%,1,,3.0,3.0,1,1,0,1,0,0,1,1,1,0,0,0,1,1,0,1,1,0,0,0,0,0,0,143796055,1.9,0,0,3,0
2041,Jamie,1412.0,100%,50%,1,Hermitage,2.0,2.0,1,0,0,1,0,0,0,0,0,0,0,0,0,1,0,0,0,0,0,0,0,0,1,143935537,0.18,2,0,0,0
2042,Cory,1412.0,100%,100%,0,,3.0,3.0,1,0,0,1,0,0,0,0,0,0,0,0,0,1,0,1,0,0,0,0,1,0,0,143993920,1.42,2,0,0,0
2043,Molly,1408.0,100%,100%,1,Charlotte Park,15.0,15.0,1,1,0,1,0,0,1,0,0,0,0,0,1,1,0,1,0,0,0,0,0,0,1,144570905,6.01,2,0,6,0
2044,Marshall,1407.0,100%,100%,1,,1.0,1.0,1,0,0,1,0,0,0,0,0,0,0,0,0,1,0,1,0,0,0,0,0,0,1,144791630,5.75,1,0,0,0
2045,Therasia,1407.0,100%,77%,0,,2.0,2.0,1,0,0,1,0,0,0,0,0,0,0,0,0,1,0,1,0,0,0,0,0,0,1,144795052,0.92,1,0,0,0
2046,Allison,1405.0,100%,100%,0,,1.0,1.0,1,1,0,1,0,0,1,0,0,0,0,0,1,1,0,1,0,0,0,0,0,0,1,145197920,1.9,1,0,0,0
2047,Aldo,1405.0,0%,,0,,1.0,1.0,1,1,0,1,0,0,1,1,0,0,0,0,1,1,0,1,1,0,1,1,0,0,0,145214543,0.0,0,0,1,0
2048,Wil,1404.0,100%,100%,1,,2.0,2.0,1,1,0,1,1,0,1,0,0,0,0,0,1,1,0,0,0,0,1,0,0,0,1,145319750,4.17,3,0,0,0
2049,Derek,1404.0,100%,100%,1,Jones/Buena Vista,0.0,0.0,1,1,0,1,0,0,1,1,1,0,0,0,1,1,0,1,1,0,0,0,0,0,1,145379393,2.88,1,0,0,0
2050,Stephanie,1402.0,100%,100%,1,,2.0,2.0,1,1,0,1,0,0,1,0,0,0,0,0,1,1,0,1,0,0,0,0,0,0,1,145682409,0.79,1,0,0,0
2051,Zac,1401.0,100%,100%,1,,1.0,1.0,1,1,0,1,1,0,1,0,1,0,0,0,1,1,0,0,0,0,0,0,0,0,1,145808061,2.12,1,0,0,0
2052,Latisha,1401.0,100%,86%,1,,1.0,1.0,1,0,0,1,0,0,0,0,0,0,0,0,0,1,0,1,0,0,0,0,0,0,1,145875930,1.03,1,0,0,0
2053,Arielle,1400.0,100%,100%,0,South Beach,31.0,31.0,1,1,0,0,0,0,1,1,1,0,0,0,1,1,0,1,1,0,0,0,0,0,1,146018978,8.32,5,0,0,0
2054,Jennifer,1399.0,,,0,,1.0,1.0,1,0,0,0,0,0,0,0,0,0,0,0,0,1,0,0,0,0,0,0,0,0,0,146201449,0.0,1,0,0,0
2055,Gustavo,1399.0,100%,100%,1,Ciudad Cariari,6.0,6.0,1,1,0,1,1,0,1,0,0,0,0,0,1,1,0,1,1,0,0,0,0,0,1,146203107,3.29,0,0,1,0
2056,Ethan,1398.0,100%,97%,1,,1.0,1.0,1,0,0,1,0,0,0,0,0,0,0,0,0,1,0,0,0,0,0,0,0,0,1,146335749,10.19,0,0,1,0
2057,Jeff And Shannon,1398.0,100%,100%,1,,1.0,1.0,1,1,0,1,0,0,1,1,0,0,0,0,1,1,0,1,1,0,0,0,0,0,1,146367722,1.93,1,0,0,0
2058,Kenneth,1397.0,,100%,0,Salemtown,0.0,0.0,1,0,0,1,0,0,0,0,0,0,0,0,0,1,0,0,0,0,0,0,0,0,0,146449817,0.13,1,0,0,0
2059,Cesar,1397.0,100%,96%,1,,1.0,1.0,1,1,0,1,0,0,1,1,1,0,0,0,1,1,0,1,1,0,0,0,1,0,0,146481477,5.54,0,0,1,0
2060,Carolyn,1397.0,100%,98%,1,,2.0,2.0,1,1,0,1,1,0,1,0,1,0,0,0,1,1,0,0,0,0,0,0,0,0,1,146520885,2.91,1,0,0,0
2061,Terrye,1396.0,,,0,,1.0,1.0,1,0,0,1,1,0,0,0,0,0,0,0,0,1,0,0,0,0,0,0,0,0,0,146606104,0.0,0,0,1,0
2062,Ida & David,1396.0,100%,100%,1,,1.0,1.0,1,1,0,1,0,0,1,1,0,0,0,0,1,1,0,0,1,0,0,0,0,0,1,146677027,2.33,1,0,0,0
2063,Bill,1392.0,100%,100%,1,,1.0,1.0,1,0,0,1,0,0,0,0,0,0,0,0,0,1,0,1,0,0,0,0,0,0,1,147246808,2.46,1,0,0,0
2064,Gloria,1391.0,100%,100%,1,,1.0,1.0,1,1,0,1,0,0,1,0,1,0,0,0,1,1,0,0,0,0,0,0,0,0,1,147298147,0.96,0,0,1,0
2065,Martisca,1391.0,,,0,,1.0,1.0,1,1,0,1,0,0,1,0,0,0,0,0,1,1,0,1,0,0,0,0,0,0,0,147341754,0.36,1,0,0,0
2066,Suellen,1391.0,,100%,0,,3.0,3.0,1,1,0,1,1,0,1,0,1,0,0,0,1,1,0,1,0,0,0,0,0,0,0,147390286,1.6500000000000001,1,0,1,0
2067,Joyce,1390.0,100%,94%,1,,1.0,1.0,1,1,0,1,1,1,1,0,1,0,0,0,1,1,0,1,0,0,0,0,0,1,0,147548570,2.42,1,0,0,0
2068,Jeff,1390.0,100%,100%,1,,1.0,1.0,1,1,0,0,0,0,1,0,0,0,0,0,1,1,0,1,0,0,0,0,0,0,1,147579610,2.36,1,0,0,0
2069,Georges,1389.0,100%,82%,1,,0.0,0.0,1,1,0,1,0,0,1,1,0,0,0,0,1,1,0,0,1,0,0,0,0,0,1,147672239,1.23,1,0,0,0
2070,Josh,1387.0,,,1,,1.0,1.0,1,0,0,1,0,0,0,0,0,0,0,0,0,1,0,1,0,0,0,0,0,0,0,147937367,0.97,1,0,0,0
2071,Lawaun,1387.0,,100%,1,,1.0,1.0,1,1,0,1,0,0,1,0,0,0,0,0,1,1,0,0,0,0,0,0,0,0,0,147982897,1.37,1,0,0,0
2072,Elaine,1381.0,100%,100%,1,,1.0,1.0,1,1,0,1,0,0,1,0,0,0,0,0,1,1,0,1,0,0,0,0,0,0,1,148785524,1.4,1,0,0,0
2073,Justin,1379.0,98%,96%,1,Downtown,2.0,2.0,1,1,0,1,1,0,1,0,0,0,0,0,1,1,0,0,0,0,1,0,0,0,1,149105487,16.54,5,0,0,0
2074,Tyree/Paula,1377.0,100%,93%,0,,1.0,1.0,1,1,0,1,0,0,1,0,0,0,0,0,1,1,0,1,0,0,0,0,0,1,0,149456356,1.48,1,0,0,0
2075,Deborah & Greg,1376.0,100%,100%,1,,0.0,0.0,1,1,0,1,0,0,1,0,1,0,0,0,1,1,0,1,0,0,1,0,0,0,1,149498665,5.61,1,0,0,0
2076,Zandra,1376.0,100%,100%,0,,15.0,15.0,1,1,0,1,0,0,1,1,0,0,0,0,1,1,0,1,1,0,1,0,0,0,1,149604981,2.53,1,0,0,0
2077,Shameka,1375.0,90%,90%,0,Madison,2.0,2.0,1,1,0,1,0,0,1,0,0,0,0,0,1,1,0,0,0,0,0,0,0,0,1,149714113,1.14,1,0,0,0
2078,Nacona,1374.0,100%,99%,1,,0.0,0.0,1,1,0,1,0,0,1,0,1,0,0,0,1,1,0,0,0,0,0,0,0,0,1,149778985,4.77,1,0,0,0
2079,Zeke,1372.0,100%,100%,1,North Capitol,1.0,1.0,1,1,0,1,0,0,1,0,1,0,0,0,1,1,0,0,0,0,1,0,0,0,1,150116323,6.609999999999999,2,0,0,0
2080,Humberto,1372.0,100%,100%,1,,2.0,2.0,1,1,0,1,0,0,1,1,1,0,0,0,1,1,0,1,1,0,0,0,0,0,1,150179600,2.96,1,0,0,0
2081,Brock,1372.0,100%,85%,1,,2.0,2.0,1,1,0,1,0,0,1,1,1,0,0,0,1,1,0,1,1,0,0,0,0,0,1,150197381,1.54,1,0,0,0
2082,Jonathan,1371.0,94%,99%,1,Downtown,0.0,0.0,1,1,0,1,0,0,1,1,1,0,0,0,1,1,0,0,1,0,0,0,0,0,1,150248684,7.8100000000000005,2,0,0,0
2083,Lauren,1369.0,,,0,,1.0,1.0,1,1,0,0,0,0,1,1,0,0,0,0,1,1,0,0,1,0,0,0,0,0,0,150590399,0.04,1,0,0,0
2084,Jennifer,1366.0,100%,96%,1,,2.0,2.0,1,1,0,1,0,0,1,1,1,0,0,0,1,1,0,0,1,0,0,0,0,0,1,150990116,7.159999999999999,2,0,0,0
2085,Debbie,1365.0,100%,100%,1,Watkins Park,0.0,0.0,1,1,0,1,0,0,1,1,1,0,0,0,1,1,0,0,1,0,0,0,0,0,1,151080494,3.91,1,0,0,0
2086,David,1364.0,100%,95%,1,,2.0,2.0,1,1,0,1,1,0,1,1,1,0,0,0,1,1,0,0,1,0,0,0,0,0,1,151184920,4.0200000000000005,1,0,1,0
2087,Cassandra,1364.0,100%,94%,1,,1.0,1.0,1,1,0,1,0,0,1,0,0,0,0,0,1,1,0,0,0,0,0,0,0,0,1,151256318,1.06,0,0,1,0
2088,Clay & RyLee,1363.0,100%,88%,1,Madison,1.0,1.0,1,0,0,1,0,0,0,0,0,0,0,0,0,1,0,0,0,0,0,0,0,0,1,151369992,0.62,3,0,0,0
2089,Michael,1363.0,,100%,0,,1.0,1.0,1,1,0,1,0,0,1,1,0,0,0,0,1,1,0,1,1,0,0,0,0,0,0,151374571,1.19,1,0,0,0
2090,Cynthia,1360.0,100%,98%,1,,0.0,0.0,1,0,0,1,0,0,0,0,0,0,0,0,0,1,0,0,0,0,0,0,0,0,1,151787588,2.6,1,0,0,0
2091,Deborah,1360.0,,,0,,2.0,2.0,1,0,0,1,0,0,0,0,0,0,0,0,0,1,0,1,0,0,0,0,0,0,0,151824729,0.51,0,0,2,0
2092,Kevin,1356.0,88%,88%,0,,1.0,1.0,1,1,0,1,0,0,1,1,0,0,0,0,1,1,0,1,1,0,0,0,0,0,1,152397584,0.39,1,0,0,0
2093,Connell,1355.0,,100%,0,Talbot's Corner,0.0,0.0,1,1,0,0,0,0,1,0,0,0,0,0,1,1,0,0,0,0,0,0,0,0,0,152463639,0.0,0,0,1,0
2094,Yun,1351.0,,100%,0,Shelby Hills,1.0,1.0,1,0,0,1,0,0,0,0,0,0,0,0,0,1,0,1,0,0,0,0,0,0,0,152990279,0.39,1,0,0,0
2095,Camille,1350.0,100%,100%,1,,1.0,1.0,1,1,0,1,0,0,1,0,1,0,0,0,1,1,0,0,0,0,0,0,0,0,1,153176974,2.1,1,0,0,0
2096,Timothy,1344.0,,,0,,0.0,0.0,1,0,0,1,0,0,0,0,0,0,0,0,0,1,0,0,0,0,0,0,0,0,0,153902467,0.0,0,0,1,0
2097,Clark,1344.0,100%,99%,0,Green Hills,12.0,12.0,1,1,0,1,0,0,1,1,0,0,0,0,1,1,0,1,1,0,1,0,0,0,1,153919195,13.36,12,0,0,0
2098,Chris,1342.0,100%,100%,1,,1.0,1.0,1,0,0,1,0,0,0,0,0,0,0,0,0,1,0,0,0,0,0,0,0,0,1,154187612,3.24,1,0,0,0
2099,Aaron,1342.0,100%,100%,1,,1.0,1.0,1,1,0,1,0,0,1,1,1,0,0,0,1,1,0,1,1,0,0,0,0,1,0,154196480,2.54,1,0,0,0
2100,Shannon,1341.0,100%,100%,0,Rutledge Hill,0.0,0.0,1,1,0,1,0,0,1,0,0,0,0,0,1,1,0,0,0,0,0,0,0,0,1,154308525,0.55,1,0,0,0
2101,Tu,1341.0,100%,100%,1,,1.0,1.0,1,1,0,1,0,0,1,1,1,0,0,0,1,1,0,1,1,0,0,0,0,0,1,154326320,2.99,1,0,0,0
2102,Alexis,1341.0,57%,98%,0,,1.0,1.0,1,1,0,1,1,0,1,1,0,0,0,0,1,1,0,0,1,0,0,0,0,1,0,154341578,2.36,1,0,0,0
2103,Brenda,1340.0,,100%,0,,4.0,4.0,1,0,0,1,0,0,0,0,0,0,0,0,0,1,0,1,0,0,0,0,0,0,0,154497704,2.95,0,0,4,0
2104,Goly,1340.0,,100%,1,,1.0,1.0,1,1,0,1,0,0,1,0,0,0,0,0,1,1,0,0,0,0,0,0,0,0,0,154499736,0.94,1,0,0,0
2105,Lisa,1339.0,100%,96%,1,,2.0,2.0,1,1,0,1,0,0,1,1,0,0,0,0,1,1,0,0,1,0,0,0,0,0,1,154571895,0.0,1,0,0,0
2106,Jackie,1338.0,,100%,1,,1.0,1.0,1,1,0,0,0,0,1,0,0,0,0,0,1,1,0,1,0,0,0,0,0,0,0,154745340,0.65,1,0,0,0
2107,Carl,1336.0,100%,87%,1,,1.0,1.0,1,1,0,1,0,0,1,0,0,0,0,0,1,1,0,0,0,0,0,0,1,0,0,154971380,1.4,1,0,0,0
2108,Ethen,1336.0,100%,100%,1,,1.0,1.0,1,0,0,1,0,0,0,0,0,0,0,0,0,1,0,1,0,0,0,0,0,0,1,155018517,1.09,1,0,0,0
2109,LiveHouse,1332.0,,100%,0,,2.0,2.0,1,1,0,1,0,0,0,0,0,0,0,0,0,1,0,1,0,0,1,0,0,0,0,155631432,0.0,1,0,0,0
2110,Holly,1330.0,,100%,1,,1.0,1.0,1,1,0,1,0,1,1,0,1,0,0,0,1,1,0,1,0,0,1,0,0,0,0,155927859,2.3,1,0,0,0
2111,Ken,1330.0,100%,93%,1,,9.0,9.0,1,1,0,1,0,0,1,0,0,0,0,0,1,1,0,1,0,0,1,0,0,0,1,155974604,7.619999999999999,5,0,0,0
2112,RentNash,1329.0,100%,100%,0,,3.0,3.0,1,1,0,1,0,0,1,1,1,0,0,0,1,1,0,1,1,0,0,0,0,0,1,156110255,5.52,2,0,0,0
2113,Stephen,1324.0,100%,100%,1,,1.0,1.0,1,1,0,1,0,0,1,0,0,0,0,0,1,1,0,0,0,0,0,0,0,0,1,156638467,2.81,1,0,0,0
2114,James,1324.0,100%,100%,1,,2.0,2.0,1,0,0,1,0,0,0,0,0,0,0,0,0,1,0,0,0,0,0,0,0,0,1,156661147,1.79,1,0,0,0
2115,John,1322.0,,,0,Downtown,0.0,0.0,1,0,0,1,0,0,0,0,0,0,0,0,0,1,0,0,0,0,0,0,0,0,0,156916661,0.0,0,0,2,0
2116,Larry,1322.0,100%,88%,0,,2.0,2.0,1,0,0,1,0,0,0,0,0,0,0,0,0,1,0,0,0,0,0,0,0,0,1,156933849,0.36,2,0,0,0
2117,Steve,1321.0,100%,95%,1,,1.0,1.0,1,1,0,1,0,0,1,0,1,0,0,0,1,1,0,0,0,0,0,0,0,0,1,157014090,2.7,1,0,0,0
2118,Megan,1321.0,100%,100%,1,,1.0,1.0,1,1,0,1,0,0,1,1,1,0,0,0,1,1,0,1,1,0,1,0,0,0,1,157048707,3.61,1,0,0,0
2119,Donna,1321.0,,,0,,1.0,1.0,1,0,0,0,0,0,0,0,0,0,0,0,0,1,0,0,0,0,0,0,0,0,0,157062607,0.0,0,0,1,0
2120,Ron & Susan,1318.0,100%,99%,1,,10.0,10.0,1,1,0,1,0,0,1,1,1,0,0,0,1,1,0,1,1,0,1,0,0,0,1,157362828,14.81,7,0,0,0
2121,Case,1318.0,100%,100%,1,,1.0,1.0,1,1,0,1,0,0,1,1,1,0,0,0,1,1,0,0,1,0,0,0,0,0,1,157404281,0.76,1,0,0,0
2122,Bob,1318.0,100%,100%,1,,1.0,1.0,1,1,0,1,0,0,1,0,0,0,0,0,1,1,0,0,0,0,0,0,0,0,1,157429756,1.47,1,0,0,0
2123,Caleb,1313.0,,50%,1,,1.0,1.0,1,1,0,1,0,0,1,0,1,0,0,0,1,1,0,1,0,0,0,0,0,0,0,158115401,0.68,1,0,0,0
2124,Eric,1311.0,100%,100%,1,,2.0,2.0,1,1,0,1,0,0,1,0,0,0,0,0,1,1,0,0,0,0,0,0,0,0,1,158325263,0.39,2,0,0,0
2125,Mackenzie,1311.0,,71%,1,,1.0,1.0,1,1,0,1,0,1,1,0,0,0,0,0,1,1,0,0,0,0,0,0,0,0,0,158325539,0.99,1,0,0,0
2126,Kevin,1309.0,100%,100%,1,,1.0,1.0,1,1,0,1,0,1,1,0,1,0,0,0,1,1,0,1,0,0,1,0,0,0,1,158572291,4.78,1,0,0,0
2127,Guy And Itay,1309.0,100%,98%,1,Chestnut Hill,31.0,31.0,1,0,0,1,0,0,0,0,0,0,0,0,0,1,0,1,0,0,0,0,0,0,1,158629193,7.949999999999999,15,0,0,0
2128,James,1307.0,100%,97%,1,,4.0,4.0,1,0,0,0,0,0,0,0,0,0,0,0,0,1,0,0,0,0,0,0,0,0,1,158858735,1.88,1,0,0,0
2129,Ken,1306.0,100%,99%,1,,1.0,1.0,1,1,0,1,0,0,1,0,0,0,0,0,1,1,0,0,0,0,0,0,0,0,1,158915794,3.45,1,0,0,0
2130,Ed,1304.0,,,0,,1.0,1.0,1,0,0,1,0,0,0,0,0,0,0,0,0,1,0,0,0,0,0,0,0,0,0,159211040,0.0,1,0,0,0
2131,Nathan & Linda,1304.0,,,0,,1.0,1.0,1,1,0,1,0,0,1,1,1,0,0,0,1,1,0,0,1,0,0,0,0,0,0,159228422,0.06,1,0,0,0
2132,Regina,1303.0,,100%,0,,1.0,1.0,1,0,0,0,0,0,0,0,0,0,0,0,0,1,0,0,0,0,0,0,0,0,0,159348235,0.0,1,0,0,0
2133,Russell,1302.0,100%,100%,1,,2.0,2.0,1,1,0,1,0,0,1,0,0,0,0,0,1,1,0,0,0,0,0,0,0,0,1,159458654,4.29,1,0,0,0
2134,Kathlena,1300.0,100%,100%,1,,2.0,2.0,1,0,0,1,0,0,1,0,1,0,0,0,1,1,0,0,0,0,0,0,0,0,1,159734923,1.1300000000000001,3,0,0,0
2135,Maria,1297.0,100%,100%,1,,1.0,1.0,1,1,0,1,0,0,1,0,0,0,0,0,1,1,0,1,0,0,1,0,0,0,1,160100458,2.58,1,0,0,0
2136,Danielle,1296.0,100%,93%,1,,1.0,1.0,1,1,0,1,0,0,1,0,0,0,0,0,1,1,0,1,0,0,1,0,0,0,1,160208078,1.86,1,0,0,0
2137,Michael,1295.0,,,0,Antioch,1.0,1.0,0,1,0,1,0,0,1,0,0,0,0,0,1,1,0,0,0,0,0,0,0,0,0,160341142,0.17,0,0,1,0
2138,DeAnn,1295.0,98%,99%,1,,4.0,4.0,1,0,0,1,0,0,0,0,0,0,0,0,0,1,0,1,0,0,0,0,1,0,0,160355269,7.13,3,0,0,0
2139,Rick,1293.0,,100%,1,,1.0,1.0,1,1,0,1,0,0,1,0,1,0,0,0,1,1,0,1,0,0,0,0,0,0,0,160590417,3.45,0,0,1,0
2140,Andrew,1291.0,100%,97%,0,,2.0,2.0,1,1,0,1,0,0,1,1,1,0,0,0,1,1,0,1,1,0,0,0,1,0,0,160829551,2.01,2,0,0,0
2141,Alaina,1289.0,100%,100%,1,,1.0,1.0,1,1,0,1,0,0,1,0,1,0,0,0,1,1,0,1,0,0,0,0,0,0,1,161126349,3.46,1,0,0,0
2142,Wayne,1288.0,100%,92%,0,,3.0,3.0,1,1,0,1,0,0,1,0,1,0,0,0,1,1,0,0,0,0,0,0,0,0,1,161316384,0.72,3,0,0,0
2143,Dave,1287.0,100%,93%,1,,1.0,1.0,1,1,0,1,0,0,1,1,1,0,0,0,1,1,0,0,1,0,1,0,0,0,1,161489238,2.72,1,0,0,0
2144,Aimee,1286.0,,100%,0,,1.0,1.0,1,0,0,1,0,0,0,0,0,0,0,0,0,1,0,0,0,0,1,0,0,0,0,161635933,0.3,0,0,1,0
2145,Elizabeth,1285.0,100%,100%,1,,1.0,1.0,1,1,0,1,0,0,1,1,1,0,0,0,1,1,0,1,1,0,0,0,0,0,1,161721724,5.16,0,0,1,0
2146,Jeff,1285.0,,,0,,1.0,1.0,1,0,0,1,0,0,0,0,0,0,0,0,0,1,0,0,0,0,0,0,0,0,0,161734344,0.0,0,0,1,0
2147,Rob,1283.0,100%,75%,1,,1.0,1.0,1,0,0,1,0,0,0,0,0,0,0,0,0,1,0,0,0,0,0,0,0,0,1,162027946,0.45,0,0,1,0
2148,Kyle,1281.0,90%,100%,1,Talbot's Corner,0.0,0.0,1,1,0,1,0,0,1,0,1,0,0,0,1,1,0,0,0,0,0,0,0,0,1,162184098,2.74,1,0,0,0
2149,Nathan,1280.0,100%,91%,0,,0.0,0.0,1,0,0,1,0,0,0,0,0,0,0,0,0,1,0,1,0,0,0,0,0,0,1,162420292,1.62,1,0,0,0
2150,Pyle Properties,1278.0,100%,100%,1,Greenwood,1.0,1.0,1,1,0,1,0,0,1,0,1,0,0,0,1,1,0,1,0,0,0,0,0,0,1,162696567,3.04,2,0,0,0
2151,WIlliam,1278.0,,,0,,1.0,1.0,1,1,0,1,0,0,1,1,1,0,0,0,1,1,0,1,1,0,0,0,0,0,0,162699000,0.23,0,0,1,0
2152,Michelle,1275.0,100%,100%,0,,1.0,1.0,1,1,0,1,0,1,1,1,1,0,0,0,1,1,0,0,1,0,0,0,0,0,1,163005521,1.82,2,0,0,0
2153,Brent,1274.0,,,0,,1.0,1.0,1,1,0,1,0,0,1,0,0,0,0,0,1,1,0,0,0,0,0,0,0,0,0,163169478,0.0,1,0,0,0
2154,Caleb,1272.0,,100%,0,,1.0,1.0,1,1,0,1,0,0,1,1,1,0,0,0,1,1,0,0,1,0,0,0,0,0,0,163459327,2.54,0,0,1,0
2155,Local Rental Host,1270.0,,,0,,9.0,9.0,1,1,0,1,0,0,1,1,0,0,0,0,1,1,0,0,1,0,0,0,0,0,0,163720665,5.52,1,0,0,0
2156,Luxury,1270.0,50%,98%,0,Downtown,2.0,2.0,1,1,0,1,0,0,1,1,1,0,0,0,1,1,0,1,1,0,0,0,0,1,0,163739488,1.44,1,0,0,0
2157,Brooke,1266.0,100%,100%,1,,1.0,1.0,1,1,0,1,0,0,1,0,1,0,0,0,1,1,0,0,0,0,0,0,0,0,1,164277636,4.95,1,0,0,0
2158,Laura,1264.0,100%,100%,1,,1.0,1.0,1,1,0,1,0,0,1,0,0,0,0,0,1,1,0,0,0,0,0,0,0,0,1,164722056,1.55,1,0,0,0
2159,Sheryl,1262.0,95%,24%,0,Pennington Bend,16.0,16.0,1,0,0,1,0,0,0,0,0,0,0,0,0,1,0,0,0,0,0,0,0,0,1,165008812,0.0,0,0,2,0
2160,William,1262.0,100%,100%,1,,0.0,0.0,1,1,0,1,0,0,1,0,0,0,0,0,1,1,0,0,0,0,0,0,0,0,1,165013491,3.09,1,0,0,0
2161,Lindsey,1259.0,100%,94%,1,Donelson,1.0,1.0,1,0,0,1,0,0,1,0,1,0,0,0,1,1,0,0,0,0,0,0,0,0,1,165397037,6.130000000000001,2,0,0,0
2162,Shannon,1259.0,100%,84%,0,,0.0,0.0,1,0,0,0,0,0,0,0,0,0,0,0,0,1,0,0,0,0,0,0,0,1,0,165424182,0.74,1,0,0,0
2163,Irma,1259.0,100%,100%,1,,1.0,1.0,1,0,0,0,0,0,1,0,1,0,0,0,1,1,0,0,0,0,0,0,0,0,1,165464155,3.96,1,0,0,0
2164,Jonathan,1258.0,,,0,,2.0,2.0,1,1,0,1,0,0,1,1,1,0,0,0,1,1,0,1,1,0,0,0,0,0,0,165608670,7.069999999999999,2,0,0,0
2165,Yann,1257.0,100%,86%,0,Antioch,1.0,1.0,1,1,0,1,0,0,1,1,1,0,0,0,1,1,0,0,1,0,0,0,0,0,1,165735297,0.6,0,0,1,0
2166,Lucie,1257.0,40%,84%,0,,6.0,6.0,1,1,0,1,0,1,1,1,1,0,0,0,1,1,0,0,1,0,0,1,0,0,0,165924405,0.8,1,0,0,0
2167,Chrissy,1254.0,100%,99%,1,,0.0,0.0,1,1,0,1,0,0,1,0,0,0,0,0,1,1,0,0,1,0,0,0,0,0,1,166457472,6.65,1,0,0,0
2168,Yashica,1252.0,75%,91%,0,,2.0,2.0,1,0,0,1,0,0,0,0,0,0,0,0,0,1,0,1,0,0,0,0,0,0,1,166834050,3.55,2,0,0,0
2169,Vicki,1251.0,,100%,1,,1.0,1.0,1,0,0,0,0,0,0,0,0,0,0,0,0,1,0,0,0,0,0,0,0,0,0,167091590,2.24,1,0,0,0
2170,Cal & Steph,1249.0,100%,99%,1,,6.0,6.0,1,1,0,1,0,0,1,0,1,0,0,0,1,1,0,0,0,0,0,0,0,0,1,167417432,10.629999999999999,6,0,0,0
2171,Mackenzie,1249.0,100%,100%,1,,1.0,1.0,1,1,0,1,0,0,0,0,0,0,0,0,0,1,0,0,0,0,0,0,0,0,1,167421955,2.71,1,0,0,0
2172,Ashley,1249.0,100%,67%,0,Pennington Bend,0.0,0.0,1,1,0,1,0,0,1,0,1,0,0,0,1,1,0,0,0,0,0,0,0,0,1,167426074,0.0,0,0,1,0
2173,Gail & Derek,1247.0,,100%,1,,1.0,1.0,1,0,0,1,0,0,0,0,0,0,0,0,0,1,0,0,0,0,0,0,0,0,0,167714750,3.24,1,0,0,0
2174,Mark,1247.0,100%,99%,1,Lockeland Springs,0.0,0.0,1,0,0,1,0,0,0,0,0,0,0,0,0,1,0,0,0,0,0,0,0,0,1,167822237,3.72,1,0,0,0
2175,Emily,1244.0,100%,67%,0,,0.0,0.0,1,1,0,1,0,0,1,0,1,0,0,0,1,1,0,0,0,0,0,0,0,1,0,168377751,0.17,1,0,0,0
2176,Steve,1242.0,67%,50%,0,,1.0,1.0,1,1,0,1,0,0,1,1,0,0,0,0,1,1,0,0,1,0,0,0,0,1,0,168743921,1.05,1,0,0,0
2177,Holly,1239.0,,100%,1,,1.0,1.0,1,1,0,1,0,0,1,1,1,0,0,0,1,1,0,0,1,0,0,0,0,0,0,169279984,1.39,1,0,0,0
2178,Johnny,1239.0,100%,95%,1,,1.0,1.0,1,1,0,1,0,0,0,0,0,0,0,0,0,1,0,0,0,0,0,0,0,0,1,169284087,2.91,1,0,0,0
2179,Katie,1239.0,,,0,,1.0,1.0,1,0,0,1,0,0,0,0,0,0,0,0,0,1,0,0,0,0,0,0,0,0,0,169398278,1.37,1,0,0,0
2180,Wesley,1238.0,,,0,,1.0,1.0,1,0,0,1,0,0,0,0,0,0,0,0,0,1,0,0,0,0,0,0,0,0,0,169500434,0.0,0,0,1,0
2181,Sulaiman,1233.0,,,0,,1.0,1.0,1,1,0,1,0,0,1,1,1,0,0,0,1,1,0,0,1,0,0,0,0,0,0,170436708,0.79,0,0,1,0
2182,Mary,1230.0,100%,96%,1,,1.0,1.0,1,1,0,1,0,0,1,1,1,0,0,0,1,1,0,0,1,0,0,0,0,0,1,170961129,1.42,1,0,0,0
2183,Mercury,1229.0,100%,100%,1,Downtown,7.0,7.0,1,1,0,1,0,0,1,1,1,0,0,0,1,1,0,0,1,0,0,0,1,0,0,171176713,32.94,11,0,0,0
2184,Kathy And Mike,1226.0,100%,100%,1,,0.0,0.0,1,1,0,0,0,0,1,0,0,0,0,0,1,1,0,0,0,0,0,0,0,0,1,171673582,0.72,1,0,0,0
2185,Paul,1225.0,100%,99%,1,Jones/Buena Vista,1.0,1.0,1,0,0,1,0,0,0,0,0,0,0,0,0,1,0,0,0,0,0,0,0,0,1,171889707,2.17,1,0,0,0
2186,James,1222.0,100%,100%,1,,2.0,2.0,1,0,0,1,0,0,0,0,0,0,0,0,0,1,0,0,0,0,0,0,0,0,1,172390939,3.4,2,0,0,0
2187,Scott,1221.0,100%,100%,0,,1.0,1.0,1,0,0,1,0,0,0,0,0,0,0,0,0,1,0,0,0,0,0,0,0,1,0,172585934,1.03,1,0,0,0
2188,Rana,1217.0,100%,100%,1,,1.0,1.0,1,1,0,1,0,0,1,1,1,0,0,0,1,1,0,0,1,0,0,0,0,0,1,173232996,2.44,1,0,0,0
2189,Alexis,1216.0,100%,100%,0,Watkins Park,0.0,0.0,1,1,0,1,0,0,1,0,1,0,0,0,1,1,0,0,0,0,0,0,0,1,0,173402949,0.58,1,0,0,0
2190,Nicole,1215.0,,,0,,2.0,2.0,1,0,0,1,0,0,0,0,0,0,0,0,0,1,0,0,0,0,0,0,0,0,0,173454178,0.85,1,0,0,0
2191,Kurt,1215.0,100%,100%,1,Grandview Heights,0.0,0.0,1,0,0,1,0,0,0,0,0,0,0,0,0,1,0,0,0,0,0,0,0,0,1,173532078,12.809999999999999,2,0,0,0
2192,Rebecca,1215.0,90%,69%,0,East Nashville,0.0,0.0,1,1,0,1,0,0,1,1,1,0,0,0,1,1,0,0,1,0,0,0,1,0,0,173572803,0.49,3,0,0,0
2193,Verna,1213.0,,100%,0,,1.0,1.0,1,0,0,1,0,0,0,0,0,0,0,0,0,1,0,0,0,0,0,0,0,0,0,173866803,1.47,0,0,1,0
2194,Keller,1212.0,,,0,Harborview,0.0,0.0,1,0,0,1,0,0,0,0,0,0,0,0,0,1,0,0,0,0,0,0,0,0,0,174066000,0.0,0,0,1,0
2195,Jennifer,1211.0,100%,63%,0,,1.0,1.0,1,1,0,1,0,0,1,0,1,0,0,0,1,1,0,0,0,0,0,0,0,0,1,174257906,1.59,1,0,0,0
2196,Brad,1211.0,100%,100%,1,Sylvan Park,1.0,1.0,1,0,0,1,0,0,0,0,0,0,0,0,0,1,0,0,0,0,0,0,0,0,1,174285435,1.54,1,0,0,0
2197,Ronald,1210.0,83%,98%,1,,4.0,4.0,1,1,0,1,0,0,1,0,1,0,0,0,1,1,0,0,0,0,0,0,0,0,1,174441902,5.32,0,0,1,0
2198,Camelia,1210.0,100%,100%,1,,1.0,1.0,1,0,0,1,0,0,0,0,0,0,0,0,0,1,0,0,0,0,0,0,0,0,1,174468496,5.81,1,0,0,0
2199,Rosemary,1209.0,100%,100%,1,,1.0,1.0,1,1,0,1,0,0,1,0,1,0,0,0,1,1,0,0,0,0,0,0,0,0,1,174617230,1.58,0,0,1,0
2200,Martee,1209.0,100%,100%,1,,1.0,1.0,1,1,0,1,0,0,1,0,1,0,0,0,1,1,0,0,0,0,0,0,0,0,1,174657230,2.51,1,0,0,0
2201,Britney,1207.0,100%,97%,0,,6.0,6.0,1,1,0,1,0,0,1,0,0,0,0,0,1,1,0,0,1,0,0,0,0,0,1,174969407,2.87,2,0,0,0
2202,Randa,1204.0,,,0,,1.0,1.0,1,1,0,1,0,0,1,1,0,0,0,0,1,1,0,0,1,0,0,0,0,0,0,175453389,0.03,1,0,0,0
2203,Terry,1204.0,100%,98%,1,,1.0,1.0,1,1,0,1,0,0,1,0,0,0,0,0,1,1,0,0,0,0,0,0,0,0,1,175462044,3.14,1,0,0,0
2204,Jessica,1201.0,100%,100%,0,Downtown,0.0,0.0,1,1,0,1,0,0,1,1,1,0,0,0,1,1,0,0,1,0,0,0,0,0,1,176104934,0.0,1,0,0,0
2205,Kevin,1200.0,100%,93%,0,,1.0,1.0,1,0,0,1,0,0,0,0,0,0,0,0,0,1,0,0,0,0,1,0,0,1,0,176258056,1.35,1,0,0,0
2206,Reginald,1197.0,90%,92%,1,Antioch,0.0,0.0,1,1,0,1,0,0,1,0,0,0,0,0,1,1,0,0,0,0,1,0,0,0,1,176774408,1.98,1,0,0,0
2207,Gina,1197.0,88%,100%,1,,2.0,2.0,1,1,0,1,0,0,1,1,0,0,0,0,1,1,0,0,1,0,0,0,0,1,0,176784151,0.97,1,0,0,0
2208,Vicki,1196.0,100%,100%,1,,1.0,1.0,1,0,0,1,0,0,0,0,0,0,0,0,0,1,0,0,0,0,0,0,1,0,0,176951851,1.23,1,0,0,0
2209,Kym,1194.0,100%,77%,1,,1.0,1.0,1,0,0,1,0,0,0,0,0,0,0,0,0,1,0,0,0,0,0,0,0,0,1,177264210,1.62,1,0,0,0
2210,Wendy,1191.0,,,0,,1.0,1.0,1,1,0,0,0,0,1,1,1,0,0,0,1,1,0,0,1,0,0,0,0,0,0,177872125,0.08,1,0,0,0
2211,Leta,1190.0,100%,93%,1,,1.0,1.0,1,1,0,1,0,0,1,0,1,0,0,0,1,1,0,0,0,0,0,0,0,0,1,178128415,2.84,1,0,0,0
2212,Sonya,1190.0,100%,85%,1,,2.0,2.0,1,0,0,1,0,0,0,0,0,0,0,0,0,1,0,0,0,0,0,0,0,0,1,178130346,2.12,1,0,0,0
2213,Jackson,1189.0,,100%,0,,1.0,1.0,1,0,0,1,0,0,0,0,0,0,0,0,0,1,0,0,0,0,0,0,0,0,0,178200182,1.4,1,0,0,0
2214,Studio I,1189.0,100%,99%,0,,7.0,7.0,1,1,0,1,0,0,0,0,0,0,0,0,0,1,0,0,0,0,0,0,1,0,0,178293796,12.0,5,0,0,0
2215,Tanner,1187.0,100%,100%,1,,1.0,1.0,1,1,0,1,0,0,1,1,1,0,0,0,1,1,0,0,1,0,1,0,0,0,1,178711832,3.28,1,0,0,0
2216,Neal,1184.0,,79%,0,,1.0,1.0,1,1,0,1,0,0,1,0,1,0,0,0,1,1,0,0,0,0,0,0,0,0,0,179202623,2.17,1,0,0,0
2217,Kurt,1184.0,,100%,1,,1.0,1.0,1,1,0,1,0,0,1,0,0,0,0,0,1,1,0,0,0,0,0,0,0,0,0,179245312,3.87,1,0,0,0
2218,Carrie,1183.0,100%,100%,1,Melrose,6.0,6.0,1,1,0,1,0,0,1,1,0,0,0,0,1,1,0,0,1,0,1,0,0,0,1,179452506,11.92,6,0,0,0
2219,Alli,1182.0,100%,98%,1,,1.0,1.0,1,0,0,1,0,0,0,0,0,0,0,0,0,1,0,0,0,0,1,0,0,0,1,179541856,3.27,1,0,0,0
2220,Emmy,1181.0,100%,100%,1,Music Row,2.0,2.0,1,1,0,1,0,0,1,1,0,0,0,0,1,1,0,0,1,0,0,0,0,0,1,179811696,14.639999999999999,8,0,0,0
2221,Jill,1180.0,100%,100%,1,,1.0,1.0,1,1,0,1,0,0,1,0,1,0,0,0,1,1,0,0,0,0,0,0,1,0,0,179995689,0.5,1,0,0,0
2222,Steph,1179.0,,100%,1,,1.0,1.0,1,1,0,1,0,0,0,0,0,0,0,0,0,1,0,0,0,0,0,0,0,0,0,180188884,3.31,1,0,0,0
2223,Lisa,1179.0,100%,100%,1,,1.0,1.0,1,0,0,1,0,0,0,0,0,0,0,0,0,1,0,0,0,0,0,0,0,0,1,180227118,5.81,1,0,0,0
2224,Rafael,1177.0,100%,60%,0,,2.0,2.0,1,1,0,1,0,0,1,1,1,0,0,0,1,1,0,0,1,0,0,0,1,0,0,180402159,1.09,0,0,1,0
2225,RnR,1177.0,33%,100%,0,North Nashville,0.0,0.0,1,1,0,1,0,0,1,1,0,0,0,0,1,1,0,0,1,0,0,1,0,0,0,180459739,0.0,1,0,0,0
2226,Chris,1176.0,100%,100%,0,,2.0,2.0,1,0,0,1,0,0,0,0,0,0,0,0,0,1,0,0,0,0,0,0,0,0,1,180654542,2.74,0,0,1,0
2227,Patrick & Tiffany,1176.0,,100%,1,,1.0,1.0,1,1,0,1,0,1,1,0,1,0,0,0,1,1,0,0,0,0,0,0,0,0,0,180680956,0.94,1,0,0,0
2228,Adam,1176.0,,,0,,2.0,2.0,1,0,0,1,0,0,0,0,0,0,0,0,0,1,0,0,0,0,0,0,0,0,0,180795550,5.16,2,0,0,0
2229,Plushy,1173.0,100%,98%,0,North,55.0,55.0,1,1,0,1,0,0,1,1,1,0,0,0,1,1,0,0,1,0,0,0,0,0,1,181205324,3.6,1,0,0,0
2230,Mary Carolyn,1173.0,,,0,,1.0,1.0,1,0,0,1,0,0,0,0,0,0,0,0,0,1,0,0,0,0,0,0,0,0,0,181362244,0.96,1,0,0,0
2231,Mohammed,1173.0,100%,100%,0,North Nashville,1.0,1.0,1,1,0,1,0,0,1,0,1,0,0,0,1,1,0,0,0,0,0,0,0,0,1,181379929,0.0,1,0,0,0
2232,Rick,1172.0,100%,100%,1,,0.0,0.0,1,1,0,1,0,0,1,0,1,0,0,0,1,1,0,0,0,0,0,0,0,0,1,181506404,2.2800000000000002,2,0,0,0
2233,Alena,1169.0,,100%,0,,1.0,1.0,1,1,0,1,0,0,1,1,1,0,0,0,1,1,0,0,1,0,0,0,0,0,0,181925550,1.04,0,0,1,0
2234,David & Valeria,1167.0,,,0,Edgehill,0.0,0.0,1,0,0,1,0,0,0,0,0,0,0,0,0,1,0,0,0,0,0,0,0,0,0,182504296,0.09,2,0,0,0
2235,JonMichael,1166.0,73%,98%,0,,1.0,1.0,1,0,0,1,0,0,0,0,0,0,0,0,0,1,0,1,0,0,0,0,0,0,1,182603741,6.33,1,0,0,0
2236,Jill & Bud,1166.0,100%,100%,1,,1.0,1.0,1,1,0,1,0,0,1,0,1,0,0,0,1,1,0,0,0,0,1,0,0,0,1,182614761,3.8,1,0,0,0
2237,Hunter,1165.0,,,0,Midtown,2.0,2.0,1,0,0,1,0,0,0,0,0,0,0,0,0,1,0,0,0,0,0,0,0,0,0,182712720,4.02,1,0,0,0
2238,Mo,1164.0,100%,100%,1,,0.0,0.0,1,1,0,1,0,0,1,1,1,0,0,0,1,1,0,0,1,0,0,0,0,0,1,183007116,3.39,1,0,0,0
2239,Gavin,1163.0,100%,83%,1,,1.0,1.0,1,1,0,1,0,0,1,0,0,0,0,0,1,1,0,0,0,0,0,0,0,0,1,183129583,5.32,1,0,0,0
2240,Joe V.,1159.0,100%,93%,1,,2.0,2.0,1,0,0,1,0,0,0,0,0,0,0,0,0,1,0,0,0,0,0,0,1,0,0,183947941,2.75,1,0,1,0
2241,Angel,1158.0,45%,55%,0,Waikiki,52.0,52.0,1,1,0,1,0,0,1,1,1,0,0,0,1,1,0,0,1,0,0,1,0,0,0,184109308,0.38999999999999996,3,0,0,0
2242,John,1158.0,100%,100%,1,,1.0,1.0,1,0,0,0,0,0,0,0,0,0,0,0,0,1,0,0,0,0,1,0,0,0,1,184140863,1.22,1,0,0,0
2243,Gina,1156.0,88%,100%,0,,2.0,2.0,1,1,0,1,0,0,1,1,0,0,0,0,1,1,0,0,1,0,0,0,0,1,0,184455459,1.99,2,0,0,0
2244,Tyler And Jennifer,1154.0,100%,88%,1,Carmel Arts & Design District,2.0,2.0,1,1,0,1,0,0,1,1,0,0,0,0,1,1,0,0,1,0,0,0,0,0,1,184785078,2.92,1,0,0,0
2245,Inna,1152.0,100%,90%,0,Talbot's Corner,0.0,0.0,1,1,0,1,0,0,1,1,0,0,0,0,1,1,0,0,1,0,0,0,0,0,1,185192182,5.199999999999999,2,0,0,0
2246,Mark,1150.0,,97%,0,,1.0,1.0,1,1,0,1,0,0,1,0,0,0,0,0,1,1,0,0,1,0,0,0,0,0,0,185542066,2.02,1,0,0,0
2247,Ronda,1147.0,100%,98%,1,,1.0,1.0,1,0,0,1,0,0,0,0,0,0,0,0,0,1,0,0,0,0,0,0,0,0,1,186137146,4.02,1,0,0,0
2248,Zachary,1145.0,100%,100%,0,,1.0,1.0,1,1,0,1,0,0,1,0,1,0,0,0,1,1,0,0,0,0,1,0,0,0,1,186429871,3.24,1,0,0,0
2249,Kenneth,1144.0,100%,100%,1,,1.0,1.0,1,0,0,1,0,0,0,0,0,0,0,0,0,1,0,0,0,0,0,0,0,0,1,186594600,3.07,1,0,0,0
2250,Jun,1144.0,100%,100%,0,,2.0,2.0,1,1,0,1,0,0,1,1,1,0,0,0,1,1,0,0,1,0,0,0,0,0,1,186636107,1.08,1,0,0,0
2251,Kim,1143.0,100%,83%,0,,1.0,1.0,1,1,0,1,0,1,1,0,1,0,0,0,1,1,0,0,0,0,1,0,0,0,1,186810029,0.57,1,0,0,0
2252,Amy & Brandon,1142.0,100%,99%,1,East Nashville,1.0,1.0,1,1,0,1,0,0,1,0,0,0,0,0,1,1,0,0,0,0,0,0,0,0,1,186956479,2.0,1,0,0,0
2253,David,1142.0,100%,98%,1,,1.0,1.0,1,1,0,0,0,0,1,0,0,0,0,0,1,1,0,0,0,0,0,0,0,0,1,186984255,2.56,1,0,0,0
2254,Adrien,1142.0,100%,100%,1,,1.0,1.0,1,1,0,1,0,0,1,0,1,0,0,0,1,1,0,0,0,0,0,0,0,0,1,187018088,0.53,1,0,0,0
2255,Marilyn,1141.0,100%,100%,1,,1.0,1.0,1,0,0,1,0,0,0,0,0,0,0,0,0,1,0,0,0,0,0,0,0,0,1,187111613,3.1,0,0,1,0
2256,Dwell Nashville,1140.0,100%,98%,1,,2.0,2.0,1,1,0,1,0,0,1,0,0,0,0,0,1,1,0,0,0,0,0,0,1,0,0,187200206,5.79,2,0,0,0
2257,Danielle,1140.0,100%,100%,1,,0.0,0.0,1,1,0,1,0,0,1,0,1,0,0,0,1,1,0,0,0,0,0,0,0,0,1,187273998,1.57,1,0,0,0
2258,Bullet (Eric),1139.0,100%,100%,1,,1.0,1.0,1,1,0,1,0,0,1,0,1,0,0,0,1,1,0,0,0,0,0,0,0,0,1,187534247,0.0,0,0,1,0
2259,Tonya,1138.0,100%,100%,1,,1.0,1.0,1,1,0,1,0,1,1,0,0,0,0,0,1,1,0,0,0,0,0,0,0,0,1,187714011,2.77,1,0,0,0
2260,Michael,1137.0,,,1,,1.0,1.0,1,1,0,1,0,0,1,0,1,0,0,0,1,1,0,0,0,0,0,0,0,0,0,187884398,0.51,1,0,0,0
2261,Christina,1135.0,,89%,1,,2.0,2.0,1,0,0,1,0,0,0,0,0,0,0,0,0,1,0,0,0,0,1,0,0,0,0,188186558,3.07,1,0,1,0
2262,Michael,1134.0,87%,96%,1,Skyline Village,5.0,5.0,1,1,0,1,0,0,1,0,0,0,0,0,1,1,0,0,0,0,0,0,0,0,1,188342695,2.35,1,0,0,0
2263,Catherine,1134.0,100%,100%,0,,5.0,5.0,1,1,0,1,0,0,1,1,0,0,0,0,1,1,0,0,1,0,1,0,0,0,1,188361892,0.05,2,0,0,0
2264,Clark,1134.0,100%,77%,0,,0.0,0.0,1,0,0,1,0,0,0,0,0,0,0,0,0,1,0,0,0,0,0,0,0,1,0,188392752,0.45,1,0,0,0
2265,Graisy,1132.0,100%,100%,1,,1.0,1.0,1,1,0,1,0,0,1,0,0,0,0,0,1,1,0,0,0,0,0,0,1,0,0,188709318,3.27,1,0,0,0
2266,Emily,1129.0,0%,,0,Green Hills,0.0,0.0,1,1,0,1,0,0,1,0,0,0,0,0,1,1,0,0,0,0,0,1,0,0,0,189130328,0.0,1,0,0,0
2267,Lucia,1127.0,100%,100%,0,,1.0,1.0,0,0,0,1,0,0,0,0,0,0,0,0,0,1,0,0,0,0,0,0,1,0,0,189568441,0.25,1,0,0,0
2268,Matt,1127.0,100%,100%,1,East Nashville,1.0,1.0,1,1,0,1,0,0,1,0,0,0,0,0,1,1,0,0,0,0,0,0,0,0,1,189639715,2.55,2,0,0,0
2269,Emile,1127.0,100%,100%,0,,1.0,1.0,1,0,0,1,0,0,0,0,0,0,0,0,0,1,0,0,0,0,0,0,0,0,1,189642351,9.48,1,0,0,0
2270,Cindy,1126.0,100%,100%,1,,1.0,1.0,1,0,0,1,0,0,0,0,0,0,0,0,0,1,0,0,0,0,0,0,0,0,1,189705395,4.76,1,0,0,0
2271,James,1126.0,100%,99%,1,Downtown,25.0,25.0,1,0,0,1,0,0,0,0,0,0,0,0,0,1,0,0,0,0,0,0,1,0,0,189734742,0.0,3,0,0,0
2272,Dave,1126.0,89%,100%,0,,1.0,1.0,1,0,0,1,0,0,0,0,0,0,0,0,0,1,0,0,0,0,1,0,0,0,1,189736186,2.67,1,0,0,0
2273,Kate,1126.0,,,0,,1.0,1.0,1,0,0,1,0,0,0,0,0,0,0,0,0,1,0,0,0,0,0,0,0,0,0,189827978,0.0,0,0,1,0
2274,Elsie & Emma,1124.0,100%,97%,1,,2.0,2.0,1,1,0,1,0,0,0,0,0,0,0,0,0,1,0,0,0,0,0,0,0,0,1,190105349,4.37,2,0,0,0
2275,Dirk And Maria,1124.0,100%,94%,1,,1.0,1.0,1,1,0,1,0,0,0,0,0,0,0,0,0,1,0,0,0,0,0,0,0,0,1,190105433,8.75,3,0,0,0
2276,Alexa,1124.0,100%,95%,0,,1.0,1.0,1,1,0,1,0,0,1,1,0,0,0,0,1,1,0,0,1,0,0,0,1,0,0,190122002,2.53,1,0,0,0
2277,Toi,1123.0,100%,91%,1,,1.0,1.0,1,1,0,1,0,0,1,0,0,0,0,0,1,1,0,0,0,0,0,0,0,0,1,190291700,1.25,1,0,0,0
2278,Patricia,1123.0,100%,100%,1,,1.0,1.0,1,1,0,1,0,0,1,0,1,0,0,0,1,1,0,0,0,0,0,0,0,0,1,190299481,2.87,1,0,0,0
2279,Kelsey,1122.0,100%,98%,1,Downtown,1.0,1.0,1,1,0,1,0,0,1,0,0,0,0,0,1,1,0,0,0,0,0,0,1,0,0,190435028,4.84,1,0,0,0
2280,Sarah,1121.0,100%,50%,0,,1.0,1.0,1,1,0,1,0,0,1,0,1,0,0,0,1,1,0,0,0,0,0,0,1,0,0,190557026,0.21,1,0,0,0
2281,Amanda,1119.0,100%,98%,1,,2.0,2.0,1,1,0,1,0,0,1,0,1,0,0,0,1,1,0,0,0,0,0,0,0,0,1,191048339,3.95,1,0,1,0
2282,Annette,1118.0,100%,100%,1,,2.0,2.0,1,1,0,1,0,1,1,0,1,0,0,0,1,1,0,0,0,0,1,0,0,0,1,191183915,1.51,2,0,0,0
2283,Chris,1118.0,100%,100%,1,Chapel,1.0,1.0,1,1,0,1,0,1,1,1,0,0,0,0,1,1,0,0,1,0,0,0,0,0,1,191207217,2.26,1,0,0,0
2284,Jami,1116.0,100%,100%,1,,1.0,1.0,1,0,0,1,0,0,0,0,0,0,0,0,0,1,0,0,0,0,0,0,0,0,1,191541700,7.63,1,0,0,0
2285,Cathy,1116.0,100%,100%,1,,1.0,1.0,1,1,0,1,0,0,1,0,1,0,0,0,1,1,0,0,0,0,0,0,0,1,0,191545657,1.28,1,0,0,0
2286,Derrick And Michelle,1115.0,100%,100%,1,,1.0,1.0,1,1,0,1,0,0,1,0,1,0,0,0,1,1,0,0,0,0,0,0,0,0,1,191735572,3.13,0,0,1,0
2287,Mark,1114.0,,100%,1,,1.0,1.0,1,1,0,1,0,0,1,0,0,0,0,0,1,1,0,0,0,0,1,0,0,0,0,191979340,1.15,1,0,0,0
2288,Xavier,1109.0,,,0,,1.0,1.0,1,1,0,1,0,0,1,1,0,0,0,0,1,1,0,0,1,0,0,0,0,0,0,192920289,0.25,1,0,0,0
2289,Charles,1108.0,100%,95%,0,,0.0,0.0,1,1,0,1,0,0,1,0,1,0,0,0,1,1,0,0,0,0,0,0,1,0,0,193005488,2.35,1,0,0,0
2290,Maheq & Prashant,1108.0,100%,86%,1,,1.0,1.0,1,0,0,1,0,0,0,0,0,0,0,0,0,1,0,0,0,0,0,0,0,0,1,193064077,2.95,1,0,0,0
2291,Kelly,1107.0,100%,96%,1,,1.0,1.0,1,1,0,1,0,0,1,0,1,0,0,0,1,1,0,0,0,0,0,0,0,0,1,193314358,1.36,1,0,0,0
2292,Nick,1105.0,92%,90%,0,,4.0,4.0,1,1,0,1,0,0,1,1,0,0,0,0,1,1,0,1,1,0,0,0,0,0,1,193757773,2.6100000000000003,1,0,1,0
2293,Alvin,1104.0,0%,100%,1,,1.0,1.0,1,1,0,1,0,1,1,0,1,0,0,0,1,1,0,0,0,0,0,1,0,0,0,193915173,2.11,0,0,1,0
2294,Jamie,1104.0,0%,100%,0,,4.0,4.0,1,1,0,1,0,0,1,0,0,0,0,0,1,1,0,0,0,0,0,1,0,0,0,193981098,0.45999999999999996,4,0,0,0
2295,Macy,1104.0,100%,100%,0,Downtown,0.0,0.0,1,0,0,1,0,0,0,0,0,0,0,0,0,1,0,0,0,0,0,0,0,0,1,193992926,1.0,1,0,0,0
2296,Marshall,1103.0,100%,100%,0,,3.0,3.0,1,1,0,1,0,0,0,0,0,0,0,0,0,1,0,0,0,0,0,0,1,0,0,194128613,5.98,2,0,0,0
2297,Peggy,1100.0,,,0,,1.0,1.0,1,0,0,1,0,0,0,0,0,0,0,0,0,1,0,0,0,0,0,0,0,0,0,194667315,0.29,1,0,0,0
2298,Christian,1099.0,100%,99%,0,Table Rock,2712.0,2712.0,1,1,0,1,0,0,1,0,1,0,0,0,1,1,0,0,1,0,1,0,0,0,1,194953121,4.11,54,0,0,0
2299,Music City Hostel,1099.0,90%,99%,0,,6.0,6.0,1,1,0,1,0,0,1,1,1,0,0,0,1,1,0,0,1,0,0,0,0,0,1,194957401,7.4399999999999995,1,3,0,2
2300,David,1099.0,100%,98%,1,Downtown,1.0,1.0,1,1,0,0,0,0,1,0,0,0,0,0,1,1,0,0,0,0,0,0,0,0,1,195067213,4.49,1,0,0,0
2301,Omar,1098.0,,,0,Glengarry,1.0,1.0,1,0,0,1,0,0,0,0,0,0,0,0,0,1,0,0,0,0,0,0,0,0,0,195293434,0.0,1,0,0,0
2302,Keri,1094.0,100%,100%,1,Downtown,5.0,5.0,1,1,0,1,0,0,1,1,1,0,0,0,1,1,0,0,1,0,1,0,0,0,1,195981149,9.149999999999999,2,0,0,0
2303,Courtney,1093.0,100%,91%,1,,2.0,2.0,1,0,0,1,0,0,0,0,0,0,0,0,0,1,0,0,0,0,1,0,0,0,1,196143693,1.83,1,0,1,0
2304,Will,1091.0,100%,85%,1,,1.0,1.0,1,1,0,1,0,0,0,0,0,0,0,0,0,1,0,0,0,0,0,0,0,0,1,196593677,5.15,1,0,0,0
2305,Tina,1091.0,0%,,0,,0.0,0.0,1,0,0,0,0,0,0,0,0,0,0,0,0,1,0,0,0,0,0,1,0,0,0,196694494,0.0,1,0,0,0
2306,Josh And Liz,1090.0,100%,100%,1,,2.0,2.0,1,1,0,1,0,1,1,0,1,0,0,0,1,1,0,0,0,0,0,0,0,0,1,196779009,0.43,1,0,0,0
2307,Anna,1090.0,100%,100%,1,,1.0,1.0,1,1,0,1,0,0,1,0,0,0,0,0,1,1,0,0,0,0,1,0,0,0,1,196834964,1.71,1,0,0,0
2308,Bode,1089.0,100%,88%,0,Rutledge Hill,9.0,9.0,1,1,0,1,0,1,1,1,1,0,0,0,1,1,0,0,1,0,0,0,0,0,1,197082329,22.57,3,1,0,0
2309,Studio,1089.0,100%,93%,1,,1.0,1.0,1,1,0,1,0,0,1,1,0,0,0,0,1,1,0,0,1,0,0,0,0,0,1,197144624,3.76,1,0,0,0
2310,Allen And  Jennifer,1088.0,100%,99%,1,Melrose,1.0,1.0,1,1,0,1,0,0,1,0,0,0,0,0,1,1,0,0,0,0,0,0,0,0,1,197294636,10.149999999999999,2,0,0,0
2311,Kelsie,1085.0,,100%,1,,1.0,1.0,1,0,0,1,0,0,0,0,0,0,0,0,0,1,0,0,0,0,1,0,0,0,0,198013636,1.45,1,0,0,0
2312,Brad And Lisa,1081.0,100%,78%,1,,2.0,2.0,1,1,0,1,0,0,0,0,0,0,0,0,0,1,0,0,0,0,0,0,0,0,1,198875923,4.82,2,0,0,0
2313,Karen,1078.0,100%,100%,1,,1.0,1.0,1,1,0,0,0,0,1,0,0,0,0,0,1,1,0,0,0,0,0,0,0,0,1,199408442,0.21,1,0,0,0
2314,Joshua & Nicole,1075.0,100%,99%,1,Martin Luther King,1.0,1.0,1,1,0,1,0,0,1,0,0,0,0,0,1,1,0,0,0,0,0,0,1,0,0,200257566,0.24,1,0,0,0
2315,Kelli,1075.0,,,0,,1.0,1.0,1,0,0,0,0,0,0,0,0,0,0,0,0,1,0,0,0,0,0,0,0,0,0,200283542,0.0,1,0,0,0
2316,Jodi,1073.0,100%,38%,0,,4.0,4.0,1,1,0,0,0,0,1,0,0,0,0,0,1,1,0,0,0,0,0,0,1,0,0,200598228,0.43000000000000005,3,0,0,0
2317,Elissa,1072.0,100%,94%,1,,2.0,2.0,1,1,0,1,0,0,1,0,1,0,0,0,1,1,0,0,0,0,0,0,0,0,1,200867539,2.98,0,0,1,0
2318,Gail,1070.0,100%,100%,0,,2.0,2.0,1,1,0,1,0,0,1,1,1,0,0,0,1,1,0,0,1,0,0,0,0,0,1,201304408,1.6,1,0,1,0
2319,Noah Alexander,1068.0,100%,97%,1,,12.0,12.0,1,1,0,1,0,0,1,0,1,0,0,0,1,1,0,0,0,0,0,0,0,0,1,201817640,2.26,1,0,0,0
2320,Deb,1068.0,100%,71%,1,,1.0,1.0,1,1,0,1,0,0,1,0,0,0,0,0,1,1,0,0,0,0,0,0,0,0,1,201929123,2.06,1,0,0,0
2321,Erica,1067.0,,,0,,1.0,1.0,1,1,0,1,0,0,1,0,1,0,0,0,1,1,0,0,0,0,0,0,0,0,0,202082317,1.03,0,0,1,0
2322,John,1065.0,100%,100%,1,Hope Gardens,0.0,0.0,1,1,0,1,0,0,1,1,0,0,0,0,1,1,0,0,1,0,0,0,1,0,0,202435770,0.49,1,0,3,0
2323,John,1063.0,,100%,1,,2.0,2.0,1,1,0,1,0,0,1,0,1,0,0,0,1,1,0,0,0,0,0,0,0,0,0,203121079,1.78,1,0,0,0
2324,Emanyel,1062.0,100%,,0,Bellshire Terrace,1.0,1.0,1,0,0,1,0,0,0,0,0,0,0,0,0,1,0,0,0,0,0,0,1,0,0,203192872,0.0,1,0,0,0
2325,Albert,1060.0,100%,100%,0,,1.0,1.0,1,0,0,1,0,0,1,0,0,0,0,0,1,1,0,0,0,0,0,0,0,0,1,203687236,1.42,1,0,0,0
2326,Chris,1059.0,,92%,0,Downtown,3.0,3.0,1,1,0,1,0,0,1,0,1,0,0,0,1,1,0,0,0,0,1,0,0,0,0,204055952,1.27,1,0,1,0
2327,Hilary,1057.0,100%,100%,1,,2.0,2.0,1,1,0,1,0,0,1,0,0,0,0,0,1,1,0,0,0,0,0,0,0,0,1,204571824,2.85,2,0,0,0
2328,Scott,1056.0,100%,99%,1,Green Hills,2.0,2.0,1,1,0,1,0,1,1,1,1,0,0,0,1,1,0,0,1,0,1,0,0,0,1,204720960,7.96,2,0,0,0
2329,Debby,1056.0,,100%,1,,1.0,1.0,1,0,0,1,0,0,0,0,0,0,0,0,0,1,0,0,0,0,0,0,0,0,0,204794866,1.06,1,0,0,0
2330,Karen,1055.0,95%,97%,1,South Nashville,15.0,15.0,1,1,0,1,0,0,1,1,0,0,0,0,1,1,0,0,1,0,0,0,0,0,1,205078166,33.779999999999994,7,0,6,0
2331,Michael,1053.0,100%,100%,1,Rutledge Hill,0.0,0.0,1,1,0,1,0,0,1,1,1,0,0,0,1,1,0,0,1,0,0,0,0,0,1,205592313,7.25,2,0,0,0
2332,Mark,1053.0,98%,100%,1,Edgehill,5.0,5.0,1,1,0,1,0,0,1,1,1,0,0,0,1,1,0,0,1,0,0,0,0,0,1,205597402,25.189999999999998,6,0,0,0
2333,Jabe,1051.0,,,0,,1.0,1.0,1,0,0,1,0,0,0,0,0,0,0,0,0,1,0,0,0,0,0,0,0,0,0,205964414,0.42,1,0,0,0
2334,David,1050.0,,,0,,1.0,1.0,1,0,0,1,0,0,0,0,0,0,0,0,0,1,0,0,0,0,0,0,0,0,0,206176346,0.05,0,0,1,0
2335,Ben,1050.0,,,0,,1.0,1.0,1,1,0,1,0,0,1,0,0,0,0,0,1,1,0,0,0,0,0,0,0,0,0,206228269,2.01,1,0,0,0
2336,Phillip,1049.0,100%,98%,0,Highview Acres,0.0,0.0,1,1,0,1,0,0,1,0,0,0,0,0,1,1,0,0,0,0,0,0,0,0,1,206314133,4.29,1,0,0,0
2337,Annette,1049.0,,0%,0,,1.0,1.0,1,0,0,1,0,0,0,0,0,0,0,0,0,1,0,0,0,0,0,0,0,0,0,206465049,0.0,1,0,0,0
2338,DeRon,1047.0,100%,100%,1,Fisk/Meharry,3.0,3.0,1,0,0,1,0,0,0,0,0,0,0,0,0,1,0,0,0,0,0,0,0,0,1,206929251,10.97,10,0,0,0
2339,Dayle & Terry,1044.0,100%,100%,1,,0.0,0.0,1,0,0,1,0,0,0,0,0,0,0,0,0,1,0,0,0,0,0,0,0,0,1,207503996,3.4,1,0,0,0
2340,Jordan,1044.0,100%,97%,1,,1.0,1.0,1,1,0,1,0,0,1,0,0,0,0,0,1,1,0,0,0,0,0,0,0,0,1,207550233,3.83,1,0,0,0
2341,Diana,1043.0,100%,87%,1,,3.0,3.0,1,1,0,1,0,0,1,0,0,0,0,0,1,1,0,0,0,0,0,0,0,0,1,207669542,3.51,1,0,0,0
2342,Karen,1043.0,91%,97%,0,Radnor,0.0,0.0,1,1,0,1,0,0,1,1,0,0,0,0,1,1,0,0,1,0,0,0,0,0,1,207823137,1.9200000000000002,2,0,0,0
2343,Austin,1041.0,100%,96%,1,,2.0,2.0,1,1,0,1,0,0,1,0,0,0,0,0,1,1,0,0,0,0,0,0,0,0,1,208269163,3.36,1,0,0,0
2344,Tinsley,1040.0,100%,96%,1,East End,10.0,10.0,1,1,0,1,0,0,1,1,1,0,0,0,1,1,0,0,1,0,1,0,0,0,1,208487379,2.8100000000000005,1,8,0,0
2345,Evan,1040.0,100%,95%,1,,1.0,1.0,1,0,0,1,0,0,0,0,0,0,0,0,0,1,0,0,0,0,0,0,1,0,0,208509587,2.81,1,0,0,0
2346,Holly & Tom,1039.0,100%,97%,1,,1.0,1.0,1,1,0,1,0,0,1,0,0,0,0,0,1,1,0,0,0,0,0,0,0,0,1,208707842,2.29,1,0,0,0
2347,Patricia,1036.0,100%,99%,1,,1.0,1.0,1,0,0,1,0,0,0,0,0,0,0,0,0,1,0,0,0,0,0,0,0,0,1,209250504,5.99,1,0,0,0
2348,Shayla,1035.0,,,0,Eastwood,0.0,0.0,1,0,0,1,0,0,0,0,0,0,0,0,0,1,0,0,0,0,1,0,0,0,0,209608937,0.0,0,0,1,0
2349,Michelle,1033.0,89%,43%,0,Hillsboro West End,1.0,1.0,1,1,0,1,0,0,1,0,0,0,0,0,1,1,0,0,0,0,0,0,0,0,1,209839953,0.13,2,0,0,0
2350,Zachary,1033.0,0%,90%,1,,2.0,2.0,1,1,0,1,0,0,1,0,0,0,0,0,1,1,0,0,0,0,0,1,0,0,0,209943063,3.9299999999999997,1,0,1,0
2351,Jennifer,1030.0,100%,100%,1,,3.0,3.0,1,0,0,1,0,0,0,0,0,0,0,0,0,1,0,0,0,0,0,0,0,0,1,210538243,0.72,0,0,3,0
2352,Chad,1030.0,,100%,1,,1.0,1.0,1,1,0,1,0,0,1,0,0,0,0,0,1,1,0,0,0,0,0,0,0,0,0,210612310,4.19,1,0,0,0
2353,Jonathan,1027.0,100%,100%,1,,0.0,0.0,1,0,0,1,0,0,0,0,0,0,0,0,0,1,0,0,0,0,0,0,0,0,1,211093183,13.57,0,0,1,0
2354,Tentrr,1027.0,75%,87%,0,Santa Cruz,364.0,364.0,1,1,0,0,0,0,1,0,0,0,0,0,1,1,0,0,0,0,0,0,1,0,0,211183368,0.31,1,0,0,0
2355,Studio 154 Luxury,1027.0,100%,100%,0,,16.0,16.0,1,1,0,1,0,0,0,0,0,0,0,0,0,1,0,0,0,0,0,0,0,0,1,211231188,2.9799999999999995,0,0,10,0
2356,John,1024.0,100%,100%,1,,1.0,1.0,1,1,0,1,0,0,1,1,0,0,0,0,1,1,0,0,1,0,0,0,0,0,1,211726625,5.82,1,0,0,0
2357,Jordan & Manny,1023.0,100%,96%,1,,1.0,1.0,1,0,0,1,0,0,0,0,0,0,0,0,0,1,0,0,0,0,0,0,0,0,1,211881448,3.97,1,0,0,0
2358,Dana,1022.0,,100%,1,,1.0,1.0,1,1,0,1,0,0,1,0,1,0,0,0,1,1,0,0,0,0,0,0,0,0,0,212031275,1.82,0,0,1,0
2359,Kim,1020.0,100%,96%,1,,1.0,1.0,1,0,0,1,0,0,0,0,0,0,0,0,0,1,0,0,0,0,0,0,0,0,1,212407889,2.3,1,0,0,0
2360,Shannon,1019.0,100%,97%,1,,1.0,1.0,1,1,0,1,0,0,1,0,0,0,0,0,1,1,0,0,0,0,0,0,0,0,1,212690684,2.17,1,0,0,0
2361,Tess,1019.0,,,0,,1.0,1.0,1,1,0,1,0,0,1,0,0,0,0,0,1,1,0,0,0,0,0,0,0,0,0,212690994,0.0,0,0,1,0
2362,Madeline,1018.0,,95%,1,,1.0,1.0,1,1,0,1,0,0,1,0,1,0,0,0,1,1,0,0,0,0,0,0,0,0,0,212876683,5.01,1,0,0,0
2363,Kendra,1012.0,,0%,1,,1.0,1.0,1,1,0,1,0,0,1,0,0,0,0,0,1,1,0,0,0,0,0,0,0,0,0,213945586,1.04,1,0,0,0
2364,Jasmine,1010.0,,,0,,1.0,1.0,1,0,0,1,0,0,0,0,0,0,0,0,0,1,0,0,0,0,0,0,0,0,0,214272002,0.0,0,0,1,0
2365,Nick & Vanda,1009.0,,,1,,1.0,1.0,1,0,0,1,0,0,0,0,0,0,0,0,0,1,0,0,0,0,0,0,0,0,0,214514100,0.83,1,0,0,0
2366,Blake,1008.0,100%,97%,0,,1.0,1.0,1,1,0,1,0,0,1,0,0,0,0,0,1,1,0,0,1,0,0,0,0,0,1,214687371,2.78,1,0,0,0
2367,Chad & Steph,1007.0,100%,96%,1,,1.0,1.0,1,1,0,1,0,0,0,0,0,0,0,0,0,1,0,0,0,0,0,0,0,0,1,214805611,1.73,1,0,0,0
2368,Andrew,1005.0,100%,67%,1,,1.0,1.0,1,1,0,1,0,0,1,0,0,0,0,0,1,1,0,0,0,0,0,0,1,0,0,215225712,0.94,1,0,0,0
2369,Angelique,1003.0,100%,100%,0,,1.0,1.0,1,1,0,1,0,0,1,0,1,0,0,0,1,1,0,0,0,0,1,0,1,0,0,215543884,0.72,1,0,0,0
2370,The Stewart,1001.0,100%,71%,1,,2.0,2.0,1,1,0,1,0,0,1,0,1,0,0,0,1,1,0,0,0,0,0,0,0,0,1,215906150,1.09,0,0,1,0
2371,Jacob And Rae,1000.0,100%,43%,1,,2.0,2.0,1,1,0,1,0,0,1,1,1,0,0,0,1,1,0,0,1,0,0,0,0,1,0,216118701,1.29,1,0,2,0
2372,Jo,1000.0,100%,96%,1,,1.0,1.0,1,1,0,1,0,0,1,0,0,0,0,0,1,1,0,0,0,0,0,0,0,0,1,216120469,1.91,1,0,0,0
2373,Valerie,999.0,100%,75%,1,,2.0,2.0,1,1,0,1,0,0,1,1,0,0,0,0,1,1,0,0,1,0,0,0,0,0,1,216275686,0.87,1,0,1,0
2374,Shelley,997.0,80%,100%,0,Eastwood,1.0,1.0,1,1,0,1,0,0,1,0,1,0,0,0,1,1,0,0,1,0,1,0,1,0,0,216648327,0.23,4,0,0,0
2375,Monica,996.0,100%,100%,1,Edgehill,0.0,0.0,1,1,0,1,0,0,1,0,0,0,0,0,1,1,0,0,0,0,0,0,0,0,1,216770834,1.96,1,0,0,0
2376,Mary & Willie,995.0,100%,84%,1,,1.0,1.0,1,1,0,1,0,0,0,0,0,0,0,0,0,1,0,0,0,0,0,0,0,0,1,216897354,2.91,1,0,0,0
2377,Kay,993.0,100%,100%,1,,2.0,2.0,1,0,0,1,0,0,0,0,0,0,0,0,0,1,0,0,0,0,1,0,0,0,1,217285315,1.62,0,0,1,0
2378,Randy + Diane,991.0,100%,99%,1,Germantown,3.0,3.0,1,1,0,1,0,0,1,1,0,0,0,0,1,1,0,0,1,0,0,0,0,0,1,217521865,16.0,3,0,0,0
2379,A,990.0,0%,92%,0,North Capitol,1.0,1.0,1,0,0,0,0,0,0,0,0,0,0,0,0,1,0,0,0,0,0,1,0,0,0,217745572,0.6,1,0,0,0
2380,Reggie And Lisa,986.0,100%,60%,1,,1.0,1.0,1,1,0,1,0,0,1,0,0,0,0,0,1,1,0,0,0,0,0,0,0,0,1,218423730,0.63,1,0,0,0
2381,Anna Kate,985.0,100%,100%,1,,3.0,3.0,1,0,0,1,0,0,0,0,0,0,0,0,0,1,0,0,0,0,1,0,0,0,1,218518562,3.55,2,0,0,0
2382,Wallace & Karen,979.0,100%,93%,1,,1.0,1.0,1,1,0,1,0,0,1,1,0,0,0,0,1,1,0,0,1,0,0,0,0,0,1,219757183,1.38,1,0,0,0
2383,Juan,977.0,,,0,,3.0,3.0,1,1,0,1,0,0,1,1,0,0,0,0,1,1,0,0,1,0,0,0,0,0,0,220130277,0.17,2,0,1,0
2384,Katie,973.0,14%,80%,1,,1.0,1.0,1,0,0,1,0,0,0,0,0,0,0,0,0,1,0,0,0,0,0,1,0,0,0,220745216,1.4,1,0,0,0
2385,Julian & Nadia,972.0,100%,99%,1,City Center,5.0,5.0,1,1,0,1,0,1,1,0,0,0,0,0,1,1,1,0,0,0,0,0,0,0,1,220961530,5.96,2,0,0,0
2386,David,972.0,100%,67%,0,Whitebridge,0.0,0.0,1,0,0,1,0,0,0,0,0,0,0,0,0,1,0,0,0,0,0,0,0,0,1,221043257,0.0,1,0,0,0
2387,Chad,971.0,,100%,1,,2.0,2.0,1,1,0,0,0,0,1,1,0,0,0,0,1,1,0,0,1,0,0,0,0,0,0,221074792,0.55,1,0,1,0
2388,Lori,968.0,100%,98%,1,,1.0,1.0,1,1,0,1,0,0,1,1,1,0,0,0,1,1,0,0,1,0,0,0,0,0,1,221702926,1.81,1,0,0,0
2389,Derek,966.0,100%,84%,0,,1.0,1.0,1,1,0,0,0,0,1,1,0,0,0,0,1,1,0,0,1,0,0,0,1,0,0,222071889,4.35,1,0,0,0
2390,William,964.0,100%,98%,0,Haynes Area,4.0,4.0,1,1,0,1,0,0,0,0,0,0,0,0,0,1,0,0,0,0,0,0,0,0,1,222387855,3.75,2,0,1,0
2391,Music City,961.0,100%,92%,1,Keeling Avenue,3.0,3.0,1,1,0,1,0,0,1,1,0,0,0,0,1,1,0,0,1,0,1,0,0,0,1,222868443,0.5900000000000001,3,0,0,0
2392,Alyn,960.0,100%,100%,0,,1.0,1.0,1,1,0,1,0,0,1,0,0,0,0,0,1,1,0,0,0,0,0,0,0,0,1,223060203,2.93,1,0,0,0
2393,Belinda,960.0,100%,100%,1,,1.0,1.0,1,0,0,1,0,0,0,0,0,0,0,0,0,1,0,0,0,0,0,0,1,0,0,223060423,1.37,1,0,0,0
2394,Irena And Billy,958.0,100%,100%,1,FANG,0.0,0.0,1,0,0,1,0,0,0,0,0,0,0,0,0,1,0,0,0,0,0,0,0,0,1,223345462,5.449999999999999,3,0,0,0
2395,Brandon,956.0,,,0,,1.0,1.0,1,1,0,1,0,0,1,1,0,0,0,0,1,1,0,0,1,0,0,0,0,0,0,223589598,0.0,0,0,1,0
2396,Jeff,955.0,100%,100%,1,,1.0,1.0,1,0,0,1,0,0,0,0,0,0,0,0,0,1,0,0,0,0,0,0,0,0,1,223871319,1.04,1,0,0,0
2397,Chris,952.0,100%,100%,0,,1.0,1.0,1,1,0,1,0,0,1,0,0,0,0,0,1,1,0,0,0,0,0,0,0,0,1,224266336,2.63,1,0,0,0
2398,Wen / Ting,950.0,100%,100%,0,,1.0,1.0,1,1,0,1,0,0,1,1,0,0,0,0,1,1,0,0,1,0,0,0,0,0,1,224728074,2.04,1,0,0,0
2399,Leslie,949.0,100%,97%,1,,2.0,2.0,1,0,0,1,0,0,0,0,0,0,0,0,0,1,0,0,0,0,1,0,0,0,1,224824154,12.690000000000001,3,0,0,0
2400,Sonder (Nashville),949.0,100%,98%,1,Downtown,22.0,22.0,1,1,0,1,0,0,0,0,0,0,0,0,0,1,0,0,0,0,0,0,0,0,1,224851351,52.989999999999995,20,0,3,0
2401,Kimberly,948.0,,100%,0,,1.0,1.0,1,1,0,1,0,0,1,0,0,0,0,0,1,1,0,0,0,0,1,0,0,0,0,224965566,0.85,1,0,0,0
2402,Alan,944.0,97%,82%,1,Waikiki,1.0,1.0,1,1,0,1,0,0,1,0,0,0,0,0,1,1,0,0,0,0,0,0,0,1,0,225597185,0.66,2,0,0,0
2403,Ron,943.0,100%,100%,0,,1.0,1.0,1,0,0,1,0,0,0,0,0,0,0,0,0,1,0,0,0,0,0,0,1,0,0,225787246,1.02,1,0,0,0
2404,Luis + Crystal,942.0,100%,100%,1,Downtown,3.0,3.0,1,1,0,0,0,0,1,1,0,0,0,0,1,1,0,0,1,0,0,0,0,0,1,225949486,61.18,10,0,0,0
2405,LaToya,942.0,97%,98%,1,Downtown,2.0,2.0,1,1,0,1,0,0,1,0,0,0,0,0,1,1,0,0,0,0,0,0,0,0,1,225986260,5.4,2,0,0,0
2406,Jiadai,940.0,0%,33%,0,Midtown,1.0,1.0,1,1,0,1,0,0,1,1,0,0,0,0,1,1,0,0,1,0,0,1,0,0,0,226189844,0.0,1,0,0,0
2407,Rebecca,937.0,100%,100%,1,,1.0,1.0,1,0,0,1,0,0,0,0,0,0,0,0,0,1,0,0,0,0,0,0,0,0,1,226730789,3.18,1,0,0,0
2408,Katherine,936.0,100%,100%,0,Downtown,15.0,15.0,1,1,0,1,0,0,1,0,0,0,0,0,1,1,0,0,0,0,0,0,0,0,1,226768276,45.97,11,0,0,0
2409,Ali & Tommy,936.0,100%,97%,1,,2.0,2.0,1,1,0,1,0,0,1,1,0,0,0,0,1,1,0,0,1,0,0,0,0,0,1,226862198,1.86,1,0,0,0
2410,Jarman,936.0,100%,99%,1,,1.0,1.0,1,1,0,1,0,0,1,0,0,0,0,0,1,1,0,0,1,0,1,0,0,0,1,226892790,3.95,1,0,0,0
2411,Alexandra,931.0,,100%,0,,1.0,1.0,1,1,0,1,0,0,1,0,0,0,0,0,1,1,0,0,0,0,0,0,0,0,0,227658396,0.0,0,0,1,0
2412,Lizzy,927.0,,,0,,3.0,3.0,1,0,0,1,0,0,0,0,0,0,0,0,0,1,0,0,0,0,0,0,0,0,0,228378350,11.15,3,0,0,0
2413,Casey From West Home,927.0,100%,85%,1,,6.0,6.0,1,1,0,0,0,0,1,1,0,0,0,0,1,1,0,0,1,0,1,0,0,0,1,228383004,2.72,6,0,0,0
2414,Keyonna,927.0,100%,100%,0,,2.0,2.0,1,1,0,0,0,0,1,1,0,0,0,0,1,1,0,0,1,0,0,0,1,0,0,228418889,0.19,0,0,1,0
2415,Andrew,924.0,,94%,1,Downtown,0.0,0.0,1,1,0,1,0,0,1,1,1,0,0,0,1,1,0,0,1,0,1,0,0,0,0,228800815,1.22,1,0,0,0
2416,Marq,924.0,100%,100%,1,,2.0,2.0,1,0,0,1,0,0,0,0,0,0,0,0,0,1,0,0,0,0,0,0,0,0,1,228902807,5.65,2,0,0,0
2417,Laura,923.0,100%,100%,1,,1.0,1.0,1,0,0,0,0,0,0,0,0,0,0,0,0,1,0,0,0,0,0,0,0,0,1,228992690,1.56,0,0,1,0
2418,Amy,922.0,100%,100%,1,,1.0,1.0,1,1,0,1,0,0,1,0,0,0,0,0,1,1,0,0,0,0,0,0,0,0,1,229171323,2.44,1,0,0,0
2419,The 404 Hotel,921.0,,,0,,2.0,2.0,1,1,0,1,0,0,0,0,0,0,0,0,0,1,0,0,0,0,0,0,0,0,0,229458829,0.0,0,2,0,0
2420,John,919.0,100%,94%,1,,1.0,1.0,1,1,0,1,0,0,1,0,0,0,0,0,1,1,0,0,0,0,1,0,0,0,1,229702358,1.91,1,0,0,0
2421,Neil,919.0,100%,98%,1,,2.0,2.0,1,1,0,1,0,0,1,1,0,0,0,0,1,1,0,0,1,0,0,0,0,0,1,229724655,2.5100000000000002,2,0,0,0
2422,Erin,917.0,75%,100%,0,,5.0,5.0,1,0,0,0,0,0,0,0,0,0,0,0,0,1,0,0,0,0,0,0,1,0,0,230063142,17.810000000000002,5,0,0,0
2423,Caroline,916.0,100%,100%,1,Germantown,3.0,3.0,1,1,0,1,0,0,1,1,0,0,0,0,1,1,0,0,1,0,0,0,0,0,1,230226456,5.8100000000000005,3,0,0,0
2424,Amber,916.0,100%,100%,1,,2.0,2.0,1,1,0,1,0,0,1,0,0,0,0,0,1,1,0,0,0,0,0,0,1,0,0,230234667,1.41,1,0,0,0
2425,Kurt,915.0,100%,100%,0,,1.0,1.0,1,0,0,1,0,0,0,0,0,0,0,0,0,1,0,0,0,0,0,0,0,1,0,230403884,1.32,0,0,1,0
2426,Sina & Rob,914.0,82%,88%,0,,3.0,3.0,1,1,0,1,0,0,1,1,0,0,0,0,1,1,0,0,1,0,0,0,0,1,0,230490856,2.89,2,0,0,0
2427,Lala,913.0,100%,100%,1,,1.0,1.0,1,1,0,1,0,0,1,0,0,0,0,0,1,1,0,0,0,0,0,0,0,0,1,230685521,0.9,0,0,1,0
2428,Patrick,913.0,100%,99%,0,,2.0,2.0,1,1,0,1,0,0,1,1,0,0,0,0,1,1,0,0,1,0,0,0,0,0,1,230712143,5.8,1,0,0,0
2429,Charles,911.0,100%,100%,1,,1.0,1.0,1,1,0,1,0,0,1,0,0,0,0,0,1,1,0,0,0,0,0,0,0,0,1,231017254,0.79,1,0,0,0
2430,Amy,911.0,83%,91%,1,,1.0,1.0,1,1,0,1,0,0,1,0,0,0,0,0,1,1,0,0,0,0,0,0,0,0,1,231022534,2.41,1,0,0,0
2431,Lynn,909.0,100%,79%,1,Buckroe Beach,20.0,20.0,1,0,0,1,0,0,0,0,0,0,0,0,0,1,0,0,0,0,0,0,0,0,1,231273495,0.91,2,0,0,0
2432,Ivan & Liz,909.0,100%,85%,1,,1.0,1.0,1,1,0,1,0,0,1,1,0,0,0,0,1,1,0,0,1,0,0,0,0,0,1,231285662,2.43,1,0,0,0
2433,Marshall,909.0,100%,100%,1,,1.0,1.0,1,0,0,1,0,0,0,0,0,0,0,0,0,1,0,0,0,0,0,0,1,0,0,231332684,1.05,1,0,0,0
2434,India,907.0,100%,97%,0,,1.0,1.0,1,1,0,1,0,0,1,1,0,0,0,0,1,1,0,0,1,0,0,0,1,0,0,231602084,5.25,1,0,1,0
2435,Danielle,907.0,100%,100%,1,,1.0,1.0,1,0,0,1,0,0,0,0,0,0,0,0,0,1,0,0,0,0,0,0,0,0,1,231688310,2.08,1,0,0,0
2436,Liz,904.0,100%,100%,0,,1.0,1.0,1,0,0,1,0,0,0,0,0,0,0,0,0,1,0,0,0,0,0,0,0,0,1,232135684,0.84,1,0,0,0
2437,Rachel,903.0,,,0,,1.0,1.0,1,1,0,1,0,0,1,0,0,0,0,0,1,1,0,0,0,0,1,0,0,0,0,232182126,0.0,1,0,0,0
2438,Dawn,903.0,100%,0%,0,,3.0,3.0,1,1,0,1,0,0,1,0,0,0,0,0,1,1,0,0,0,0,0,0,0,1,0,232237589,0.04,0,0,0,1
2439,Jane,897.0,100%,94%,1,Bordeaux Area,1.0,1.0,1,1,0,1,0,0,1,0,0,0,0,0,1,1,0,0,0,0,0,0,0,0,1,233247918,6.12,2,0,0,0
2440,Richelle,897.0,84%,96%,1,Downtown,0.0,0.0,1,1,0,1,0,0,1,1,0,0,0,0,1,1,0,0,1,0,0,0,1,0,0,233365202,3.97,1,0,0,0
2441,Kirk And Caitlin,893.0,100%,100%,1,,1.0,1.0,1,0,0,1,0,0,0,0,0,0,0,0,0,1,0,0,0,0,0,0,0,0,1,234171433,6.21,1,0,0,0
2442,Chris,893.0,95%,44%,0,Downtown,242.0,242.0,1,1,0,1,0,0,1,1,0,0,0,0,1,1,0,0,1,0,0,0,1,0,0,234194182,3.1500000000000004,5,0,0,0
2443,Cameron,892.0,100%,25%,0,,2.0,2.0,1,0,0,1,0,0,0,0,0,0,0,0,0,1,0,0,0,0,0,0,0,1,0,234408202,0.0,1,0,0,0
2444,Jeff,892.0,100%,93%,1,,2.0,2.0,1,1,0,1,0,0,1,0,0,0,0,0,1,1,0,0,0,0,1,0,0,0,1,234419756,3.27,1,0,0,0
2445,Jon,891.0,,,0,,1.0,1.0,1,0,0,1,0,0,0,0,0,0,0,0,0,1,0,0,0,0,0,0,0,0,0,234624149,0.57,1,0,0,0
2446,Lonnie,890.0,100%,99%,1,,0.0,0.0,1,0,0,1,0,0,0,0,0,0,0,0,0,1,0,0,0,0,0,0,0,0,1,234849000,4.64,1,0,0,0
2447,Dionne,887.0,60%,83%,0,,3.0,3.0,1,1,0,1,0,0,1,0,0,0,0,0,1,1,0,0,0,0,0,0,0,1,0,235524733,2.02,2,0,0,0
2448,E,886.0,,,0,,1.0,1.0,1,0,0,1,0,0,0,0,0,0,0,0,0,1,0,0,0,0,0,0,0,0,0,235631715,0.05,1,0,0,0
2449,Brenda,886.0,,100%,1,,1.0,1.0,1,0,0,1,0,0,0,0,0,0,0,0,0,1,0,0,0,0,0,0,0,0,0,235685945,1.27,1,0,0,0
2450,Kathleen,884.0,100%,93%,1,,1.0,1.0,1,1,0,1,0,0,1,0,0,0,0,0,1,1,0,0,0,0,0,0,1,0,0,236061698,1.42,1,0,0,0
2451,Ann,882.0,100%,100%,1,,3.0,3.0,1,1,0,1,0,0,1,1,0,0,0,0,1,1,0,0,1,0,1,0,0,0,1,236626306,3.55,3,0,0,0
2452,Cully,882.0,100%,100%,1,North Nashville,0.0,0.0,1,1,0,1,0,0,1,0,0,0,0,0,1,1,0,0,0,0,0,0,0,0,1,236657857,8.13,1,0,0,0
2453,Cindy,882.0,100%,100%,0,East Nashville,0.0,0.0,1,1,0,1,0,0,1,0,0,0,0,0,1,1,0,0,0,0,0,0,1,0,0,236671284,0.6,1,0,0,0
2454,Matt,876.0,100%,96%,1,Downtown,0.0,0.0,1,0,0,1,0,0,0,0,0,0,0,0,0,1,0,0,0,0,0,0,0,0,1,237905240,3.66,1,0,0,0
2455,Patrick And Toni,875.0,100%,100%,1,,1.0,1.0,1,0,0,1,0,1,1,0,0,0,0,0,1,1,0,0,0,0,0,0,0,0,1,238083807,1.66,1,0,0,0
2456,Sathish,875.0,100%,98%,0,,1.0,1.0,1,1,0,1,0,0,1,1,0,0,0,0,1,1,0,0,1,0,0,0,0,0,1,238089280,1.89,1,0,0,0
2457,MaryBeth,875.0,,,0,,2.0,2.0,1,0,0,1,0,0,0,0,0,0,0,0,0,1,0,0,0,0,0,0,0,0,0,238116721,0.09,1,0,0,0
2458,Terence,875.0,100%,98%,0,Downtown,0.0,0.0,1,1,0,1,0,0,1,0,0,0,0,0,1,1,0,0,0,0,0,0,0,0,1,238124754,3.53,1,0,0,0
2459,Whitney,873.0,,,0,,1.0,1.0,1,1,0,1,0,0,1,0,0,0,0,0,1,1,0,0,0,0,0,0,0,0,0,238512584,0.3,1,0,0,0
2460,Miguel,870.0,100%,100%,1,,1.0,1.0,1,1,0,1,0,0,1,0,0,0,0,0,1,1,0,0,0,0,0,0,0,0,1,239114789,2.39,1,0,0,0
2461,Jeff And Linda,868.0,100%,100%,1,,1.0,1.0,1,0,0,1,0,0,0,0,0,0,0,0,0,1,0,0,0,0,0,0,0,0,1,239562157,2.28,1,0,0,0
2462,Robert,867.0,,,0,,1.0,1.0,1,0,0,0,0,0,0,0,0,0,0,0,0,1,0,0,0,0,0,0,0,0,0,239779458,0.0,1,0,0,0
2463,Tracey,867.0,,100%,1,Joelton,1.0,1.0,1,1,0,1,0,0,1,0,0,0,0,0,1,1,0,0,0,0,0,0,0,0,0,239861871,1.1,0,0,1,0
2464,Iris,864.0,100%,100%,0,,37.0,37.0,1,0,0,0,0,0,0,0,0,0,0,0,0,1,0,0,0,0,0,0,0,0,1,240473531,47.080000000000005,36,0,0,0
2465,Alex,864.0,67%,82%,1,,3.0,3.0,1,0,0,1,0,0,0,0,0,0,0,0,0,1,0,0,0,0,0,0,0,0,1,240489516,5.28,3,0,0,0
2466,Kiersten,860.0,,93%,1,Music Row,3.0,3.0,1,1,0,1,0,0,1,1,0,0,0,0,1,1,0,0,1,0,0,0,0,0,0,241290168,4.6899999999999995,3,0,0,0
2467,Laurie,859.0,100%,100%,1,,1.0,1.0,1,0,0,1,0,0,0,0,0,0,0,0,0,1,0,0,0,0,0,0,0,1,0,241481601,2.74,1,0,0,0
2468,Mayra,859.0,100%,100%,1,,2.0,2.0,1,0,0,1,0,0,0,0,0,0,0,0,0,1,0,0,0,0,0,0,0,0,1,241545136,2.65,3,0,0,0
2469,Jordyn,856.0,100%,100%,0,Hillbrook,1.0,1.0,1,1,0,1,0,0,1,0,0,0,0,0,1,1,0,0,0,0,0,0,0,0,1,242100109,1.93,1,0,0,0
2470,Pine St,856.0,100%,100%,0,,7.0,7.0,1,0,0,1,0,0,0,0,0,0,0,0,0,1,0,0,0,0,0,0,0,0,1,242127185,20.02,7,0,0,0
2471,Lauren,854.0,100%,100%,0,,0.0,0.0,1,0,0,1,0,0,0,0,0,0,0,0,0,1,0,0,0,0,0,0,0,0,1,242488169,0.55,1,0,0,0
2472,Chris,854.0,,,0,,42.0,42.0,1,1,0,1,0,0,1,1,0,0,0,0,1,1,0,0,1,0,0,0,0,0,0,242533208,2.14,1,0,0,0
2473,Hansa & Arjun,854.0,100%,90%,1,,1.0,1.0,1,0,0,1,0,0,0,0,0,0,0,0,0,1,0,0,0,0,0,0,0,0,1,242598496,15.83,2,0,0,0
2474,Phil & Paula,851.0,100%,97%,1,,1.0,1.0,1,1,0,1,0,0,1,1,1,0,0,0,1,1,0,0,1,0,0,0,0,0,1,243173210,3.95,1,0,0,0
2475,Pilcher Lofts,850.0,100%,98%,1,Downtown,0.0,0.0,1,1,0,1,0,0,1,1,0,0,0,0,1,1,0,0,1,0,0,0,1,0,0,243348880,5.890000000000001,3,0,0,0
2476,Andrew,846.0,50%,100%,0,,1.0,1.0,1,1,0,1,0,0,1,1,0,0,0,0,1,1,0,0,1,0,0,0,0,1,0,244158670,2.17,1,0,0,0
2477,Meg,845.0,100%,100%,1,,1.0,1.0,1,0,0,1,0,0,0,0,0,0,0,0,0,1,0,0,0,0,1,0,0,0,1,244416984,3.17,1,0,0,0
2478,Mimi,843.0,83%,100%,1,,1.0,1.0,1,0,0,1,0,0,0,0,0,0,0,0,0,1,0,0,0,0,0,0,0,0,1,244808945,0.79,1,0,0,0
2479,Debbie,842.0,,100%,1,,0.0,0.0,1,0,0,1,0,0,0,0,0,0,0,0,0,1,0,0,0,0,0,0,0,0,0,244931142,1.2,1,0,0,0
2480,Tori,839.0,,,0,,1.0,1.0,1,0,0,1,0,0,0,0,0,0,0,0,0,1,0,0,0,0,0,0,0,0,0,245580537,0.04,1,0,0,0
2481,Gabe,839.0,,,0,,1.0,1.0,1,0,0,1,0,0,0,0,0,0,0,0,0,1,0,0,0,0,0,0,0,0,0,245639683,0.0,1,0,0,0
2482,Lew,837.0,100%,100%,1,,2.0,2.0,1,0,0,0,0,0,0,0,0,0,0,0,0,1,0,0,0,0,1,0,0,0,1,246076050,3.61,0,0,1,0
2483,Michael,836.0,98%,82%,1,Downtown,65.0,65.0,1,0,0,1,0,0,0,0,0,0,0,0,0,1,0,0,0,0,1,0,1,0,0,246225955,1.58,4,0,0,0
2484,Angelica,836.0,100%,88%,1,Bellehaven,3.0,3.0,1,1,0,1,0,0,1,0,0,0,0,0,1,1,0,0,0,0,0,0,0,0,1,246264732,3.56,1,0,0,0
2485,Dana,836.0,100%,100%,1,,1.0,1.0,1,0,0,0,0,0,0,0,0,0,0,0,0,1,0,0,0,0,0,0,0,0,1,246289246,1.03,1,0,0,0
2486,Alexis N,833.0,100%,99%,1,Downtown,0.0,0.0,1,0,0,1,0,0,0,0,0,0,0,0,0,1,0,0,0,0,0,0,0,0,1,246802615,9.07,1,0,0,0
2487,Terry,830.0,,100%,0,,0.0,0.0,1,1,0,1,0,0,1,0,0,0,0,0,1,1,0,0,0,0,0,0,0,0,0,247429193,0.48,1,0,0,0
2488,Alexa + Alex,829.0,100%,100%,1,,1.0,1.0,1,0,0,1,0,1,0,0,0,0,0,0,0,1,0,0,0,0,0,0,0,0,1,247612418,2.69,2,0,0,0
2489,Andy,828.0,100%,99%,0,,1.0,1.0,1,1,0,0,0,0,1,0,0,0,0,0,1,1,0,0,0,0,0,0,0,0,1,247720679,3.2,1,0,0,0
2490,Mary And Jim,827.0,100%,100%,1,,1.0,1.0,1,0,0,1,0,0,0,0,0,0,0,0,0,1,0,0,0,0,0,0,0,0,1,248034280,1.84,1,0,0,0
2491,Josh,827.0,100%,98%,1,,2.0,2.0,1,1,0,1,0,1,1,0,0,0,0,0,1,1,0,0,0,0,0,0,0,0,1,248086830,4.21,1,0,0,0
2492,Matthew,823.0,100%,96%,1,Downtown,4.0,4.0,1,1,0,1,0,0,1,0,1,0,0,0,1,1,0,1,0,0,0,0,0,0,1,248800005,6.859999999999999,2,0,0,0
2493,Maddy,823.0,,,0,Whites Bend,1.0,1.0,1,1,0,1,0,0,1,1,0,0,0,0,1,1,0,0,1,0,0,0,0,0,0,248926201,0.0,1,0,0,0
2494,Dawn,821.0,,,0,,1.0,1.0,1,0,0,1,0,0,0,0,0,0,0,0,0,1,0,0,0,0,0,0,0,0,0,249227139,3.48,1,0,0,0
2495,Giselle,821.0,100%,99%,0,,2.0,2.0,1,1,0,1,0,0,1,0,0,0,0,0,1,1,0,0,0,0,0,0,0,0,1,249241413,8.690000000000001,2,0,0,0
2496,Leah,820.0,,,1,,1.0,1.0,1,0,0,1,0,0,0,0,0,0,0,0,0,1,0,0,0,0,0,0,0,0,0,249519539,0.64,1,0,0,0
2497,Grant,819.0,100%,98%,1,,0.0,0.0,1,1,0,1,0,0,1,0,0,0,0,0,1,1,0,0,0,0,1,0,0,0,1,249625914,2.78,1,0,0,0
2498,Stacie,818.0,100%,100%,1,,1.0,1.0,1,1,0,1,0,0,1,0,0,0,0,0,1,1,0,0,0,0,0,0,0,0,1,249908847,1.44,1,0,0,0
2499,Niko,818.0,,,0,,1.0,1.0,1,0,0,1,0,0,0,0,0,0,0,0,0,1,0,0,0,0,0,0,0,0,0,249964342,0.35,1,0,0,0
2500,Ashton,817.0,100%,98%,1,Downtown,5.0,5.0,1,0,0,1,0,0,0,0,0,0,0,0,0,1,0,0,0,0,0,0,0,0,1,250092634,11.01,2,0,0,0
2501,203,816.0,100%,67%,1,,6.0,6.0,1,1,0,0,0,0,1,1,0,0,0,0,1,1,0,0,1,0,0,0,0,0,1,250296629,1.29,6,0,0,0
2502,Rodney,816.0,,100%,1,,1.0,1.0,1,1,0,1,0,0,1,0,0,0,0,0,1,1,0,0,0,0,0,0,0,0,0,250364219,1.25,1,0,0,0
2503,Barry,814.0,100%,67%,1,,1.0,1.0,1,1,0,1,0,0,1,0,0,0,0,0,1,1,0,0,0,0,0,0,1,0,0,250749699,1.05,1,0,0,0
2504,Rhamey,813.0,100%,100%,0,Edgehill,0.0,0.0,1,1,0,1,0,0,1,0,0,0,0,0,1,1,0,0,0,0,1,0,0,0,1,250849109,1.8599999999999999,2,0,0,0
2505,John,813.0,100%,,0,Clearwater Beach,1.0,1.0,1,0,0,1,0,0,0,0,0,0,0,0,0,1,0,0,0,0,0,0,0,1,0,250949626,0.0,2,0,0,0
2506,Derek,811.0,,,0,,1.0,1.0,1,0,0,0,0,0,0,0,0,0,0,0,0,1,0,0,0,0,0,0,0,0,0,251386243,0.0,1,0,0,0
2507,Rachel,810.0,100%,96%,1,,1.0,1.0,1,0,0,1,0,0,0,0,0,0,0,0,0,1,0,0,0,0,0,0,0,0,1,251553209,1.3,1,0,0,0
2508,Sharon,810.0,100%,94%,1,,1.0,1.0,1,0,0,1,0,0,0,0,0,0,0,0,0,1,0,0,0,0,0,0,0,0,1,251636074,0.84,1,0,0,0
2509,Allison,809.0,67%,100%,1,,1.0,1.0,1,1,0,1,0,0,1,1,0,0,0,0,1,1,0,0,1,0,0,0,1,0,0,251786795,1.21,2,0,0,0
2510,Barrett,809.0,,33%,0,,1.0,1.0,1,0,0,1,0,0,0,0,0,0,0,0,0,1,0,0,0,0,0,0,0,0,0,251804646,0.48,2,0,0,0
2511,CeCe,809.0,100%,98%,0,,2.0,2.0,1,0,0,1,0,0,0,0,0,0,0,0,0,1,0,0,0,0,0,0,0,0,1,251837388,3.65,2,0,0,0
2512,Austin,806.0,,89%,1,,1.0,1.0,1,0,0,1,0,0,0,0,0,0,0,0,0,1,0,0,0,0,0,0,0,0,0,252380036,2.09,1,0,0,0
2513,Wes,806.0,0%,88%,1,,2.0,2.0,1,0,0,1,0,0,0,0,0,0,0,0,0,1,0,0,0,0,0,1,0,0,0,252416425,2.17,1,0,0,0
2514,Kemith,803.0,100%,88%,1,,1.0,1.0,1,0,0,1,0,0,0,0,0,0,0,0,0,1,0,0,0,0,1,0,0,0,1,252995201,2.27,2,0,0,0
2515,CeCe,803.0,86%,100%,0,Nashboro Woods,2.0,2.0,1,0,0,1,0,0,0,0,0,0,0,0,0,1,0,0,0,0,0,0,1,0,0,253081346,1.35,2,0,0,0
2516,Tj,803.0,,,0,,1.0,1.0,1,0,0,1,0,0,0,0,0,0,0,0,0,0,0,0,0,0,0,0,0,0,0,253108172,0.84,1,0,0,0
2517,Peggy T,803.0,,86%,1,,1.0,1.0,1,0,0,1,0,0,0,0,0,0,0,0,0,1,0,0,0,0,0,0,0,0,0,253119411,0.75,1,0,0,0
2518,Randy,802.0,100%,100%,0,,1.0,1.0,1,0,0,1,0,0,0,0,0,0,0,0,0,1,0,0,0,0,0,0,1,0,0,253206141,0.38,1,0,0,0
2519,William,802.0,,100%,0,,1.0,1.0,1,0,0,1,0,0,0,0,0,0,0,0,0,1,0,0,0,0,0,0,0,0,0,253336126,0.98,1,0,0,0
2520,Todd,799.0,100%,100%,1,,1.0,1.0,1,0,0,1,0,0,0,0,0,0,0,0,0,1,0,0,0,0,1,0,0,0,1,253888189,4.9,1,0,0,0
2521,Daniel,796.0,,,0,,2.0,2.0,1,1,0,1,0,0,1,1,0,0,0,0,1,1,0,0,1,0,0,0,0,0,0,254604007,0.18,1,0,0,0
2522,Franco,795.0,,,0,,1.0,1.0,1,1,0,1,0,0,1,1,0,0,0,0,1,1,0,0,1,0,0,0,0,0,0,255170843,0.54,1,0,0,0
2523,Anthony,795.0,,,0,Hadley/Washington,0.0,0.0,1,1,0,1,0,0,1,1,0,0,0,0,1,1,0,0,1,0,1,0,0,0,0,255248454,0.0,1,0,0,0
2524,Jess,794.0,100%,94%,1,,1.0,1.0,1,1,0,1,0,0,1,0,0,0,0,0,1,1,0,0,0,0,0,0,0,0,1,255365381,2.07,1,0,0,0
2525,Jeremy,793.0,100%,96%,1,,1.0,1.0,1,1,0,1,0,0,1,0,0,0,0,0,1,1,0,0,0,0,0,0,0,0,1,255613391,4.77,1,0,0,0
2526,LJ Rose,793.0,99%,95%,1,South Nashville,22.0,22.0,1,1,0,1,0,0,1,1,1,0,0,0,1,1,0,0,1,0,0,0,0,0,1,255636174,57.059999999999995,10,0,0,0
2527,Tarik,791.0,,,0,,1.0,1.0,1,0,0,1,0,0,0,0,0,0,0,0,0,1,0,0,0,0,0,0,0,0,0,256066285,0.05,1,0,0,0
2528,David & Julianne,789.0,0%,67%,1,,1.0,1.0,1,1,0,1,0,0,1,0,0,0,0,0,1,1,0,0,0,0,0,1,0,0,0,256524956,1.8,1,0,0,0
2529,Errine,788.0,,89%,0,,0.0,0.0,1,0,0,1,0,0,0,0,0,0,0,0,0,1,0,0,0,0,0,0,0,0,0,256655328,0.59,1,0,0,0
2530,Lawrence,788.0,,,0,,1.0,1.0,1,0,0,1,0,0,0,0,0,0,0,0,0,1,0,0,0,0,0,0,0,0,0,256677204,0.0,1,0,0,0
2531,Sean,786.0,,,0,,1.0,1.0,1,1,0,1,0,0,1,1,0,0,0,0,1,1,0,0,1,0,1,0,0,0,0,256919145,0.05,1,0,0,0
2532,Allen,786.0,100%,99%,0,Downtown,1.0,1.0,1,0,0,1,0,0,0,0,0,0,0,0,0,1,0,0,0,0,0,0,0,0,1,257072248,3.86,1,0,0,0
2533,Haven,786.0,100%,100%,1,Melrose,5.0,5.0,1,1,0,1,0,0,1,1,1,0,0,0,1,1,0,0,1,0,0,0,0,0,1,257075664,8.200000000000001,12,0,0,0
2534,Kristine,785.0,100%,91%,1,,1.0,1.0,1,1,0,1,0,0,1,1,0,0,0,0,1,1,0,0,1,0,0,0,0,0,1,257212214,2.89,1,0,0,0
2535,Joann,784.0,60%,100%,0,,1.0,1.0,1,0,0,1,0,0,0,0,0,0,0,0,0,1,0,0,0,0,0,0,0,1,0,257385503,0.18,1,0,0,0
2536,Darci,782.0,100%,100%,1,,1.0,1.0,1,0,0,1,0,0,0,0,0,0,0,0,0,1,0,0,0,0,0,0,0,0,1,257833440,3.61,1,0,0,0
2537,Elizabeth,781.0,,,0,,1.0,1.0,1,0,0,1,0,0,0,0,0,0,0,0,0,1,0,0,0,0,0,0,0,0,0,258004723,0.05,1,0,0,0
2538,Ash,781.0,100%,100%,1,,1.0,1.0,1,0,0,1,0,0,0,0,0,0,0,0,0,1,0,0,0,0,0,0,0,0,1,258048826,5.97,1,0,0,0
2539,Tom And Edie,779.0,100%,100%,1,,1.0,1.0,1,1,0,1,0,0,1,1,0,0,0,0,1,1,0,0,1,0,1,0,0,0,1,258369815,1.95,1,0,0,0
2540,Tori,776.0,100%,100%,0,Downtown,1.0,1.0,1,1,0,1,0,0,1,1,0,0,0,0,1,1,0,0,1,0,0,0,0,0,1,259009164,0.0,1,0,0,0
2541,Leslie,775.0,99%,91%,0,East Nashville,39.0,39.0,1,1,0,1,0,0,0,0,0,0,0,0,0,1,0,0,0,0,0,0,0,0,1,259203888,16.1,24,0,0,0
2542,Rodneysa,771.0,,0%,0,,1.0,1.0,1,1,0,1,0,0,1,1,0,0,0,0,1,1,0,0,1,0,0,0,0,0,0,260064082,0.09,1,0,0,0
2543,Erin,770.0,100%,100%,1,,2.0,2.0,1,0,0,1,0,0,0,0,0,0,0,0,0,1,0,0,0,0,0,0,0,0,1,260171247,1.77,1,0,0,0
2544,Sylvia,770.0,100%,100%,1,,1.0,1.0,1,0,0,1,0,0,0,0,0,0,0,0,0,1,0,0,0,0,0,0,0,0,1,260285625,1.09,1,0,0,0
2545,Sherry & Madelyn,769.0,100%,100%,1,,1.0,1.0,1,1,0,1,0,0,1,0,0,0,0,0,1,1,0,0,0,0,0,0,0,0,1,260438466,2.03,1,0,0,0
2546,Gayle,769.0,,97%,1,,1.0,1.0,1,0,0,1,0,0,0,0,0,0,0,0,0,1,0,0,0,0,0,0,0,0,0,260467530,2.21,1,0,0,0
2547,Kevin,767.0,100%,100%,1,Watkins Park,28.0,28.0,1,0,0,1,0,0,0,0,0,0,0,0,0,1,0,0,0,0,0,0,0,0,1,260899725,21.860000000000003,28,0,0,0
2548,Ren,766.0,,,1,,1.0,1.0,1,0,0,1,0,0,0,0,0,0,0,0,0,1,0,0,0,0,0,0,0,0,0,261086125,0.77,1,0,0,0
2549,Downtown Sporting Club,763.0,60%,94%,1,,7.0,7.0,1,1,0,1,0,0,1,1,0,0,0,0,1,1,0,0,1,0,0,0,0,1,0,261536842,6.540000000000001,0,14,0,0
2550,Torrey,763.0,100%,99%,1,Talbot's Corner,1.0,1.0,1,0,0,1,0,0,0,0,0,0,0,0,0,1,0,0,0,0,0,0,0,0,1,261597415,5.95,2,0,0,0
2551,Rebecca,763.0,0%,,0,,1.0,1.0,1,1,0,1,0,1,1,1,0,0,0,0,1,1,0,0,1,0,0,1,0,0,0,261624682,0.23,0,0,1,0
2552,Ryan,763.0,100%,100%,1,,1.0,1.0,1,1,0,1,0,0,1,0,0,0,0,0,1,1,0,0,0,0,0,0,0,0,1,261668931,2.75,2,0,0,0
2553,Amber,762.0,100%,99%,1,,2.0,2.0,1,0,0,1,0,0,0,0,0,0,0,0,0,1,0,0,0,0,0,0,0,0,1,261832524,10.89,2,0,0,0
2554,Andy,762.0,100%,97%,1,,1.0,1.0,1,0,0,1,0,0,0,0,0,0,0,0,0,1,0,0,0,0,0,0,0,0,1,261838552,2.18,1,0,0,0
2555,Sherrie,761.0,,100%,1,,2.0,2.0,1,1,0,1,0,0,1,0,0,0,0,0,1,1,0,0,0,0,1,0,0,0,0,262041288,1.64,0,0,1,0
2556,Karli,760.0,,100%,1,,1.0,1.0,1,0,0,0,0,0,0,0,0,0,0,0,0,1,0,0,0,0,0,0,0,0,0,262214343,0.76,1,0,0,0
2557,David,760.0,,,0,,1.0,1.0,1,1,0,1,0,0,1,0,0,0,0,0,1,1,0,0,0,0,0,0,0,0,0,262246914,0.05,1,0,0,0
2558,Lamont & Sharon,759.0,100%,89%,0,,0.0,0.0,1,1,0,1,0,0,1,0,0,0,0,0,1,1,0,0,0,0,1,0,1,0,0,262423932,0.4,1,0,0,0
2559,Geoff,757.0,100%,100%,1,12 South,0.0,0.0,1,0,0,1,0,0,0,0,0,0,0,0,0,1,0,0,0,0,0,0,0,0,1,262856184,4.57,1,0,0,0
2560,Sebastian,756.0,80%,92%,1,,1.0,1.0,1,1,0,1,0,0,1,1,0,0,0,0,1,1,0,0,1,0,0,0,1,0,0,262961559,3.94,1,0,0,0
2561,Wtf,755.0,100%,83%,0,Waikiki,146.0,146.0,1,1,0,1,0,0,0,0,0,0,0,0,0,1,0,0,0,0,0,0,0,0,1,263243483,1.1300000000000001,4,0,0,0
2562,Eboneé,755.0,,,1,,1.0,1.0,1,0,0,1,0,0,0,0,0,0,0,0,0,1,0,0,0,0,0,0,0,0,0,263252914,0.43,1,0,0,0
2563,Emily,755.0,,94%,1,,1.0,1.0,1,1,0,1,0,0,1,0,0,0,0,0,1,1,0,0,0,0,0,0,0,0,0,263267764,1.83,1,0,0,0
2564,FieldHouse,755.0,0%,100%,1,,8.0,8.0,1,1,0,1,0,0,0,0,0,0,0,0,0,1,0,0,0,0,0,1,0,0,0,263277659,1.7200000000000002,0,6,2,0
2565,Roxanne,754.0,100%,94%,1,Downtown,1.0,1.0,1,0,0,1,0,0,1,0,0,0,0,0,1,1,0,0,0,0,0,0,0,0,1,263448485,2.12,1,0,0,0
2566,Landing,754.0,94%,97%,0,Northeast,170.0,170.0,1,1,0,1,0,0,1,1,0,0,0,0,1,1,0,0,1,0,0,0,0,0,1,263502162,0.0,3,0,0,0
2567,Jonathan,753.0,100%,100%,1,,1.0,1.0,1,0,0,1,0,0,0,0,0,0,0,0,0,1,0,0,0,0,0,0,0,0,1,263709688,5.45,1,0,0,0
2568,Christy,752.0,,91%,1,,0.0,0.0,1,1,0,1,0,0,1,0,0,0,0,0,1,1,0,0,0,0,0,0,0,0,0,263860943,2.53,1,0,0,0
2569,Matthew,751.0,100%,97%,1,,3.0,3.0,1,1,0,1,0,0,1,0,0,0,0,0,1,1,0,0,0,0,1,0,0,0,1,264133538,11.46,3,0,0,0
2570,Ava,750.0,,,0,,1.0,1.0,1,0,0,1,0,0,0,0,0,0,0,0,0,1,0,0,0,0,0,0,0,0,0,264226740,0.0,0,0,1,0
2571,Shannon,748.0,100%,92%,1,,1.0,1.0,1,1,0,1,0,1,1,1,0,0,0,0,1,1,0,0,1,0,1,0,0,0,1,264769060,1.93,1,0,0,0
2572,Marshall,748.0,100%,100%,1,,1.0,1.0,1,0,0,1,0,0,0,0,0,0,0,0,0,1,0,0,0,0,0,0,0,0,1,264797516,2.0,1,0,0,0
2573,Jordan,747.0,,100%,0,,1.0,1.0,1,1,0,0,0,0,1,1,0,0,0,0,1,1,0,0,1,0,1,0,0,0,0,264973335,1.16,1,0,0,0
2574,Jimmy  & Vanessa,747.0,100%,62%,0,,1.0,1.0,1,0,0,0,0,0,1,0,0,0,0,0,1,1,0,0,0,0,0,0,0,0,1,264988758,1.8,1,0,0,0
2575,Dyer Management,747.0,100%,91%,0,Downtown,24.0,24.0,1,1,0,1,0,0,0,0,0,0,0,0,0,1,0,0,0,0,0,0,0,0,1,265031048,26.380000000000003,14,0,0,0
2576,Cincy,746.0,100%,100%,0,South Nashville,6.0,6.0,1,1,0,1,0,0,1,0,0,0,0,0,1,1,0,0,1,0,0,0,0,0,1,265086226,0.0,1,0,0,0
2577,Alexis,746.0,100%,96%,0,,4.0,4.0,1,1,0,0,0,0,0,0,0,0,0,0,0,1,0,0,0,0,0,0,0,0,1,265250326,1.2,0,4,0,0
2578,Adam,742.0,,,0,,1.0,1.0,1,1,0,1,0,0,1,0,0,0,0,0,1,1,0,0,0,0,0,0,0,0,0,265946792,1.98,1,0,0,0
2579,Extra Holidays®,742.0,100%,100%,0,,2.0,2.0,1,1,0,1,0,0,0,0,0,0,0,0,0,1,0,0,0,0,0,0,0,1,0,266083019,0.0,0,0,1,0
2580,Cassie,741.0,,,0,,1.0,1.0,1,0,0,1,0,0,0,0,0,0,0,0,0,1,0,0,0,0,0,0,0,0,0,266387068,0.0,1,0,0,0
2581,Surayyah,739.0,100%,100%,0,,1.0,1.0,1,0,0,1,0,0,0,0,0,0,0,0,0,1,0,0,0,0,0,0,0,0,1,266650195,0.94,1,0,0,0
2582,Matthew,739.0,100%,93%,1,,0.0,0.0,1,0,0,1,0,0,0,0,0,0,0,0,0,1,0,0,0,0,0,0,1,0,0,266788836,1.4,1,0,0,0
2583,Thomas,739.0,100%,100%,0,Antioch,0.0,0.0,1,1,0,1,0,0,1,0,0,0,0,0,1,1,0,0,0,0,0,0,0,0,1,266863810,0.44,0,0,2,0
2584,Hayes Street Hotel,734.0,100%,100%,0,,3.0,3.0,1,1,0,1,0,0,0,0,0,0,0,0,0,1,0,0,0,0,0,0,0,0,1,267911395,7.22,0,0,3,0
2585,Hotel Preston,734.0,100%,96%,0,,7.0,7.0,1,1,0,1,0,0,0,0,0,0,0,0,0,1,0,0,0,0,0,0,1,0,0,267913366,13.579999999999998,0,0,7,0
2586,Jason,733.0,99%,99%,0,North Capitol,12.0,12.0,1,1,0,1,0,0,1,0,0,0,0,0,1,1,0,0,0,0,0,0,0,0,1,268059540,13.160000000000002,10,0,1,0
2587,George,733.0,,100%,1,,1.0,1.0,1,1,0,1,0,0,1,1,0,0,0,0,1,1,0,0,1,0,0,0,0,0,0,268109104,2.34,1,0,0,0
2588,Tess,733.0,100%,95%,1,Watkins Park,2.0,2.0,1,0,0,1,0,0,0,0,0,0,0,0,0,1,0,0,0,0,0,0,0,0,1,268217034,5.73,2,0,0,0
2589,K.,732.0,,,0,,1.0,1.0,1,1,0,1,0,0,1,1,0,0,0,0,1,1,0,0,1,0,0,0,0,0,0,268324762,0.0,1,0,0,0
2590,Julie,731.0,100%,89%,1,,0.0,0.0,1,0,0,1,0,0,0,0,0,0,0,0,0,1,0,0,0,0,0,0,1,0,0,268558759,0.78,0,0,1,0
2591,Lance And Jessica,731.0,100%,100%,1,,1.0,1.0,1,1,0,1,0,0,1,0,0,0,0,0,1,1,0,0,0,0,0,0,0,1,0,268600027,0.2,1,0,0,0
2592,Warren,731.0,,,0,,2.0,2.0,1,1,0,1,0,0,1,0,0,0,0,0,1,1,0,0,0,0,0,0,0,0,0,268685553,0.77,2,0,0,0
2593,Ashley,726.0,100%,99%,1,Edgehill,1.0,1.0,1,1,0,1,0,0,1,1,0,0,0,0,1,1,0,0,1,0,0,0,0,0,1,269786762,3.29,2,0,0,0
2594,Lynn,726.0,100%,97%,1,Antioch,1.0,1.0,1,0,0,1,0,0,0,0,0,0,0,0,0,1,0,0,0,0,0,0,0,0,1,269825974,2.12,1,0,0,0
2595,Yohance,724.0,100%,98%,1,,0.0,0.0,1,1,0,1,0,0,1,1,0,0,0,0,1,1,0,0,1,0,0,0,0,0,1,270267112,0.97,1,0,0,0
2596,Beatriz,724.0,25%,64%,0,Antioch,2.0,2.0,1,1,0,0,0,0,1,0,0,0,0,0,1,1,0,0,1,0,0,1,0,0,0,270357413,1.9,0,0,1,0
2597,Rashaun,723.0,,80%,1,Talbot's Corner,0.0,0.0,1,1,0,0,0,0,1,1,0,0,0,0,1,1,0,0,1,0,0,0,0,0,0,270572290,0.95,1,0,0,0
2598,Betty,722.0,100%,100%,1,Antioch,1.0,1.0,1,1,0,1,0,0,1,0,0,0,0,0,1,1,0,0,0,0,0,0,0,0,1,270827120,2.14,0,0,1,0
2599,Christina,722.0,100%,98%,1,,0.0,0.0,1,0,0,1,0,0,0,0,0,0,0,0,0,1,0,0,0,0,0,0,0,0,1,270856469,3.15,1,0,0,0
2600,Mary,721.0,80%,92%,1,,1.0,1.0,1,1,0,1,0,0,1,0,0,0,0,0,1,1,0,0,0,0,0,0,0,0,1,271102902,6.06,1,0,0,0
2601,Stephanie,721.0,100%,96%,1,East Nashville,1.0,1.0,1,1,0,1,0,0,1,0,0,0,0,0,1,1,0,0,0,0,0,0,0,0,1,271145095,3.28,1,0,0,0
2602,Terry,719.0,100%,100%,1,Downtown,4.0,4.0,1,1,0,1,0,0,1,0,0,0,0,0,1,1,0,0,0,0,1,0,0,0,1,271538410,5.24,1,0,0,0
2603,Caroline,719.0,,,0,,1.0,1.0,1,1,0,1,0,0,1,0,0,0,0,0,1,1,0,0,0,0,0,0,0,0,0,271657969,3.28,1,0,0,0
2604,Marshall,717.0,100%,100%,0,Belmont/Hillsboro,0.0,0.0,1,0,0,1,0,0,0,0,0,0,0,0,0,1,0,0,0,0,0,0,0,1,0,272062943,2.27,2,0,0,0
2605,Cassia,717.0,100%,99%,0,Watkins Park,1.0,1.0,1,1,0,1,0,0,1,0,0,0,0,0,1,1,0,0,1,0,1,0,0,0,1,272108707,3.88,1,0,0,0
2606,Lauren,713.0,100%,100%,1,Downtown,2.0,2.0,1,0,0,1,0,0,0,0,0,0,0,0,0,1,0,0,0,0,0,0,0,0,1,273113274,1.9,1,0,0,0
2607,Breona,710.0,,,0,Perry Heights,1.0,1.0,1,1,0,1,0,0,1,0,0,0,0,0,1,1,0,0,0,0,0,0,0,0,0,273858740,0.0,0,0,1,0
2608,Kimberly & Amit,706.0,100%,91%,1,,2.0,2.0,1,1,0,1,0,0,1,1,0,0,0,0,1,1,0,0,1,0,0,0,1,0,0,274745775,5.57,2,0,0,0
2609,Jeff & Sonya,706.0,100%,93%,1,,0.0,0.0,1,1,0,1,0,0,1,1,0,0,0,0,1,1,0,0,1,0,0,0,0,0,1,274841360,3.11,1,0,0,0
2610,Jc,704.0,,100%,0,,0.0,0.0,1,0,0,1,0,0,0,0,0,0,0,0,0,1,0,0,0,0,0,0,0,0,0,275321960,0.27,1,0,0,0
2611,Vonda,704.0,100%,100%,1,,0.0,0.0,1,1,0,1,0,0,1,1,0,0,0,0,1,1,0,0,1,0,0,0,0,0,1,275411806,1.37,0,0,1,0
2612,Abdulmajeed,703.0,,,0,,0.0,0.0,1,0,0,0,0,0,0,0,0,0,0,0,0,1,0,0,0,0,0,0,0,0,0,275663872,0.0,0,0,1,0
2613,Steve,702.0,100%,98%,0,,0.0,0.0,1,1,0,1,0,0,1,0,0,0,0,0,1,1,0,0,0,0,0,0,0,0,1,275861028,7.57,1,0,0,0
2614,Music City Stays,699.0,95%,100%,0,,3.0,3.0,1,1,0,1,0,0,1,1,0,0,0,0,1,1,0,0,1,0,0,0,0,0,1,276707505,7.61,3,0,0,0
2615,Gabrielle,698.0,,,0,,2.0,2.0,1,1,0,1,0,0,1,0,0,0,0,0,1,1,0,0,0,0,0,0,0,0,0,276956945,2.22,1,0,0,0
2616,Wallace,697.0,,,0,,0.0,0.0,1,0,0,0,0,0,0,0,0,0,0,0,0,1,0,0,0,0,0,0,0,0,0,277205938,0.0,1,0,0,0
2617,A & P Properties,694.0,100%,97%,1,Downtown,2.0,2.0,1,0,0,1,0,0,0,0,0,0,0,0,0,1,0,0,0,0,0,0,0,0,1,277906494,9.55,2,0,0,0
2618,Cindy,691.0,,100%,1,,0.0,0.0,1,0,0,1,0,0,0,0,0,0,0,0,0,1,0,0,0,0,0,0,0,0,0,279000737,0.91,1,0,0,0
2619,Scott And Devin,690.0,100%,92%,1,,3.0,3.0,1,1,0,1,0,0,0,0,0,0,0,0,0,1,0,0,0,0,0,0,0,0,1,279200289,5.9,3,0,0,0
2620,Vince,688.0,0%,50%,0,Lower East Side,3.0,3.0,1,1,0,1,0,0,1,1,0,0,0,0,1,1,0,0,1,0,1,1,0,0,0,279612612,0.13,2,0,0,0
2621,Colin,688.0,100%,100%,1,Fountain Valley,1.0,1.0,1,1,0,1,0,0,1,1,0,0,0,0,1,1,0,0,1,0,0,0,0,0,1,279751998,4.15,1,0,0,0
2622,Ben,687.0,100%,98%,1,,0.0,0.0,1,1,0,1,0,0,1,0,1,0,0,0,1,1,0,0,0,0,1,0,0,0,1,280111229,6.65,1,0,0,0
2623,Heather,687.0,100%,100%,0,,0.0,0.0,1,0,0,1,0,0,0,0,0,0,0,0,0,1,0,0,0,0,0,0,0,0,1,280189136,3.97,1,0,0,0
2624,Dawn,686.0,,,0,,1.0,1.0,1,0,0,1,0,0,0,0,0,0,0,0,0,1,0,0,0,0,0,0,0,0,0,280422695,2.75,1,0,0,0
2625,Myles,685.0,,64%,0,,0.0,0.0,1,0,0,1,0,0,0,0,0,0,0,0,0,1,0,0,0,0,0,0,0,0,0,280669318,0.57,0,0,1,0
2626,Austin,683.0,,,0,,0.0,0.0,1,0,0,1,0,0,0,0,0,0,0,0,0,1,0,0,0,0,0,0,0,0,0,281514651,0.05,1,0,0,0
2627,Eric,682.0,100%,87%,1,,0.0,0.0,1,1,0,0,0,0,1,0,0,0,0,0,1,1,0,0,0,0,0,0,0,0,1,281804340,2.14,1,0,0,0
2628,Chris,680.0,,100%,1,,0.0,0.0,1,0,0,1,0,1,0,0,0,0,0,0,0,1,0,0,0,0,0,0,0,0,0,282622112,0.7,1,0,0,0
2629,Alysha,678.0,100%,98%,1,Downtown,6.0,6.0,1,1,0,1,0,0,1,0,0,0,0,0,1,1,0,0,0,0,0,0,0,0,1,283360819,8.16,4,0,0,0
2630,Elena,677.0,,100%,0,,0.0,0.0,1,1,0,1,0,0,1,1,0,0,0,0,1,0,0,0,1,0,0,0,0,0,0,283545046,0.31,1,0,0,0
2631,Asa,677.0,100%,83%,1,East Nashville,0.0,0.0,1,1,0,1,0,0,1,1,0,0,0,0,1,1,0,0,1,0,0,0,0,0,1,283729792,1.0,1,0,0,0
2632,Brenda,676.0,100%,100%,1,,1.0,1.0,1,0,0,0,0,0,0,0,0,0,0,0,0,1,0,0,0,0,0,0,0,0,1,284023946,0.89,1,0,0,0
2633,Steve,675.0,100%,95%,1,,1.0,1.0,1,0,0,1,0,0,0,0,0,0,0,0,0,1,0,0,0,0,0,0,0,0,1,284259286,1.2,0,0,1,0
2634,Fuzzie,673.0,100%,97%,1,,2.0,2.0,1,1,0,1,0,0,1,0,0,0,0,0,1,1,0,0,0,0,0,0,0,1,0,284766715,2.81,1,0,0,0
2635,Rebecca & Justin,673.0,100%,91%,1,,0.0,0.0,1,1,0,1,0,0,1,0,0,0,0,0,1,1,0,0,0,0,0,0,0,0,1,284851075,2.33,1,0,0,0
2636,John,670.0,100%,90%,1,,1.0,1.0,1,1,0,1,0,0,1,1,0,0,0,0,1,1,0,0,1,0,0,0,0,0,1,285705830,2.15,1,0,0,0
2637,Allie,670.0,100%,99%,1,,2.0,2.0,1,1,0,1,0,0,1,0,0,0,0,0,1,1,0,0,0,0,0,0,0,0,1,285748255,10.09,2,0,0,0
2638,Marlaina & Zach,669.0,100%,96%,1,,1.0,1.0,1,1,0,1,0,0,1,0,0,0,0,0,1,1,0,0,0,0,0,0,0,0,1,286159445,1.5,1,0,0,0
2639,Brandon,668.0,0%,,0,,0.0,0.0,1,1,0,1,0,0,1,0,0,0,0,0,1,1,0,0,0,0,0,1,0,0,0,286348084,0.23,1,0,0,0
2640,Adam,666.0,100%,100%,1,,1.0,1.0,1,0,0,1,0,0,0,0,0,0,0,0,0,1,0,0,0,0,0,0,0,0,1,286987629,1.12,1,0,0,0
2641,Ogiso,662.0,,100%,0,,2.0,2.0,1,0,0,1,0,0,0,0,0,0,0,0,0,1,0,0,0,0,0,0,0,0,0,288259536,0.23,1,0,0,0
2642,Momo,660.0,100%,88%,1,Talbot's Corner,5.0,5.0,1,0,0,1,0,0,0,0,0,0,0,0,0,1,0,0,0,0,0,0,0,0,1,288618851,1.7399999999999998,5,0,0,0
2643,Jacques,659.0,100%,0%,1,,0.0,0.0,1,1,0,1,0,0,1,1,0,0,0,0,1,1,0,0,1,0,0,0,1,0,0,288989875,1.28,1,0,0,0
2644,Kyle,656.0,82%,35%,0,Pennington Bend,5.0,5.0,1,1,0,1,0,0,1,1,0,0,0,0,1,1,0,0,1,0,0,0,0,1,0,289880729,0.0,1,0,0,0
2645,Allie,655.0,67%,87%,1,Downtown,1.0,1.0,1,1,0,1,0,0,1,0,0,0,0,0,1,1,0,0,0,0,1,0,0,0,1,290175416,2.37,1,0,0,0
2646,Lynn,654.0,100%,50%,0,,2.0,2.0,1,0,0,1,0,0,0,0,0,0,0,0,0,1,0,0,0,0,0,0,0,0,1,290283248,0.18,2,0,0,0
2647,Rebekah,654.0,83%,100%,0,Craigmeade,1.0,1.0,1,1,0,1,0,0,1,1,0,0,0,0,1,1,0,0,1,0,0,0,0,1,0,290370292,1.22,1,0,0,0
2648,Alicia,652.0,100%,40%,0,Downtown,1.0,1.0,1,0,0,1,0,0,0,0,0,0,0,0,0,1,0,0,0,0,0,0,0,0,1,290735680,0.0,0,0,1,0
2649,Valerie,651.0,,100%,0,,1.0,1.0,1,0,0,1,0,0,0,0,0,0,0,0,0,1,0,0,0,0,0,0,0,0,0,291090128,0.24,1,0,0,0
2650,Corbin,651.0,100%,95%,0,,2.0,2.0,1,0,0,1,0,0,0,0,0,0,0,0,0,1,0,0,0,0,0,0,0,0,1,291128427,2.97,1,0,0,0
2651,Derrick,648.0,100%,99%,1,,1.0,1.0,1,1,0,1,0,0,1,0,0,0,0,0,1,1,0,0,1,0,0,0,0,0,1,292184981,4.16,1,0,0,0
2652,Gwen,645.0,100%,100%,0,,3.0,3.0,1,0,0,1,0,0,0,0,0,0,0,0,0,1,0,0,0,0,0,0,1,0,0,293208494,0.0,2,0,0,0
2653,Mr. Nick,644.0,100%,100%,1,,1.0,1.0,1,1,0,0,0,0,1,1,0,0,0,0,1,1,0,0,1,0,0,0,0,0,1,293530741,2.28,1,0,0,0
2654,Aly,643.0,100%,100%,1,,0.0,0.0,1,0,0,0,0,0,0,0,0,0,0,0,0,1,0,0,0,0,0,0,0,0,1,293718433,1.47,1,0,0,0
2655,Rebecca,642.0,,,0,National Harbor,0.0,0.0,1,1,0,1,0,0,1,0,0,0,0,0,1,1,0,0,0,0,0,0,0,0,0,294165727,0.0,1,0,0,0
2656,Carla,641.0,100%,79%,1,,0.0,0.0,1,0,0,1,0,0,0,0,0,0,0,0,0,1,0,0,0,0,1,0,0,0,1,294421520,1.73,1,0,0,0
2657,Hosteeva Nashville,640.0,,92%,0,,55.0,55.0,1,1,0,1,0,0,1,1,0,0,0,0,1,1,0,0,1,0,0,0,0,0,0,294520959,33.459999999999994,55,0,0,0
2658,Oteli,640.0,100%,91%,1,Reynoldstown,4.0,4.0,1,1,0,1,0,0,1,0,0,0,0,0,1,1,0,0,1,0,0,0,0,0,1,294697224,0.18,2,0,0,0
2659,Rob,637.0,100%,100%,1,Downtown,2.0,2.0,1,1,0,1,0,0,1,1,0,0,0,0,1,1,0,0,1,0,0,0,0,0,1,295393280,3.75,2,0,0,0
2660,Ahmed,636.0,100%,100%,1,Bellevue,3.0,3.0,1,1,0,0,0,0,1,0,0,0,0,0,1,1,0,0,0,0,0,0,1,0,0,295928642,0.0,1,0,0,0
2661,Vivek,635.0,,100%,1,,1.0,1.0,1,0,0,1,0,0,0,0,0,0,0,0,0,1,0,0,0,0,0,0,0,0,0,296069806,0.91,1,0,0,0
2662,Amy,635.0,88%,98%,1,,2.0,2.0,1,1,0,1,0,0,1,1,0,0,0,0,1,1,0,0,1,0,0,0,1,0,0,296073712,1.53,1,0,0,0
2663,Pam & Jim,635.0,100%,100%,1,,1.0,1.0,1,1,0,1,0,0,1,1,0,0,0,0,1,1,0,0,1,0,0,0,0,0,1,296100213,2.24,1,0,0,0
2664,Patrick & Annie,629.0,100%,91%,1,Donelson,0.0,0.0,1,0,0,1,0,0,0,0,0,0,0,0,0,1,0,0,0,0,0,0,0,0,1,297619817,3.37,1,0,0,0
2665,Arrived,628.0,98%,92%,0,Talbot's Corner,17.0,17.0,1,1,0,1,0,0,1,1,0,0,0,0,1,1,0,0,1,0,0,0,0,0,1,297918554,13.190000000000001,15,0,0,0
2666,Haley,628.0,100%,97%,1,,0.0,0.0,1,0,0,1,0,0,0,0,0,0,0,0,0,1,0,0,0,0,0,0,0,0,1,297936066,4.6,1,0,0,0
2667,David,626.0,100%,98%,1,,0.0,0.0,0,0,0,1,0,0,0,0,0,0,0,0,0,1,0,0,0,0,0,0,0,0,1,298467095,1.9,1,0,0,0
2668,Erin,625.0,100%,98%,1,,0.0,0.0,1,0,0,1,0,0,0,0,0,0,0,0,0,1,0,0,0,0,0,0,0,0,1,298609786,3.45,1,0,0,0
2669,Bill,606.0,100%,100%,0,,0.0,0.0,1,0,0,1,0,0,0,0,0,0,0,0,0,1,0,0,0,0,0,0,0,0,1,302982628,0.0,1,0,0,0
2670,Andy,605.0,100%,93%,1,,1.0,1.0,1,0,0,1,0,0,0,0,0,0,0,0,0,1,0,0,0,0,0,0,0,0,1,303170208,2.4,1,0,0,0
2671,Ash,602.0,100%,96%,0,Historic District - North,50.0,50.0,1,1,0,1,0,0,1,0,1,0,0,0,1,1,0,0,0,0,0,0,0,0,1,303719667,0.0,0,0,1,0
2672,Danielle + Liz,602.0,100%,100%,1,,1.0,1.0,1,1,0,1,0,0,1,1,0,0,0,0,1,1,0,0,1,0,0,0,0,0,1,303755987,6.69,1,0,0,0
2673,Music City Vacation Homes,601.0,100%,95%,1,Chestnut Hill,0.0,0.0,1,0,0,1,0,0,1,0,0,0,0,0,1,1,0,0,0,0,1,0,0,0,1,303894881,16.9,27,0,0,0
2674,Mike,598.0,100%,100%,1,,0.0,0.0,1,0,0,1,0,0,0,0,0,0,0,0,0,1,0,0,0,0,0,0,0,0,1,304454977,2.98,1,0,0,0
2675,Baris,598.0,,,0,,1.0,1.0,1,0,0,0,0,0,1,0,0,0,0,0,1,1,0,0,0,0,0,0,0,0,0,304553672,0.13,1,0,0,0
2676,Marci,594.0,,,0,,0.0,0.0,1,0,0,1,0,0,0,0,0,0,0,0,0,1,0,0,0,0,1,0,0,0,0,305328441,0.0,1,0,0,0
2677,Tim,593.0,100%,86%,1,,0.0,0.0,1,0,0,1,0,0,0,0,0,0,0,0,0,1,0,0,0,0,0,0,0,1,0,305442108,0.75,0,0,1,0
2678,Music City Stays,593.0,99%,98%,0,North Capitol,11.0,11.0,1,1,0,1,0,0,1,0,0,0,0,0,1,1,0,0,1,0,0,0,0,0,1,305553634,28.349999999999998,5,0,0,0
2679,Becky,591.0,100%,95%,1,,0.0,0.0,1,1,0,0,0,0,0,0,0,0,0,0,0,1,0,0,0,0,0,0,0,0,1,306018765,3.69,1,0,0,0
2680,Marris,590.0,100%,100%,1,,0.0,0.0,1,1,0,1,0,0,1,0,0,0,0,0,1,1,0,0,0,0,0,0,1,0,0,306233738,1.41,1,0,0,0
2681,Brian,588.0,,,0,,0.0,0.0,1,1,0,1,0,0,1,1,0,0,0,0,1,1,0,0,1,0,0,0,0,0,0,306973539,0.34,0,0,2,0
2682,Kelly,586.0,,50%,0,,0.0,0.0,1,0,0,0,0,0,0,0,0,0,0,0,0,1,0,0,0,0,0,0,0,0,0,307634114,0.4,1,0,0,0
2683,Margaret,585.0,100%,86%,1,,0.0,0.0,1,0,0,1,0,0,0,0,0,0,0,0,0,1,0,0,0,0,0,0,0,0,1,307904282,3.25,1,0,0,0
2684,Evan,582.0,,,0,,0.0,0.0,1,0,0,1,0,0,0,0,0,0,0,0,0,1,0,0,0,0,0,0,0,0,0,308536275,0.09,1,0,0,0
2685,Nung,580.0,100%,100%,0,,1.0,1.0,1,1,0,1,0,0,1,0,0,0,0,0,1,1,0,0,0,0,0,0,0,0,1,309073309,0.4,1,0,0,0
2686,Maxine,577.0,100%,100%,1,,1.0,1.0,1,1,0,1,0,0,1,0,0,0,0,0,1,1,0,0,0,0,0,0,0,0,1,309820040,1.38,1,0,0,0
2687,Just Like Home,576.0,100%,100%,1,Bellevue,0.0,0.0,1,1,0,1,0,0,1,1,0,0,0,0,1,1,0,0,1,0,0,0,0,0,1,310031523,1.1099999999999999,2,0,0,0
2688,Connor,575.0,100%,100%,0,Urbandale Nations,0.0,0.0,1,1,0,1,0,0,1,0,0,0,0,0,1,1,0,0,0,0,0,0,0,0,1,310316963,0.0,0,0,1,0
2689,Christi & Brad,575.0,100%,100%,1,,1.0,1.0,1,1,0,1,0,0,1,0,0,0,0,0,1,1,0,0,0,0,0,0,0,0,1,310337637,2.96,1,0,0,0
2690,Vien,573.0,100%,99%,1,,1.0,1.0,1,0,0,1,0,0,0,0,0,0,0,0,0,1,0,0,0,0,0,0,0,0,1,310582368,8.62,1,0,0,0
2691,Curry,571.0,100%,100%,1,,1.0,1.0,1,1,0,1,0,0,1,1,0,0,0,0,1,1,0,0,1,0,0,0,1,0,0,311200497,0.56,1,0,0,0
2692,Holly,570.0,,,0,,5.0,5.0,1,1,0,1,0,0,1,1,0,0,0,0,1,1,0,0,1,0,0,0,0,0,0,311509100,5.24,2,0,0,0
2693,Milad,569.0,100%,100%,0,East Nashville,0.0,0.0,1,0,0,1,0,0,0,0,0,0,0,0,0,1,0,0,0,0,0,0,0,0,1,311578693,2.0,1,0,0,0
2694,Nash,565.0,100%,99%,0,North Capitol,17.0,17.0,1,1,0,1,0,0,1,1,0,0,0,0,1,1,0,0,1,0,0,0,0,0,1,312585112,17.709999999999997,18,0,0,0
2695,Dan & Bethany,563.0,100%,95%,1,,0.0,0.0,1,0,0,1,0,0,0,0,0,0,0,0,0,1,0,0,0,0,1,0,0,0,1,313233789,3.46,0,0,1,0
2696,Nashville,562.0,100%,100%,0,,1.0,1.0,1,1,0,1,0,0,1,0,0,0,0,0,1,1,0,0,1,0,0,0,0,0,1,313378567,1.29,1,0,0,0
2697,Sarah,562.0,100%,86%,1,,0.0,0.0,1,1,0,1,0,0,1,0,0,0,0,0,1,1,0,0,0,0,0,0,0,0,1,313456702,3.27,1,0,0,0
2698,Shahrazad ( Sherry),558.0,,,0,,2.0,2.0,1,1,0,1,0,0,1,0,0,0,0,0,1,1,0,0,0,0,0,0,0,0,0,314529631,0.28,0,0,2,0
2699,Valinda,555.0,100%,97%,1,,0.0,0.0,1,0,0,1,0,0,0,0,0,0,0,0,0,1,0,0,0,0,0,0,0,0,1,315350843,1.37,1,0,0,0
2700,Bella,552.0,100%,100%,1,,0.0,0.0,1,0,0,1,0,0,0,0,0,0,0,0,0,1,0,0,0,0,0,0,0,0,1,316140345,0.83,1,0,0,0
2701,Chris,552.0,100%,96%,1,,1.0,1.0,1,1,0,1,0,0,1,1,0,0,0,0,1,1,0,0,1,0,0,0,0,0,1,316148894,0.92,1,0,0,0
2702,Alisa And Melita,551.0,100%,92%,1,East Nashville,1.0,1.0,1,1,0,1,0,0,1,1,0,0,0,0,1,1,0,0,1,0,0,0,0,0,1,316552477,3.12,1,0,0,0
2703,Kelli,550.0,100%,92%,1,,1.0,1.0,1,1,0,1,0,0,1,0,0,0,0,0,1,1,0,0,0,0,0,0,0,0,1,316936457,2.27,1,0,0,0
2704,Rick And Tyra,549.0,100%,100%,1,Edgehill,0.0,0.0,1,0,0,1,0,0,0,0,0,0,0,0,0,1,0,0,0,0,0,0,0,0,1,317224919,0.79,1,0,0,0
2705,David,548.0,,100%,0,,1.0,1.0,0,0,0,1,0,0,0,0,0,0,0,0,0,1,0,0,0,0,0,0,0,0,0,317491431,0.0,1,0,0,0
2706,TJ & Lindsay,546.0,,92%,1,,0.0,0.0,1,1,0,1,0,0,1,1,0,0,0,0,1,1,0,0,1,0,0,0,0,0,0,318012943,1.51,1,0,0,0
2707,Shelley,539.0,100%,100%,0,Whites Creek,0.0,0.0,1,0,0,1,0,0,0,0,0,0,0,0,0,1,0,0,0,0,0,0,1,0,0,320442243,0.27,1,0,0,0
2708,Curtis,537.0,100%,94%,1,Downtown,0.0,0.0,1,1,0,0,0,0,1,1,0,0,0,0,1,1,0,0,1,0,0,0,0,0,1,320984994,4.54,2,0,0,0
2709,Tim And Leah,536.0,,100%,0,,0.0,0.0,1,0,0,1,0,0,0,0,0,0,0,0,0,1,0,0,0,0,0,0,0,0,0,321191659,0.4,1,0,0,0
2710,Keisha,535.0,90%,93%,0,Antioch,0.0,0.0,1,0,0,0,0,0,0,0,0,0,0,0,0,1,0,0,0,0,0,0,1,0,0,321680861,1.02,1,0,0,0
2711,Mokhtar,526.0,100%,80%,0,,0.0,0.0,1,0,0,0,0,0,0,0,0,0,0,0,0,1,0,0,0,0,0,0,1,0,0,324538399,0.21,1,0,0,0
2712,Kelley,523.0,,63%,1,,0.0,0.0,1,0,0,1,0,0,0,0,0,0,0,0,0,1,0,0,0,0,0,0,0,0,0,325661225,1.2,0,0,1,0
2713,Hinge Realty Hosts,520.0,94%,99%,1,East Nashville,0.0,0.0,1,1,0,1,0,0,1,0,0,0,0,0,1,1,0,0,0,0,0,0,0,0,1,326468181,3.12,1,0,0,0
2714,Steve And Melita,517.0,100%,98%,0,West End Park,3.0,3.0,1,1,0,1,0,0,1,1,0,0,0,0,1,1,0,0,1,0,0,0,0,0,1,327349160,1.07,3,0,0,0
2715,Nashville,515.0,0%,100%,0,Talbot's Corner,1.0,1.0,1,0,0,0,0,0,0,0,0,0,0,0,0,1,0,0,0,0,0,1,0,0,0,328238371,0.0,1,0,0,0
2716,Feruza,514.0,100%,100%,0,,1.0,1.0,1,0,0,0,0,0,0,0,0,0,0,0,0,1,0,0,0,0,0,0,0,1,0,328590290,0.4,1,0,0,0
2717,Abode (Nashville),514.0,100%,96%,0,Fisk/Meharry,4.0,4.0,1,1,0,0,0,0,1,0,0,0,0,0,1,1,0,0,0,0,1,0,0,0,1,328603084,4.74,4,0,0,0
2718,Kevin & Kim,512.0,100%,94%,1,,0.0,0.0,1,0,0,1,0,0,0,0,0,0,0,0,0,1,0,0,0,0,0,0,0,0,1,329070094,2.4,1,0,0,0
2719,Rob,512.0,100%,88%,1,,1.0,1.0,1,1,0,1,0,0,1,1,0,0,0,0,1,1,0,0,1,0,0,0,0,0,1,329117577,2.22,1,0,0,0
2720,Kengela,508.0,,75%,0,,0.0,0.0,1,0,0,0,0,0,0,0,0,0,0,0,0,1,0,0,0,0,0,0,0,0,0,330257249,0.16,1,0,0,0
2721,Sylvie & Philippe,507.0,100%,95%,1,Historic Waverly,1.0,1.0,1,0,0,1,0,0,1,0,0,0,0,0,1,1,0,0,0,0,0,0,0,0,1,330393727,0.84,1,0,0,0
2722,Cat,507.0,100%,100%,1,Charlotte Park,6.0,6.0,1,0,0,1,0,0,0,0,0,0,0,0,0,1,0,0,0,0,0,0,0,0,1,330413872,1.65,3,0,0,0
2723,Jina,505.0,100%,91%,0,,1.0,1.0,1,0,0,1,0,0,1,0,0,0,0,0,1,1,0,0,0,0,0,0,0,0,1,331040747,0.27,1,0,0,0
2724,David,504.0,100%,100%,0,,0.0,0.0,1,1,0,1,0,0,1,0,0,0,0,0,1,1,0,0,0,0,0,0,0,0,1,331164683,0.36,1,0,0,0
2725,Samira,502.0,,94%,0,Downtown,0.0,0.0,1,0,0,0,0,0,0,0,0,0,0,0,0,1,0,0,0,0,0,0,0,0,0,331836995,0.0,1,0,0,0
2726,James,500.0,100%,100%,0,Hope Gardens,0.0,0.0,1,1,0,1,0,0,1,1,0,0,0,0,1,1,0,0,1,0,0,0,0,0,1,332259416,3.52,1,0,0,0
2727,Steven,500.0,100%,97%,1,Germantown,0.0,0.0,1,0,0,1,0,0,0,0,0,0,0,0,0,1,0,0,0,0,0,0,0,0,1,332365347,5.14,1,0,0,0
2728,Kathy,500.0,100%,100%,0,East Nashville,0.0,0.0,1,0,0,1,0,0,0,0,0,0,0,0,0,1,0,0,0,0,0,0,0,0,1,332365453,0.68,1,0,0,0
2729,Stephen,497.0,100%,93%,1,Historic Waverly,0.0,0.0,1,1,0,0,0,0,1,0,0,0,0,0,1,1,0,0,0,0,0,0,0,0,1,333279015,2.03,1,0,0,0
2730,Caitlin,495.0,100%,100%,1,Rosebank,0.0,0.0,1,1,0,0,0,0,1,1,0,0,0,0,1,1,0,0,1,0,0,0,0,0,1,333771053,3.67,1,0,0,0
2731,Chase,495.0,100%,98%,1,North Nashville,0.0,0.0,1,0,0,0,0,0,0,0,0,0,0,0,0,1,0,0,0,0,0,0,0,0,1,333774376,1.29,1,0,0,0
2732,Roni Z,493.0,100%,100%,1,Downtown,1.0,1.0,1,0,0,1,0,0,0,0,0,0,0,0,0,1,0,0,0,0,0,0,0,0,1,334307898,7.58,1,0,0,0
2733,Allen,487.0,100%,97%,0,Downtown,0.0,0.0,1,0,0,1,0,0,0,0,0,0,0,0,0,1,0,0,0,0,0,0,0,0,1,335977682,2.71,1,0,0,0
2734,Lee,486.0,100%,100%,0,Watkins Park,1.0,1.0,1,0,0,1,0,0,0,0,0,0,0,0,0,1,0,0,0,0,1,0,0,0,1,336023113,1.24,1,0,0,0
2735,Laura,486.0,100%,100%,0,Downtown,0.0,0.0,1,0,0,1,0,0,1,0,0,0,0,0,1,1,0,0,0,0,0,0,0,0,1,336197982,4.52,1,0,0,0
2736,Waltavis,486.0,,,0,Antioch,0.0,0.0,1,1,0,1,0,0,1,1,0,0,0,0,1,1,0,0,1,0,0,0,0,0,0,336204052,0.0,0,0,1,0
2737,Julie,484.0,100%,100%,1,Talbot's Corner,0.0,0.0,1,1,0,1,0,0,1,1,0,0,0,0,1,1,0,0,1,0,0,0,0,0,1,336533320,2.18,1,0,0,0
2738,Michael,483.0,100%,98%,1,South Nashville,0.0,0.0,1,0,0,1,0,0,0,0,0,0,0,0,0,1,0,0,0,0,0,0,0,0,1,336924507,0.86,1,0,0,0
2739,Pete & Steph,482.0,100%,96%,1,East Nashville,0.0,0.0,1,1,0,0,0,0,1,1,0,0,0,0,1,1,0,0,1,0,0,0,0,0,1,337074858,1.75,1,0,0,0
2740,Lora,482.0,100%,100%,0,Green Hills,0.0,0.0,1,0,0,0,0,0,0,0,0,0,0,0,0,1,0,0,0,0,0,0,1,0,0,337334466,0.15,0,0,1,0
2741,Patricia,481.0,100%,92%,1,Edgehill,2.0,2.0,1,1,0,1,0,0,1,0,0,0,0,0,1,1,0,0,0,0,0,0,1,0,0,337482411,0.79,1,0,1,0
2742,Brent,480.0,100%,100%,0,Downtown,4.0,4.0,1,1,0,1,0,0,1,0,0,0,0,0,1,1,0,0,0,0,0,0,0,0,1,337752945,21.82,4,0,0,0
2743,Red Awning,480.0,100%,100%,0,Talbot's Corner,1.0,1.0,1,1,0,1,0,0,0,0,0,0,0,0,0,1,0,0,0,0,0,0,0,0,1,337843824,0.6,1,0,0,0
2744,Ryan,477.0,100%,97%,1,Vauxhall,4.0,4.0,1,1,0,1,0,0,1,0,0,0,0,0,1,1,0,0,0,0,0,0,0,0,1,338406456,9.5,3,0,0,0
2745,HnH BnB,471.0,,,0,Midtown,1.0,1.0,1,1,0,1,0,0,1,1,0,0,0,0,1,1,0,0,1,0,0,0,0,0,0,339591491,0.0,1,0,0,0
2746,Ryan,470.0,100%,100%,0,,2.0,2.0,1,1,0,1,0,0,1,0,0,0,0,0,1,1,0,0,0,0,1,0,0,0,1,339665578,3.63,1,0,0,0
2747,Marietta,469.0,90%,100%,0,Bordeaux Area,0.0,0.0,1,1,0,0,0,0,1,0,0,0,0,0,1,1,0,0,0,0,0,0,0,0,1,339837877,3.98,1,0,0,0
2748,Hey Y'All,468.0,100%,89%,1,Urbandale Nations,1.0,1.0,1,0,0,0,0,0,0,0,0,0,0,0,0,1,0,0,0,0,0,0,0,0,1,340077068,1.05,1,0,0,0
2749,Taurian,468.0,,,0,Rosebank,0.0,0.0,1,1,0,1,0,0,0,0,0,0,0,0,0,1,0,0,0,0,0,0,0,0,0,340096411,0.0,1,0,0,0
2750,Haley,462.0,100%,100%,1,Rolling Acres,0.0,0.0,1,1,0,1,0,0,1,0,0,0,0,0,1,1,0,0,1,0,0,0,0,0,1,340988760,2.22,1,0,0,0
2751,Martarious,458.0,33%,100%,0,Antioch,0.0,0.0,1,1,0,0,0,0,1,1,0,0,0,0,1,1,0,0,1,0,0,1,0,0,0,341534470,0.67,1,0,0,0
2752,Chad & Dave,458.0,100%,100%,0,Hillsboro West End,1.0,1.0,1,1,0,0,0,0,1,0,0,0,0,0,1,1,0,0,0,0,0,0,0,0,1,341537540,1.78,1,0,0,0
2753,David,458.0,100%,89%,0,Hillsboro-Belmont,0.0,0.0,1,0,0,0,0,0,1,0,0,0,0,0,1,1,0,0,0,0,0,0,0,0,1,341547444,2.02,3,0,0,0
2754,Andrea & Randy,457.0,100%,100%,1,Trailwood,0.0,0.0,1,0,0,1,0,0,0,0,0,0,0,0,0,1,0,0,0,0,0,0,0,0,1,341617008,3.01,1,0,0,0
2755,Maria,457.0,100%,98%,1,Antioch,1.0,1.0,1,0,0,1,0,0,1,0,0,0,0,0,1,1,0,0,0,0,0,0,0,0,1,341631623,2.8,1,0,0,0
2756,Allie,453.0,4%,68%,0,Downtown,2.0,2.0,1,1,0,1,0,0,1,0,0,0,0,0,1,1,0,0,0,0,0,1,0,0,0,341928214,0.88,3,0,0,0
2757,Myron,446.0,100%,98%,1,Watkins Park,0.0,0.0,1,0,0,1,0,0,0,0,0,0,0,0,0,1,0,0,0,0,1,0,0,0,1,342462320,2.74,1,0,0,0
2758,Vacasa,444.0,,,0,Talbot's Corner,0.0,0.0,1,0,0,1,0,0,0,0,0,0,0,0,0,0,0,0,0,0,0,0,0,0,0,342631865,4.03,7,0,0,0
2759,Jordan And Leanne,443.0,100%,100%,0,Charlotte Park,0.0,0.0,1,0,0,1,0,0,0,0,0,0,0,0,0,1,0,0,0,0,0,0,0,0,1,342679508,1.34,1,0,0,0
2760,Lexie,442.0,83%,100%,0,Downtown,1.0,1.0,1,1,0,1,0,0,1,1,0,0,0,0,1,1,0,0,1,0,0,0,0,0,1,342757444,0.0,1,0,0,0
2761,Crystal,427.0,0%,100%,0,Downtown,0.0,0.0,1,1,0,0,0,0,1,1,0,0,0,0,1,1,0,0,1,0,0,1,0,0,0,343772221,0.0,1,0,0,0
2762,Sonia,415.0,100%,100%,1,East Nashville,0.0,0.0,1,1,0,0,0,0,1,0,0,0,0,0,1,1,0,0,0,0,0,0,0,0,1,344647926,4.83,3,0,0,0
2763,Hristina,413.0,100%,97%,0,Tsim Sha Tsui,64.0,64.0,1,1,0,1,0,0,1,1,0,0,0,0,1,1,0,0,1,0,0,0,0,0,1,344804377,0.0,0,0,2,0
2764,Gary,409.0,,100%,0,La Valencia Beach Resort,0.0,0.0,1,0,0,0,0,0,0,0,0,0,0,0,0,1,0,0,0,0,0,0,0,0,0,345132429,0.0,1,0,0,0
2765,Akila,400.0,67%,80%,0,South Nashville,0.0,0.0,1,1,0,1,0,0,1,1,0,0,0,0,1,1,0,0,1,0,0,0,0,0,1,345881898,0.85,1,0,0,0
2766,Deanna,400.0,,100%,0,,0.0,0.0,1,1,0,1,0,0,1,1,0,0,0,0,1,1,0,0,1,0,0,0,0,0,0,345896456,0.0,1,0,0,0
2767,Shelly,399.0,100%,100%,0,Edgehill,0.0,0.0,1,0,0,1,0,0,0,0,0,0,0,0,0,1,0,0,0,0,0,0,0,0,1,345987763,0.0,1,0,0,0
2768,David,396.0,86%,88%,0,North Nashville,0.0,0.0,1,0,0,0,0,0,0,0,0,0,0,0,0,1,0,0,0,0,0,0,1,0,0,346319561,0.98,3,0,0,0
2769,Matt,393.0,,,0,Melrose,0.0,0.0,1,0,0,0,0,0,0,0,0,0,0,0,0,1,0,0,0,0,0,0,0,0,0,346589382,0.0,1,0,0,0
2770,Guillermina,387.0,,,0,,4.0,4.0,1,1,0,1,0,0,1,0,0,0,0,0,1,1,0,0,0,0,0,0,0,0,0,347332619,2.6800000000000006,0,0,2,2
2771,Feruza,386.0,100%,100%,0,,1.0,1.0,1,1,0,0,0,0,1,1,0,0,0,0,1,1,0,0,1,0,0,0,0,1,0,347478760,0.0,1,0,0,0
2772,LeGenna,385.0,100%,100%,0,Talbot's Corner,0.0,0.0,1,1,0,1,0,0,1,0,0,0,0,0,1,1,0,0,1,0,0,0,0,0,1,347580296,0.66,1,0,0,0
2773,Angela,383.0,100%,100%,1,Urbandale Nations,0.0,0.0,1,1,0,1,0,0,1,0,0,0,0,0,1,1,0,0,0,0,0,0,0,0,1,347778782,3.4,1,0,0,0
2774,Mint House Midtown,383.0,100%,99%,0,Midtown,3.0,3.0,1,1,0,1,0,0,0,0,0,0,0,0,0,1,0,0,0,0,0,0,0,0,1,347789186,5.87,3,0,0,0
2775,Nancy,381.0,100%,100%,0,,0.0,0.0,1,1,0,1,0,0,1,1,0,0,0,0,1,1,0,0,1,0,0,0,0,0,1,347996463,0.61,1,0,0,0
2776,Anthony,374.0,100%,87%,1,Edgehill,1.0,1.0,1,1,0,1,0,0,1,1,0,0,0,0,1,1,0,0,1,0,0,0,0,0,1,348817916,2.75,1,0,0,0
2777,Anthony,374.0,100%,100%,1,Edgehill,1.0,1.0,1,1,0,0,0,0,1,1,0,0,0,0,1,1,0,0,1,0,0,0,1,0,0,348824394,2.41,1,0,0,0
2778,Amy,374.0,97%,91%,1,,0.0,0.0,1,1,0,1,0,0,1,1,0,0,0,0,1,1,0,0,1,0,0,0,1,0,0,348830148,2.5,1,0,0,0
2779,Emily,372.0,100%,100%,0,Downtown,1.0,1.0,1,1,0,1,0,0,0,0,0,0,0,0,0,1,0,0,0,0,0,0,0,0,1,349100665,0.0,1,0,0,0
2780,Mint House Hillsboro Village,371.0,100%,100%,0,,3.0,3.0,1,1,0,1,0,0,0,0,0,0,0,0,0,1,0,0,0,0,0,0,0,0,1,349191206,2.24,3,0,0,0
2781,Mint House At The Reserve,371.0,96%,99%,1,,6.0,6.0,1,1,0,1,0,0,0,0,0,0,0,0,0,1,0,0,0,0,0,0,0,0,1,349191645,3.69,3,0,0,0
2782,Mint House Village Row,371.0,100%,94%,1,,4.0,4.0,1,1,0,1,0,0,0,0,0,0,0,0,0,1,0,0,0,0,0,0,0,0,1,349192161,1.7399999999999998,4,0,0,0
2783,Anna,371.0,100%,96%,1,McKissack Park,0.0,0.0,1,0,0,1,0,0,0,0,0,0,0,0,0,1,0,0,0,0,0,0,0,0,1,349204300,3.14,1,0,0,0
2784,Travers,370.0,100%,99%,1,East Nashville,0.0,0.0,1,1,0,1,0,0,1,0,0,0,0,0,1,1,0,0,0,0,0,0,0,0,1,349315817,7.779999999999999,4,0,0,0
2785,Alexa,370.0,,95%,1,Greenwood,0.0,0.0,1,0,0,1,0,0,0,0,0,0,0,0,0,1,0,0,0,0,0,0,0,0,0,349343690,2.83,1,0,0,0
2786,Nadz,370.0,79%,23%,0,East Nashville,0.0,0.0,1,1,0,1,0,0,1,0,0,0,0,0,1,1,0,0,0,0,0,0,0,1,0,349358402,0.0,1,0,0,0
2787,C&T,369.0,97%,99%,0,Midtown,13.0,13.0,1,1,0,1,0,0,1,1,0,0,0,0,1,1,0,0,1,0,0,0,0,0,1,349549244,55.47,12,0,0,0
2788,Nurmat,368.0,,,0,Haywood Acres,0.0,0.0,1,0,0,0,0,0,0,0,0,0,0,0,0,1,0,0,0,0,0,0,0,0,0,349623190,0.0,1,0,0,0
2789,Shelley,368.0,,100%,0,Eastwood,4.0,4.0,1,1,0,1,0,0,1,1,0,0,0,0,1,1,0,0,1,0,0,0,0,0,0,349668752,0.0,1,0,0,0
2790,Luke,368.0,100%,97%,1,Watkins Park,1.0,1.0,1,1,0,1,0,0,1,0,0,0,0,0,1,1,0,0,0,0,0,0,0,0,1,349684407,1.7,2,0,0,0
2791,Bethany,367.0,100%,92%,0,Madison,0.0,0.0,1,1,0,1,0,0,1,0,0,0,0,0,1,1,0,0,0,0,0,0,1,0,0,349804505,0.91,1,0,0,0
2792,Gowri,367.0,100%,,0,Porter Heights,0.0,0.0,1,1,0,1,0,0,1,0,0,0,0,0,1,1,0,0,0,0,0,0,1,0,0,349818867,0.0,0,0,1,0
2793,Jd,367.0,67%,38%,0,Cannonborough Elliotborough,172.0,172.0,1,1,0,1,0,0,1,0,0,0,0,0,1,1,0,0,0,0,0,0,0,1,0,349823908,0.24,1,0,0,0
2794,AmCorp,364.0,67%,100%,0,West End Park,0.0,0.0,1,0,0,1,0,0,0,0,0,0,0,0,0,1,0,0,0,0,0,0,0,0,1,350167664,0.86,1,0,0,0
2795,Suzanne,362.0,,100%,0,South Nashville,0.0,0.0,1,0,0,1,0,0,0,0,0,0,0,0,0,1,0,0,0,0,0,0,0,0,0,350603338,0.42,1,0,0,0
2796,Azima,355.0,0%,0%,0,Downtown,0.0,0.0,1,0,0,0,0,0,0,0,0,0,0,0,0,1,0,0,0,0,0,1,0,0,0,351692467,0.0,1,0,0,0
2797,Lois,354.0,100%,94%,0,Talbot's Corner,0.0,0.0,1,0,0,1,0,0,0,0,0,0,0,0,0,1,0,0,0,0,0,0,0,0,1,351839157,1.72,1,0,0,0
2798,Ledra,354.0,91%,88%,0,South Nashville,0.0,0.0,1,1,0,1,0,0,1,0,0,0,0,0,1,1,0,0,1,0,0,0,0,1,0,351895501,0.6,1,0,0,0
2799,Jane,352.0,100%,100%,1,McKissack Park,0.0,0.0,1,0,0,1,0,0,0,0,0,0,0,0,0,1,0,0,0,0,0,0,0,0,1,352192409,0.97,1,0,0,0
2800,BentoLiving Chestnut Hill,342.0,99%,99%,0,Chestnut Hill,4.0,4.0,1,1,0,1,0,0,1,1,0,0,0,0,1,1,0,0,1,0,0,0,0,0,1,354381278,27.930000000000003,1,0,5,0
2801,Alex,341.0,90%,93%,0,Smith Bay,37.0,37.0,1,1,0,0,0,0,1,1,0,0,0,0,1,1,0,0,1,0,0,0,0,0,1,354880355,0.0,2,0,0,0
2802,Mike,339.0,100%,100%,0,Clearwater Beach,53.0,53.0,1,1,0,1,0,0,1,1,0,0,0,0,1,1,0,0,1,0,0,0,0,0,1,355450429,1.0,3,0,0,0
2803,Allure,333.0,99%,99%,1,Edgehill,0.0,0.0,1,1,0,1,0,0,1,1,0,0,0,0,1,1,0,0,1,0,1,0,0,0,1,356744473,5.930000000000001,7,0,0,0
2804,Philip,333.0,100%,98%,1,Sylvan Park,0.0,0.0,1,0,0,0,0,0,0,0,0,0,0,0,0,1,0,0,0,0,0,0,0,0,1,356788126,7.54,1,0,0,0
2805,The French,332.0,100%,100%,0,Downtown,5.0,5.0,1,1,0,1,0,0,1,0,0,0,0,0,1,1,0,0,0,0,0,0,0,0,1,356926880,1.65,3,0,0,0
2806,Airbnb,327.0,100%,79%,0,Northwest Nashville,2.0,2.0,1,1,0,1,0,0,1,0,0,0,0,0,1,1,0,0,1,0,0,0,0,0,1,357897419,0.57,1,0,0,0
2807,Kia,320.0,100%,88%,0,North Garrett Road,643.0,643.0,1,1,0,1,0,0,0,0,0,0,0,0,0,1,0,0,0,0,0,0,0,0,1,359230893,0.0,23,0,0,0
2808,Melissa,320.0,100%,100%,0,Urbandale Nations,1.0,1.0,1,1,0,1,0,0,1,0,0,0,0,0,1,1,0,0,0,0,0,0,0,0,1,359235494,1.76,1,0,0,0
2809,Cathy,318.0,100%,100%,1,Edgehill,0.0,0.0,1,0,0,1,0,0,0,0,0,0,0,0,0,1,0,0,0,0,0,0,0,0,1,359727542,1.99,1,0,0,0
2810,Jennifer,316.0,100%,100%,1,Downtown,0.0,0.0,1,1,0,1,0,0,1,1,0,0,0,0,1,1,0,0,1,0,0,0,0,0,1,360080510,4.35,2,0,0,0
2811,Moses,309.0,0%,33%,0,Donelson Hills,2.0,2.0,1,1,0,0,0,0,1,1,0,0,0,0,1,1,0,0,1,0,0,1,0,0,0,361272859,0.0,1,0,0,0
2812,Powered By Jurny,306.0,100%,100%,1,Midtown,17.0,17.0,1,1,0,1,0,0,1,1,0,0,0,0,1,1,0,0,1,0,0,0,0,0,1,361988565,36.22,18,0,0,0
2813,Carey,301.0,100%,100%,1,Edgehill,2.0,2.0,1,0,0,1,0,0,0,0,0,0,0,0,0,1,0,0,0,0,0,0,0,0,1,362998947,2.73,1,0,0,0
2814,Adam,298.0,100%,100%,1,Downtown,1.0,1.0,1,1,0,1,0,0,1,0,0,0,0,0,1,1,0,0,0,0,0,0,0,0,1,363524491,3.48,1,0,0,0
2815,Chase,297.0,100%,100%,1,Hadley/Washington,0.0,0.0,1,0,0,1,0,0,0,0,0,0,0,0,0,1,0,0,0,0,0,0,0,0,1,363650796,3.16,1,0,0,0
2816,Stephanie,291.0,100%,100%,0,East Nashville,0.0,0.0,1,0,0,1,0,0,0,0,0,0,0,0,0,1,0,0,0,0,1,0,0,0,1,364751706,2.52,1,0,0,0
2817,Tarek,291.0,100%,100%,0,Downtown,1.0,1.0,1,1,0,0,0,0,1,1,0,0,0,0,1,1,0,0,1,0,0,0,0,0,1,364757281,3.41,1,0,0,0
2818,C.J.,289.0,100%,67%,0,,1.0,1.0,1,0,0,0,0,0,0,0,0,0,0,0,0,1,0,0,0,0,0,0,0,1,0,364980247,0.0,1,0,0,0
2819,Brenda,286.0,,,0,Talbot's Corner,0.0,0.0,1,0,0,1,0,0,0,0,0,0,0,0,0,1,0,0,0,0,0,0,0,0,0,365432542,0.0,1,0,0,0
2820,Music City Vibe II,286.0,,94%,0,North Capitol,5.0,5.0,1,0,0,0,0,0,0,0,0,0,0,0,0,1,0,0,0,0,0,0,0,0,0,365452664,4.75,5,0,0,0
2821,John,280.0,100%,96%,1,Downtown,0.0,0.0,1,0,0,1,0,0,0,0,0,0,0,0,0,1,0,0,0,0,0,0,0,0,1,366455755,3.61,1,0,0,0
2822,McKenzie,273.0,100%,100%,0,Hope Gardens,10.0,10.0,1,0,0,1,0,0,0,0,0,0,0,0,0,1,0,0,0,0,1,0,0,0,1,367489105,11.25,10,0,0,0
2823,Kris,271.0,100%,100%,1,Melrose,0.0,0.0,1,0,0,1,0,0,0,0,0,0,0,0,0,1,0,0,0,0,0,0,0,0,1,367836686,2.45,1,0,0,0
2824,Cashmere,270.0,100%,99%,0,Downtown,1.0,1.0,1,1,0,0,0,0,1,1,0,0,0,0,1,1,0,0,1,0,0,0,0,1,0,368064819,1.69,1,0,0,0
2825,Cassie,268.0,40%,100%,0,Madison,0.0,0.0,1,0,0,1,0,0,0,0,0,0,0,0,0,1,0,0,0,0,0,1,0,0,0,368209854,0.0,0,0,1,0
2826,Kendall,266.0,92%,89%,0,Downtown,0.0,0.0,1,0,0,1,0,0,0,0,0,0,0,0,0,1,0,0,0,0,0,0,1,0,0,368621616,1.13,1,0,0,0
2827,Kia,264.0,100%,100%,0,Cherry Creek,1813.0,1813.0,1,1,0,0,0,0,0,0,0,0,0,0,0,1,0,0,0,0,0,0,0,0,1,368944610,0.0,181,0,0,0
2828,Jon,263.0,0%,38%,0,Downtown,0.0,0.0,1,1,0,0,0,0,1,1,1,0,0,0,1,1,0,0,1,0,0,1,0,0,0,369063987,0.0,1,0,0,0
2829,Brandon,260.0,100%,98%,1,Downtown,0.0,0.0,1,0,0,0,0,0,0,0,0,0,0,0,0,1,0,0,0,0,0,0,0,0,1,369601194,5.64,1,0,0,0
2830,Grady,259.0,100%,100%,0,Chestnut Hill,0.0,0.0,1,0,0,0,0,0,0,0,0,0,0,0,0,1,0,0,0,0,0,0,0,0,1,369692637,1.8,1,0,0,0
2831,Jaclyn,258.0,0%,6%,0,Urbandale Nations,0.0,0.0,1,1,0,1,0,0,1,0,0,0,0,0,1,1,0,0,0,0,0,1,0,0,0,369852271,0.0,1,0,0,0
2832,Leron,258.0,90%,82%,0,Edgehill,0.0,0.0,1,1,0,1,0,0,1,1,0,0,0,0,1,1,0,0,1,0,0,0,0,1,0,369882254,1.06,1,0,0,0
2833,Andrew,256.0,80%,100%,0,Downtown,1.0,1.0,1,1,0,0,0,0,1,1,0,0,0,0,1,1,0,0,1,0,0,0,0,0,1,370169545,0.0,1,0,0,0
2834,David,251.0,100%,100%,1,Music Row,0.0,0.0,1,1,0,1,0,0,1,1,0,0,0,0,1,1,0,0,1,0,0,0,0,0,1,370932420,144.89000000000001,27,0,0,0
2835,Rosalie,249.0,100%,100%,1,Curreywood Acres,0.0,0.0,1,0,0,1,0,0,0,0,0,0,0,0,0,1,0,0,0,0,0,0,0,0,1,371160772,16.19,0,0,1,0
2836,Tiffaney,248.0,,80%,0,Kendall Park,0.0,0.0,1,0,0,0,0,0,0,0,0,0,0,0,0,1,0,0,0,0,0,0,0,0,0,371272123,0.84,0,0,1,0
2837,Matthew,246.0,100%,100%,1,Urbandale Nations,0.0,0.0,1,0,0,1,0,0,0,0,0,0,0,0,0,1,0,0,0,0,0,0,0,0,1,371533184,2.79,1,0,0,0
2838,William,246.0,100%,80%,0,Jeffersonville,0.0,0.0,1,0,0,1,0,0,0,0,0,0,0,0,0,1,0,0,0,0,0,0,1,0,0,371566879,0.0,1,0,0,0
2839,Melissa,244.0,0%,100%,0,Cloverland Acres,0.0,0.0,1,0,0,1,0,0,0,0,0,0,0,0,0,1,0,0,0,0,0,1,0,0,0,371851192,0.0,1,0,0,0
2840,Joy,243.0,82%,34%,1,Ormond Shores,189.0,189.0,1,1,0,1,0,0,1,0,0,0,0,0,1,1,0,0,0,0,0,0,0,0,1,371942068,0.0,1,0,0,0
2841,Music City,241.0,100%,82%,0,Hadley/Washington,0.0,0.0,1,0,0,1,0,0,0,0,0,0,0,0,0,1,0,0,0,0,0,0,0,0,1,372201607,0.49,1,0,0,0
2842,Marie,240.0,100%,100%,0,Downtown,0.0,0.0,1,0,0,1,0,0,0,0,0,0,0,0,0,1,0,0,0,0,0,0,0,0,1,372327128,1.32,1,0,0,0
2843,Melissa,238.0,100%,94%,1,West End Park,0.0,0.0,1,1,0,1,0,0,1,1,0,0,0,0,1,1,0,0,1,0,0,0,0,0,1,372556265,17.830000000000002,14,0,0,0
2844,Charles,237.0,100%,100%,0,Whites Creek,1.0,1.0,1,1,0,1,0,0,1,1,0,0,0,0,1,1,0,0,1,0,0,0,0,0,1,372702569,0.0,1,0,0,0
2845,Desi,231.0,100%,17%,0,Jeffersonville,0.0,0.0,1,1,0,1,0,0,1,1,0,0,0,0,1,1,0,0,1,0,0,0,1,0,0,373307437,0.0,1,0,0,0
2846,Jivaderick,231.0,50%,17%,0,Fisk/Meharry,1.0,1.0,1,0,0,0,0,0,0,0,0,0,0,0,0,1,0,0,0,0,0,0,0,1,0,373350661,0.0,1,0,0,0
2847,Jenny,231.0,82%,100%,0,Talbot's Corner,0.0,0.0,1,1,0,1,0,0,1,0,0,0,0,0,1,1,0,0,0,0,0,0,0,1,0,373378751,0.43,1,0,0,0
2848,Kourtney,229.0,99%,29%,0,Starr Pass,0.0,0.0,1,1,0,1,0,0,1,0,0,0,0,0,1,1,0,0,0,0,0,0,1,0,0,373638863,0.71,2,0,1,0
2849,Kia,222.0,,,0,Midtown,0.0,0.0,1,1,0,1,0,0,0,1,0,0,0,0,0,1,0,0,0,0,0,0,0,0,0,374478209,0.0,1,0,0,0
2850,Jonathan,221.0,100%,100%,0,Stacy Square,0.0,0.0,1,1,0,1,0,0,1,0,0,0,0,0,1,1,0,0,0,0,0,0,1,0,0,374589175,1.0,1,0,0,0
2851,Resort,217.0,90%,100%,0,Pennington Bend,0.0,0.0,1,0,0,1,0,0,0,0,0,0,0,0,0,1,0,0,0,0,0,0,0,0,1,375017775,1.0,3,0,0,0
2852,Joshua,213.0,88%,100%,0,Downtown,0.0,0.0,1,0,0,0,0,0,0,0,0,0,0,0,0,1,0,0,0,0,0,0,1,0,0,375531857,1.0,1,0,0,0
2853,Jamont,212.0,71%,100%,1,Edgehill,0.0,0.0,1,0,0,1,0,0,0,0,0,0,0,0,0,1,0,0,0,0,0,0,0,0,1,375623803,5.87,1,0,0,0
2854,Tony,212.0,100%,83%,0,Chicago Loop,13.0,13.0,1,1,0,1,0,0,1,1,0,0,0,0,1,1,0,0,1,0,0,0,0,0,1,375644856,6.32,3,0,0,0
2855,Serenity,212.0,95%,4%,0,Old Town,2.0,2.0,1,1,0,0,0,0,1,0,0,0,0,0,1,1,0,0,1,0,0,0,1,0,0,375678301,0.0,0,0,5,0
2856,Jaime,208.0,100%,100%,0,Downtown,0.0,0.0,1,0,0,1,0,0,0,0,0,0,0,0,0,1,0,0,0,0,0,0,0,0,1,376178761,0.0,1,0,0,0
2857,Kyle,203.0,88%,50%,0,Waikiki,67.0,67.0,1,1,0,0,0,0,1,1,0,0,0,0,1,1,0,0,1,0,0,0,1,0,0,376758708,0.0,1,0,0,0
2858,Jd,202.0,67%,100%,0,North Capitol,0.0,0.0,1,1,0,1,0,0,1,0,1,0,0,0,1,1,0,0,0,0,0,0,0,0,1,376867561,1.0,1,0,0,0
2859,Amy,202.0,100%,100%,0,Downtown,0.0,0.0,1,0,0,1,0,0,0,0,0,0,0,0,0,1,0,0,0,0,0,0,0,0,1,376912806,3.51,1,0,0,0
2860,Shaun,200.0,100%,83%,0,Downtown,0.0,0.0,1,1,0,1,0,0,1,1,0,0,0,0,1,1,0,0,1,0,0,0,0,0,1,377130725,1.27,1,0,0,0
2861,Marcos,199.0,100%,100%,0,Madison,1.0,1.0,1,1,0,0,0,0,1,1,0,0,0,0,1,1,0,0,1,0,0,0,0,0,1,377217739,0.0,1,0,0,0
2862,Carolina Marie,195.0,100%,75%,0,Glencliff,1.0,1.0,1,0,0,0,0,0,0,0,0,0,0,0,0,1,0,0,0,0,0,0,0,0,1,377791150,1.25,0,0,1,0
2863,Chris,195.0,,,0,,2.0,2.0,1,0,0,1,0,0,0,0,0,0,0,0,0,1,0,0,0,0,0,0,0,0,0,377844771,8.08,2,0,0,0
2864,Quianna,190.0,100%,100%,0,Downtown,0.0,0.0,1,0,0,1,0,0,0,0,0,0,0,0,0,1,0,0,0,0,0,0,0,0,1,378497413,5.84,2,0,0,0
2865,Tony,189.0,100%,100%,0,Chestnut Hill,0.0,0.0,1,1,0,1,0,0,1,1,0,0,0,0,1,1,0,0,1,0,0,0,1,0,0,378684953,0.0,1,0,0,0
2866,Scotti,188.0,100%,100%,0,,0.0,0.0,1,1,0,0,0,0,1,0,0,0,0,0,1,1,0,0,0,0,0,0,0,0,1,378827598,1.0,1,0,0,0
2867,Ryan,186.0,100%,100%,1,FANG,0.0,0.0,1,1,0,1,0,0,1,0,0,0,0,0,1,1,0,0,0,0,0,0,0,0,1,379189746,19.0,6,0,0,0
2868,Kasa,185.0,,,0,Orange,0.0,0.0,1,0,0,1,0,0,0,0,0,0,0,0,0,0,0,0,0,0,0,0,0,0,0,379711454,8.85,4,0,0,0
2869,Barbara,184.0,,,0,,1.0,1.0,1,1,0,1,0,0,1,0,1,0,0,0,1,1,0,0,0,0,0,0,0,0,0,379849650,2.81,1,0,0,0
2870,Nurbek,183.0,50%,100%,0,McKissack Park,1.0,1.0,1,1,0,0,0,0,1,1,0,0,0,0,1,1,0,0,1,0,0,0,0,1,0,380023447,0.0,1,0,0,0
2871,Tara,182.0,100%,100%,0,Downtown,0.0,0.0,1,1,0,1,0,0,1,0,0,0,0,0,1,1,0,0,0,0,0,0,0,0,1,380081108,2.83,1,0,0,0
2872,Sidney,182.0,94%,15%,0,Smith Bay,23.0,23.0,1,0,0,1,0,0,0,0,0,0,0,0,0,1,0,0,0,0,0,0,0,1,0,380096545,0.0,3,0,0,0
2873,Hillside,176.0,100%,100%,0,South Nashville,0.0,0.0,1,1,0,1,0,0,1,1,0,0,0,0,1,1,0,0,1,0,0,0,0,0,1,380927421,58.92,0,0,13,0
2874,Shanithia,173.0,,,0,Antioch,0.0,0.0,1,1,0,0,0,0,1,1,0,0,0,0,1,1,0,0,1,0,0,0,0,0,0,381293766,0.0,1,0,0,0
2875,Shannon,170.0,100%,100%,0,West Meade,0.0,0.0,1,0,0,1,0,0,0,0,0,0,0,0,0,1,0,0,0,0,0,0,0,0,1,381684445,0.86,1,0,0,0
2876,Chance,168.0,100%,,0,Hermitage,1.0,1.0,1,1,0,0,0,0,0,1,0,0,0,0,0,1,0,0,0,0,0,0,0,0,1,381945517,0.0,0,0,1,0
2877,Marilyn,166.0,100%,67%,0,11th Ward,6.0,6.0,1,0,0,0,0,0,0,0,0,0,0,0,0,1,0,0,0,0,0,0,0,0,1,382275112,0.0,0,0,1,0
2878,Kevin,166.0,100%,100%,0,North Nashville,1.0,1.0,1,1,0,0,0,0,0,1,0,0,0,0,0,1,0,0,0,0,0,0,0,0,1,382282206,4.0,1,0,0,0
2879,Jordan,160.0,100%,88%,0,Downtown,0.0,0.0,1,0,0,1,0,0,0,0,0,0,0,0,0,1,0,0,0,0,0,0,0,0,1,383153226,5.12,1,0,0,0
2880,Glenda,154.0,,,0,Hermitage,0.0,0.0,1,0,0,0,0,0,0,0,0,0,0,0,0,1,0,0,0,0,0,0,0,0,0,384070052,0.0,0,0,1,0
2881,Stay,152.0,,,0,Edgehill,0.0,0.0,1,1,0,1,0,0,0,1,0,0,0,0,0,1,0,0,0,0,0,0,0,0,0,384392753,0.0,1,0,0,0
2882,Natalya,151.0,100%,100%,0,,1.0,1.0,1,1,0,0,0,0,1,1,0,0,0,0,1,1,0,0,1,0,0,0,0,0,1,384541016,0.0,0,0,1,0
2883,Nhi,150.0,100%,100%,0,Downtown,1.0,1.0,1,0,0,1,0,0,0,0,0,0,0,0,0,1,0,0,0,0,0,0,0,0,1,384621690,0.0,1,0,0,0
2884,The 121,150.0,,,0,Midtown,0.0,0.0,1,1,0,1,0,0,1,1,0,0,0,0,1,1,0,0,1,0,0,0,0,0,0,384680460,0.0,20,0,0,0
2885,Stay,147.0,,,0,McKissack Park,0.0,0.0,1,0,0,1,0,0,0,0,0,0,0,0,0,1,0,0,0,0,0,0,0,0,0,385128431,0.0,1,0,0,0
2886,Stay,147.0,,,0,McKissack Park,0.0,0.0,1,0,0,1,0,0,0,0,0,0,0,0,0,1,0,0,0,0,0,0,0,0,0,385130933,0.0,1,0,0,0
2887,Stay,147.0,100%,100%,0,,0.0,0.0,1,0,0,1,0,0,0,0,0,0,0,0,0,1,0,0,0,0,0,0,0,0,1,385133189,0.0,1,0,0,0
2888,Stay,147.0,,,0,North Nashville,0.0,0.0,1,0,0,1,0,0,0,0,0,0,0,0,0,1,0,0,0,0,0,0,0,0,0,385133331,0.0,1,0,0,0
2889,Stay,147.0,,,0,Salemtown,0.0,0.0,1,0,0,1,0,0,0,0,0,0,0,0,0,1,0,0,0,0,0,0,0,0,0,385134286,0.0,1,0,0,0
2890,Stay,147.0,,,0,McKissack Park,0.0,0.0,1,0,0,1,0,0,0,0,0,0,0,0,0,1,0,0,0,0,0,0,0,0,0,385134537,0.0,1,0,0,0
2891,Stay,147.0,,,0,McKissack Park,0.0,0.0,1,0,0,1,0,0,0,0,0,0,0,0,0,1,0,0,0,0,0,0,0,0,0,385134769,0.0,1,0,0,0
2892,Stay,146.0,,,0,North Nashville,0.0,0.0,1,1,0,1,0,0,0,1,0,0,0,0,0,1,0,0,0,0,0,0,0,0,0,385245282,0.0,1,0,0,0
2893,Stay,146.0,,,0,Talbot's Corner,0.0,0.0,1,0,0,1,0,0,0,0,0,0,0,0,0,1,0,0,0,0,0,0,0,0,0,385245538,0.0,1,0,0,0
2894,Stay,146.0,,,0,Talbot's Corner,0.0,0.0,1,0,0,1,0,0,0,0,0,0,0,0,0,1,0,0,0,0,0,0,0,0,0,385249461,0.0,1,0,0,0
2895,Stay,146.0,,,0,Talbot's Corner,0.0,0.0,1,0,0,1,0,0,0,0,0,0,0,0,0,1,0,0,0,0,0,0,0,0,0,385252051,0.0,1,0,0,0
2896,Stay,146.0,,,0,Talbot's Corner,0.0,0.0,1,0,0,1,0,0,0,0,0,0,0,0,0,1,0,0,0,0,0,0,0,0,0,385252227,0.0,1,0,0,0
2897,Stay,146.0,,,0,Talbot's Corner,0.0,0.0,1,0,0,1,0,0,0,0,0,0,0,0,0,1,0,0,0,0,0,0,0,0,0,385252414,0.0,1,0,0,0
2898,Stay,146.0,100%,,0,Talbot's Corner,0.0,0.0,1,0,0,1,0,0,0,0,0,0,0,0,0,1,0,0,0,0,0,0,0,0,1,385252587,0.0,1,0,0,0
2899,Stay,146.0,,,0,,0.0,0.0,1,1,0,1,0,0,0,1,0,0,0,0,0,1,0,0,0,0,0,0,0,0,0,385252911,0.0,1,0,0,0
2900,Stay,145.0,,,0,McKissack Park,0.0,0.0,1,0,0,1,0,0,0,0,0,0,0,0,0,1,0,0,0,0,0,0,0,0,0,385394618,0.0,1,0,0,0
2901,Stay,145.0,,,0,North Nashville,0.0,0.0,1,0,0,1,0,0,0,0,0,0,0,0,0,1,0,0,0,0,0,0,0,0,0,385395095,0.0,1,0,0,0
2902,Stay,145.0,,,0,North Nashville,0.0,0.0,1,0,0,1,0,0,0,0,0,0,0,0,0,1,0,0,0,0,0,0,0,0,0,385395250,0.0,1,0,0,0
2903,Stay,145.0,,,0,North Nashville,0.0,0.0,1,0,0,1,0,0,0,0,0,0,0,0,0,1,0,0,0,0,0,0,0,0,0,385395377,0.0,1,0,0,0
2904,Stay,145.0,100%,,0,East Nashville,0.0,0.0,1,0,0,1,0,0,0,0,0,0,0,0,0,1,0,0,0,0,0,0,0,0,1,385395880,0.0,1,0,0,0
2905,Stay,144.0,,,0,McKissack Park,0.0,0.0,1,0,0,1,0,0,0,0,0,0,0,0,0,1,0,0,0,0,0,0,0,0,0,385502068,0.0,1,0,0,0
2906,Kevin,138.0,100%,100%,0,Downtown,0.0,0.0,1,1,0,1,0,0,0,0,0,0,0,0,0,1,0,0,0,0,0,0,0,0,1,386311449,0.0,1,0,0,0
2907,Chris,135.0,100%,100%,0,Downtown,0.0,0.0,1,1,0,1,0,0,0,0,0,0,0,0,0,1,0,0,0,0,0,0,0,0,1,386610513,0.0,1,0,0,0
2908,Kaylee,135.0,100%,100%,0,Downtown,0.0,0.0,1,1,0,1,0,0,0,1,0,0,0,0,0,1,0,0,0,0,0,0,0,0,1,386615312,0.0,1,0,0,0
2909,John,133.0,70%,68%,0,Edgehill,1.0,1.0,1,1,0,1,0,0,0,1,0,0,0,0,0,1,0,0,0,0,0,0,1,0,0,386864394,0.0,1,0,0,0
2910,Raj,133.0,100%,100%,0,,0.0,0.0,1,0,0,0,0,0,0,0,0,0,0,0,0,1,0,0,0,0,0,0,0,0,1,386873497,1.0,0,0,1,0
2911,Stay,133.0,100%,100%,0,McKissack Park,0.0,0.0,1,0,0,1,0,0,0,0,0,0,0,0,0,1,0,0,0,0,0,0,0,0,1,386896622,0.0,1,0,0,0
2912,Henry,132.0,100%,,0,Antioch,1.0,1.0,1,1,0,0,0,0,0,0,0,0,0,0,0,1,0,0,0,0,0,0,0,0,1,387026245,0.0,0,0,1,0
2913,Welcome Mat,130.0,100%,100%,0,East Nashville,1.0,1.0,1,1,0,1,0,0,0,1,0,0,0,0,0,1,0,0,0,0,0,0,0,0,1,387263683,0.0,1,0,0,0
2914,Tim And Barb,126.0,100%,89%,0,,0.0,0.0,1,1,0,1,0,0,0,1,0,0,0,0,0,1,0,0,0,0,0,0,0,0,1,387822566,0.0,1,0,0,0
2915,Denise,121.0,,100%,0,Oakhaven,0.0,0.0,1,0,0,0,0,0,0,0,0,0,0,0,0,1,0,0,0,0,0,0,0,0,0,388403962,0.0,1,0,0,0
2916,Robert,120.0,,,0,McKissack Park,0.0,0.0,1,0,0,1,0,0,0,0,0,0,0,0,0,1,0,0,0,0,0,0,0,0,0,388540769,0.0,1,0,0,0
